{
"type": "FeatureCollection",
"name": "lebanon-districts",
"crs": { "type": "name", "properties": { "name": "urn:ogc:def:crs:OGC:1.3:CRS84" } },
"features": [
{ "type": "Feature", "properties": { "adm2_name": "Beirut", "adm2_name1": "بيروت", "adm2_pcode": "LB11", "adm1_name": "Beirut", "adm1_name1": "بيروت", "adm1_pcode": "LB1", "center_lat": 33.88927198, "center_lon": 35.50241919 }, "geometry": { "type": "Polygon", "coordinates": [ [ [ 35.516607078999982, 33.90502329100002 ], [ 35.507841025, 33.902766830000019 ], [ 35.507823077000012, 33.900964890000012 ], [ 35.510713157999987, 33.899672188000011 ], [ 35.510865105999983, 33.901893874 ], [ 35.513062188, 33.902201478999984 ], [ 35.513213891000021, 33.900485534999973 ], [ 35.516281138000011, 33.900257436 ], [ 35.516904151, 33.903202146000012 ], [ 35.519342687, 33.904253163000021 ], [ 35.520150054999988, 33.901330001000019 ], [ 35.523596995999981, 33.903398263999975 ], [ 35.523309120000022, 33.906126453000013 ], [ 35.525791890999983, 33.907786542999986 ], [ 35.526364032, 33.905146183999989 ], [ 35.530254582, 33.906564730000014 ], [ 35.530306844999984, 33.90945304600001 ], [ 35.536817889000019, 33.908810548000019 ], [ 35.537677886999973, 33.907415327000024 ], [ 35.535878438999987, 33.90457256000002 ], [ 35.539433853999981, 33.905727201 ], [ 35.542332652000027, 33.90423615200001 ], [ 35.538603723999984, 33.900965332999988 ], [ 35.534919066999976, 33.893653586000028 ], [ 35.532895402, 33.888263483 ], [ 35.53337716599998, 33.885471516999985 ], [ 35.531690613000023, 33.884015998999985 ], [ 35.53005579, 33.877316919 ], [ 35.523311865999972, 33.877187725 ], [ 35.518910682000012, 33.874816445000022 ], [ 35.516886570999986, 33.870964876000016 ], [ 35.514796932000024, 33.871045102999972 ], [ 35.514785787, 33.869908044 ], [ 35.509326900000019, 33.86715091100001 ], [ 35.510504363999985, 33.862835247000021 ], [ 35.502996102, 33.863134447 ], [ 35.503111532999981, 33.867704628000013 ], [ 35.48063731000002, 33.867396266000014 ], [ 35.481002924, 33.871091626 ], [ 35.478322455000011, 33.882326345000024 ], [ 35.472447381999984, 33.884037416000012 ], [ 35.472375836000026, 33.885969478 ], [ 35.470599994, 33.88604942500001 ], [ 35.471951819000026, 33.887024853000014 ], [ 35.468224658, 33.887348996000014 ], [ 35.47148769, 33.889881425 ], [ 35.470820505, 33.89157738 ], [ 35.466920905, 33.893211466000025 ], [ 35.467475703, 33.895284296999989 ], [ 35.469772767, 33.896226746000025 ], [ 35.46790947, 33.896364918000017 ], [ 35.468544298999973, 33.89870154 ], [ 35.469959954999979, 33.898103054999979 ], [ 35.468430859000023, 33.899940835 ], [ 35.469672231, 33.899458885 ], [ 35.469279584999981, 33.90038353 ], [ 35.472045192999985, 33.900855842 ], [ 35.472929951000026, 33.902253601999973 ], [ 35.481142074, 33.903632996999988 ], [ 35.489513722000027, 33.901673196 ], [ 35.497189487000014, 33.905555397 ], [ 35.49459907, 33.902967709 ], [ 35.496978091000017, 33.90180945100002 ], [ 35.49853226, 33.902716063000014 ], [ 35.498548261999986, 33.904601690999982 ], [ 35.511004070000013, 33.906962319 ], [ 35.512265929000023, 33.904213079999977 ], [ 35.525682619, 33.910195107999982 ], [ 35.53305760500001, 33.915973333000011 ], [ 35.526368303000027, 33.910253167 ], [ 35.516607078999982, 33.90502329100002 ] ] ] } },
{ "type": "Feature", "properties": { "adm2_name": "Baalbek", "adm2_name1": "بعلبك", "adm2_pcode": "LB21", "adm1_name": "Baalbek-El Hermel", "adm1_name1": "بعلبك - الهرمل", "adm1_pcode": "LB8", "center_lat": 34.13138693, "center_lon": 36.28886063 }, "geometry": { "type": "Polygon", "coordinates": [ [ [ 36.495833663999974, 34.449505465000016 ], [ 36.507697442999984, 34.448635361000015 ], [ 36.513620023999977, 34.443908353999973 ], [ 36.50962036300001, 34.441204971 ], [ 36.508743360999972, 34.439139991 ], [ 36.512801142, 34.440700443000026 ], [ 36.512316704999989, 34.439415984999982 ], [ 36.514338224000028, 34.437439184000027 ], [ 36.513000410000018, 34.435908547 ], [ 36.514578555000014, 34.435473123 ], [ 36.515162057, 34.433715398 ], [ 36.517204137000022, 34.436646358000019 ], [ 36.521572054999979, 34.434708089000026 ], [ 36.523962503, 34.426590144999977 ], [ 36.527364227000021, 34.428272258999982 ], [ 36.527254062999987, 34.430894169 ], [ 36.529542943000024, 34.432805239 ], [ 36.533460235, 34.42955983500002 ], [ 36.531758341, 34.424995705000015 ], [ 36.536347477999982, 34.425826724 ], [ 36.541854194999985, 34.421822148999979 ], [ 36.550153159999979, 34.424269759000026 ], [ 36.555533937, 34.417565299999978 ], [ 36.554765135000025, 34.415544468 ], [ 36.559622995999973, 34.404431844999976 ], [ 36.561617454999976, 34.396507342 ], [ 36.550104326999985, 34.385174646 ], [ 36.538606873999981, 34.378174539999975 ], [ 36.537296169, 34.375252408 ], [ 36.529071771000019, 34.370016282999984 ], [ 36.529233756, 34.369082831000014 ], [ 36.538483664000012, 34.35655695600002 ], [ 36.543316122000022, 34.347964284999989 ], [ 36.546142906999989, 34.339655962999984 ], [ 36.551616723999985, 34.333151803000021 ], [ 36.559665446, 34.329145686 ], [ 36.563223000999983, 34.325743994999982 ], [ 36.562915079, 34.323399503000019 ], [ 36.559602999, 34.318931110999984 ], [ 36.559431686999972, 34.315791046000015 ], [ 36.555937486, 34.31092908 ], [ 36.556139117999976, 34.309289594 ], [ 36.566613535999977, 34.303113925 ], [ 36.570530152, 34.302580041999988 ], [ 36.574884858000019, 34.296424412000022 ], [ 36.584787910999978, 34.294500557 ], [ 36.599017548, 34.289345987 ], [ 36.593490669, 34.283676547000027 ], [ 36.57463973900002, 34.274447699 ], [ 36.576712563, 34.274176647 ], [ 36.578360770000018, 34.271672818000013 ], [ 36.578898426000023, 34.265213227 ], [ 36.584858113999985, 34.249369951 ], [ 36.582622275, 34.231785350999985 ], [ 36.589233795999974, 34.222991277 ], [ 36.601808377, 34.220355305999988 ], [ 36.618213403000027, 34.207641641 ], [ 36.62251147, 34.200773793 ], [ 36.622868141000026, 34.195335546000024 ], [ 36.604394345, 34.191817704000016 ], [ 36.60077723500001, 34.185839930999975 ], [ 36.58733135, 34.177167322 ], [ 36.585959906000028, 34.174524588999986 ], [ 36.588523276999979, 34.169100105999973 ], [ 36.584012264000023, 34.165092024999979 ], [ 36.582736551999972, 34.159500539000021 ], [ 36.571791911, 34.156654263 ], [ 36.569026466000025, 34.15211272 ], [ 36.573553538999988, 34.144796841000016 ], [ 36.569050624, 34.14199079399998 ], [ 36.566785704999972, 34.133644049999987 ], [ 36.55387391, 34.129511702 ], [ 36.552284326, 34.131026080000026 ], [ 36.541959790000021, 34.12658117 ], [ 36.540945781, 34.121531061999974 ], [ 36.535084008000013, 34.119944679000014 ], [ 36.525459387000012, 34.114192769999988 ], [ 36.514981358, 34.100119244999973 ], [ 36.510371953, 34.099530222 ], [ 36.507095863000018, 34.090112482999984 ], [ 36.50930164, 34.088308265000023 ], [ 36.515092992, 34.074649545 ], [ 36.509223023, 34.066275557999973 ], [ 36.508419052000022, 34.062976891 ], [ 36.499400992, 34.055966539 ], [ 36.50100857000001, 34.053638218 ], [ 36.50096614, 34.048139038999977 ], [ 36.489084712000022, 34.04908280799998 ], [ 36.481277738000017, 34.038473163999981 ], [ 36.463851762, 34.043889245 ], [ 36.455478047999975, 34.04369951000001 ], [ 36.442946448999976, 34.049577573000022 ], [ 36.425984877000019, 34.054547792 ], [ 36.416871698000023, 34.041722288000017 ], [ 36.410744503999979, 34.045254721 ], [ 36.402118074999976, 34.041494488000012 ], [ 36.406161028999975, 34.027452088000018 ], [ 36.391392489999987, 34.028769108 ], [ 36.385643689, 34.018644876 ], [ 36.383884808, 34.010040817 ], [ 36.376266794, 34.00571398 ], [ 36.370797972, 34.00439606499998 ], [ 36.363231144999986, 33.982458886000018 ], [ 36.355866790999983, 33.978426311000021 ], [ 36.341556002, 33.977489210999977 ], [ 36.317445189000011, 33.959301980000021 ], [ 36.313106487000027, 33.954775402999985 ], [ 36.289251061000016, 33.917155402 ], [ 36.277754572, 33.903532037 ], [ 36.291246371999989, 33.895952890999979 ], [ 36.337042402, 33.874506766000025 ], [ 36.343063653, 33.876053049 ], [ 36.37037142600002, 33.865504892 ], [ 36.390692856999976, 33.854628685000023 ], [ 36.392976878000013, 33.850918428 ], [ 36.394664788999989, 33.834669615 ], [ 36.392607082999973, 33.831202254 ], [ 36.389516521000019, 33.828890409999985 ], [ 36.385799551, 33.828590863999978 ], [ 36.366957926, 33.833582671999977 ], [ 36.34696914, 33.830338101 ], [ 36.325528769000016, 33.836150265000015 ], [ 36.322182381, 33.832312234000028 ], [ 36.308667666000019, 33.834609478 ], [ 36.299967682999977, 33.833626202 ], [ 36.288957451999977, 33.843153957000027 ], [ 36.283116834999987, 33.845078827 ], [ 36.279941991999976, 33.851937437 ], [ 36.258553510000013, 33.855184161000011 ], [ 36.253118116, 33.857497751999972 ], [ 36.251017169000022, 33.856734393000011 ], [ 36.248741517999974, 33.852265164000016 ], [ 36.240018280000015, 33.845564489000026 ], [ 36.238011088, 33.834521793000022 ], [ 36.208964037999976, 33.833867164000026 ], [ 36.205607633, 33.832236599999987 ], [ 36.198772838000025, 33.833992777 ], [ 36.192818903999978, 33.830839504999972 ], [ 36.1825551, 33.831639457 ], [ 36.171242082, 33.833149612999989 ], [ 36.165674347, 33.841185005 ], [ 36.165078774, 33.846977681 ], [ 36.152313715, 33.845678846 ], [ 36.146273151, 33.844516962 ], [ 36.137965543, 33.832982005000019 ], [ 36.124974165000026, 33.834352341999988 ], [ 36.11374796299998, 33.833580342 ], [ 36.117126695000024, 33.827744494 ], [ 36.113156821000018, 33.825871631999973 ], [ 36.113277045000018, 33.822336518999975 ], [ 36.111241555, 33.819581192999976 ], [ 36.107420441999977, 33.819298921999973 ], [ 36.102917752, 33.816375236999988 ], [ 36.087159655999983, 33.813707395 ], [ 36.083668346000024, 33.815489421 ], [ 36.07713492, 33.822236283 ], [ 36.073270488, 33.822553778999975 ], [ 36.070290536000016, 33.821037795 ], [ 36.071280226, 33.823493687 ], [ 36.080291107999983, 33.829035697 ], [ 36.074635595000018, 33.829258325000012 ], [ 36.078990078, 33.832520714999987 ], [ 36.079916823000019, 33.836737219999975 ], [ 36.08336712900001, 33.842031790000021 ], [ 36.08318772299998, 33.845383788 ], [ 36.087865752000027, 33.849658754000018 ], [ 36.08822618, 33.85433717799998 ], [ 36.090409454, 33.854881018000015 ], [ 36.091138340999976, 33.857574456 ], [ 36.100333455, 33.860210536000011 ], [ 36.095612134000021, 33.863305653999987 ], [ 36.096959567999988, 33.865127356000016 ], [ 36.09251266299998, 33.868350033000013 ], [ 36.082998870999972, 33.864205602000027 ], [ 36.07342874, 33.873227293000014 ], [ 36.065497932000028, 33.868075538000028 ], [ 36.060007803000019, 33.869577107 ], [ 36.058024875, 33.866781120999974 ], [ 36.054620098999976, 33.865886499 ], [ 36.052010927000026, 33.866764567000018 ], [ 36.050984254000014, 33.868810911000025 ], [ 36.049618697000028, 33.865874102000021 ], [ 36.043634525000016, 33.870683519000011 ], [ 36.036246158999973, 33.873370911 ], [ 36.03920371800001, 33.877192369999989 ], [ 36.034159627, 33.882543134 ], [ 36.031082476, 33.883870313999978 ], [ 36.029673591, 33.877235064999979 ], [ 36.024852689, 33.880331029999979 ], [ 36.014982984000028, 33.873267065999983 ], [ 36.014292824999984, 33.872400312000025 ], [ 36.016410131999976, 33.871682546999978 ], [ 36.013194124, 33.868408961 ], [ 36.008567742000025, 33.864649658000019 ], [ 36.007043151, 33.8657505 ], [ 35.997050566999974, 33.857610298 ], [ 35.998641685999985, 33.866577667 ], [ 35.995293346999972, 33.866481573999977 ], [ 35.986480476, 33.87953509099998 ], [ 35.983881512999972, 33.879561217 ], [ 35.98028687599998, 33.883090381999978 ], [ 35.98375271499998, 33.888578422000023 ], [ 35.98095510600001, 33.89111417700002 ], [ 35.977849973, 33.897123208999972 ], [ 35.97245523700002, 33.898985068 ], [ 35.970814304999976, 33.905981845999975 ], [ 35.967188283999974, 33.909114583000019 ], [ 35.963789408000025, 33.910579317999975 ], [ 35.96213798399998, 33.909946385000012 ], [ 35.956745078999973, 33.915961665 ], [ 35.949376733, 33.91377380199998 ], [ 35.943541579, 33.909175815000026 ], [ 35.938315741999986, 33.913060772 ], [ 35.933061431999988, 33.914092211000025 ], [ 35.930382216, 33.916863824000018 ], [ 35.928541638000013, 33.916188205000026 ], [ 35.920738943, 33.917603526999983 ], [ 35.914714667, 33.932697096000027 ], [ 35.909113364, 33.934397317 ], [ 35.906816788000015, 33.933244167999987 ], [ 35.885777249, 33.939907409 ], [ 35.878202402, 33.949557616 ], [ 35.901970531000018, 33.966327235 ], [ 35.901642940999977, 33.98368943600002 ], [ 35.906382679999979, 33.992374788 ], [ 35.909581393, 33.99445543500002 ], [ 35.91462938, 34.002210193999986 ], [ 35.922707560999982, 34.008988686 ], [ 35.926100728999984, 34.007118135999974 ], [ 35.925976436999974, 34.008188965999977 ], [ 35.928487252000025, 34.009317872999986 ], [ 35.943167121999977, 34.014090020000026 ], [ 35.950742720999983, 34.02651461 ], [ 35.964617471999986, 34.042569218999972 ], [ 35.968091410999989, 34.038514954 ], [ 35.974585190000028, 34.047739213 ], [ 35.984294546, 34.085950949999983 ], [ 35.994249317000026, 34.088077601 ], [ 35.99616641, 34.087183015 ], [ 36.003049901, 34.087855354999988 ], [ 36.002052944000013, 34.092828610000026 ], [ 36.004308948000016, 34.098099287000025 ], [ 36.005911610999988, 34.110512523000011 ], [ 36.009814714000015, 34.118721228000027 ], [ 36.013668269, 34.122630873 ], [ 36.021286993, 34.141962084999989 ], [ 36.034568084999989, 34.164309354000011 ], [ 36.004166074000011, 34.168328046999989 ], [ 36.019780518, 34.171988543999987 ], [ 36.021792334999986, 34.177165163999973 ], [ 36.035121478, 34.19420024599998 ], [ 36.045972467000013, 34.204792568000016 ], [ 36.052193273, 34.206217321999986 ], [ 36.06202579, 34.212200823999979 ], [ 36.06982351900001, 34.224039319999974 ], [ 36.080977307000012, 34.234109753999974 ], [ 36.087720760000025, 34.245727407 ], [ 36.092160689000025, 34.247339696999973 ], [ 36.106040709000013, 34.262692437 ], [ 36.108939297, 34.268952296 ], [ 36.119957036000017, 34.272335409 ], [ 36.13043993399998, 34.283450878999986 ], [ 36.129772152999976, 34.28466656 ], [ 36.138213699, 34.287255851 ], [ 36.151702795, 34.287850825000021 ], [ 36.157108731, 34.282978604999983 ], [ 36.158363302999987, 34.274725251 ], [ 36.164229582000019, 34.269328895 ], [ 36.174570695999989, 34.265845523 ], [ 36.18099289700001, 34.264700968 ], [ 36.187737073999983, 34.266393267000012 ], [ 36.194183141, 34.264113572999975 ], [ 36.20507722100001, 34.264520748 ], [ 36.208718874999988, 34.263116498999977 ], [ 36.221624283999972, 34.263716198 ], [ 36.227779751000014, 34.262630555999976 ], [ 36.237248207999983, 34.264368250000018 ], [ 36.243376909, 34.263681076000012 ], [ 36.245716502, 34.266065341 ], [ 36.258306127000026, 34.270140764000018 ], [ 36.265339434, 34.270246840000027 ], [ 36.269459562, 34.269804928999974 ], [ 36.275798402000021, 34.264209282000024 ], [ 36.279182131000027, 34.264285366000024 ], [ 36.281360764999988, 34.265895591 ], [ 36.287164363999977, 34.262045157999978 ], [ 36.29725122100001, 34.258996313000011 ], [ 36.296321436000028, 34.260283492999974 ], [ 36.300993714000015, 34.26765229199998 ], [ 36.306667512999979, 34.269747747999986 ], [ 36.305354895999983, 34.270987634 ], [ 36.308373126, 34.272883101 ], [ 36.306932921, 34.280805706000024 ], [ 36.298700774999986, 34.281813898999985 ], [ 36.301611517000026, 34.28279984400001 ], [ 36.305817053, 34.282128578000027 ], [ 36.308119964000014, 34.284023737999973 ], [ 36.307210441999985, 34.285517331999984 ], [ 36.30190307700002, 34.287437341999976 ], [ 36.304952497999977, 34.287551414 ], [ 36.305144676, 34.289118202999987 ], [ 36.313425556000027, 34.287302391000026 ], [ 36.323383757999977, 34.287554323 ], [ 36.318747286000018, 34.284682636000014 ], [ 36.335066225, 34.277816533000021 ], [ 36.338492410000015, 34.274532308 ], [ 36.339353081000013, 34.271713897999973 ], [ 36.34742997799998, 34.266961938 ], [ 36.347823656, 34.269120171999987 ], [ 36.358873860000017, 34.28320133699998 ], [ 36.361358252, 34.288165368000023 ], [ 36.360929893, 34.290490964000014 ], [ 36.362572020000016, 34.29140518600002 ], [ 36.361774858999979, 34.292775233999976 ], [ 36.364198400000021, 34.295728981000025 ], [ 36.363162322999983, 34.297536211000022 ], [ 36.364131101999988, 34.298911146000023 ], [ 36.363034611999979, 34.299692735 ], [ 36.367326106, 34.303900332000012 ], [ 36.367092508999974, 34.315325812000026 ], [ 36.366102259, 34.316959262000012 ], [ 36.367391623, 34.318743414999972 ], [ 36.368223371, 34.325279486999989 ], [ 36.366465109999979, 34.327439742000024 ], [ 36.370014715000025, 34.337159641000028 ], [ 36.369916075999981, 34.340643671 ], [ 36.371484566, 34.341599449 ], [ 36.369977819999974, 34.346662340000023 ], [ 36.372140836000028, 34.348886003000018 ], [ 36.374519385999974, 34.355529846000024 ], [ 36.377357479000011, 34.356380062000028 ], [ 36.390534232999983, 34.355445895 ], [ 36.39331242999998, 34.357444282000017 ], [ 36.398607802000015, 34.358683411000015 ], [ 36.401907802999972, 34.361923139999988 ], [ 36.405927143999975, 34.361940246000017 ], [ 36.416110296, 34.364941935 ], [ 36.42387392400002, 34.37438884300002 ], [ 36.42941199400002, 34.390978691999976 ], [ 36.444798768, 34.404305922 ], [ 36.453743597000027, 34.407869367999979 ], [ 36.458544136, 34.414649130999976 ], [ 36.475626594, 34.426684005000027 ], [ 36.481328495000014, 34.436275067999986 ], [ 36.484112987, 34.447819843 ], [ 36.487228260999984, 34.44750772499998 ], [ 36.488144128999977, 34.44558053999998 ], [ 36.492647046, 34.445892916999981 ], [ 36.495833663999974, 34.449505465000016 ] ] ] } },
{ "type": "Feature", "properties": { "adm2_name": "El Hermel", "adm2_name1": "الهرمل", "adm2_pcode": "LB22", "adm1_name": "Baalbek-El Hermel", "adm1_name1": "بعلبك - الهرمل", "adm1_pcode": "LB8", "center_lat": 34.39057506, "center_lon": 36.30191048 }, "geometry": { "type": "Polygon", "coordinates": [ [ [ 36.333855613000026, 34.518584343999976 ], [ 36.336284305, 34.514617663000024 ], [ 36.336531105, 34.507606470999974 ], [ 36.335396791, 34.505296024000017 ], [ 36.336318807999987, 34.504180544 ], [ 36.347487816000012, 34.509575099000017 ], [ 36.350406303, 34.509763411 ], [ 36.352487226, 34.506918916000018 ], [ 36.355298794000021, 34.507246313 ], [ 36.362685148000025, 34.503244656 ], [ 36.375928914999974, 34.503308404999984 ], [ 36.376512897999987, 34.498173104999978 ], [ 36.379515347, 34.50174722600002 ], [ 36.384518782999976, 34.502759968000021 ], [ 36.387430473999984, 34.496139872000015 ], [ 36.397839213999987, 34.500258745 ], [ 36.405514144, 34.501441452 ], [ 36.408255439000015, 34.497539728999982 ], [ 36.41197314599998, 34.499114173 ], [ 36.419238564000011, 34.497308104000012 ], [ 36.430507601999977, 34.497822198 ], [ 36.437851086000023, 34.503145444999973 ], [ 36.445112183, 34.493664044000013 ], [ 36.446449132, 34.488290747 ], [ 36.454311166000025, 34.476690227 ], [ 36.455932002999987, 34.472192256000028 ], [ 36.465039016999981, 34.462594250999985 ], [ 36.468235742, 34.46268874499998 ], [ 36.468945582, 34.460918615000026 ], [ 36.471357263000016, 34.460033711999984 ], [ 36.480548899999974, 34.460038011 ], [ 36.483582087, 34.457887072 ], [ 36.487598203, 34.457270983 ], [ 36.495097602999977, 34.459155622000026 ], [ 36.501959234000026, 34.462581775 ], [ 36.502161549999983, 34.45877545899998 ], [ 36.50330302499998, 34.458182737000016 ], [ 36.500235245999988, 34.458577042 ], [ 36.499555973999975, 34.456832667000015 ], [ 36.497387892, 34.456424270000014 ], [ 36.498250369, 34.45486977600001 ], [ 36.493362191000017, 34.452874424000015 ], [ 36.495833663999974, 34.449505465000016 ], [ 36.492647046, 34.445892916999981 ], [ 36.488144128999977, 34.44558053999998 ], [ 36.487228260999984, 34.44750772499998 ], [ 36.484112987, 34.447819843 ], [ 36.481328495000014, 34.436275067999986 ], [ 36.475626594, 34.426684005000027 ], [ 36.458544136, 34.414649130999976 ], [ 36.453743597000027, 34.407869367999979 ], [ 36.444798768, 34.404305922 ], [ 36.42941199400002, 34.390978691999976 ], [ 36.42387392400002, 34.37438884300002 ], [ 36.416110296, 34.364941935 ], [ 36.405927143999975, 34.361940246000017 ], [ 36.401907802999972, 34.361923139999988 ], [ 36.398607802000015, 34.358683411000015 ], [ 36.39331242999998, 34.357444282000017 ], [ 36.390534232999983, 34.355445895 ], [ 36.377357479000011, 34.356380062000028 ], [ 36.374519385999974, 34.355529846000024 ], [ 36.372140836000028, 34.348886003000018 ], [ 36.369977819999974, 34.346662340000023 ], [ 36.371484566, 34.341599449 ], [ 36.369916075999981, 34.340643671 ], [ 36.370014715000025, 34.337159641000028 ], [ 36.366465109999979, 34.327439742000024 ], [ 36.368223371, 34.325279486999989 ], [ 36.367391623, 34.318743414999972 ], [ 36.366102259, 34.316959262000012 ], [ 36.367092508999974, 34.315325812000026 ], [ 36.367326106, 34.303900332000012 ], [ 36.363034611999979, 34.299692735 ], [ 36.364131101999988, 34.298911146000023 ], [ 36.363162322999983, 34.297536211000022 ], [ 36.364198400000021, 34.295728981000025 ], [ 36.361774858999979, 34.292775233999976 ], [ 36.362572020000016, 34.29140518600002 ], [ 36.360929893, 34.290490964000014 ], [ 36.361358252, 34.288165368000023 ], [ 36.358873860000017, 34.28320133699998 ], [ 36.347823656, 34.269120171999987 ], [ 36.34742997799998, 34.266961938 ], [ 36.339353081000013, 34.271713897999973 ], [ 36.338492410000015, 34.274532308 ], [ 36.335066225, 34.277816533000021 ], [ 36.318747286000018, 34.284682636000014 ], [ 36.323383757999977, 34.287554323 ], [ 36.313425556000027, 34.287302391000026 ], [ 36.305144676, 34.289118202999987 ], [ 36.304952497999977, 34.287551414 ], [ 36.30190307700002, 34.287437341999976 ], [ 36.307210441999985, 34.285517331999984 ], [ 36.308119964000014, 34.284023737999973 ], [ 36.305817053, 34.282128578000027 ], [ 36.301611517000026, 34.28279984400001 ], [ 36.298700774999986, 34.281813898999985 ], [ 36.306932921, 34.280805706000024 ], [ 36.308373126, 34.272883101 ], [ 36.305354895999983, 34.270987634 ], [ 36.306667512999979, 34.269747747999986 ], [ 36.300993714000015, 34.26765229199998 ], [ 36.296321436000028, 34.260283492999974 ], [ 36.29725122100001, 34.258996313000011 ], [ 36.287164363999977, 34.262045157999978 ], [ 36.281360764999988, 34.265895591 ], [ 36.279182131000027, 34.264285366000024 ], [ 36.275798402000021, 34.264209282000024 ], [ 36.269459562, 34.269804928999974 ], [ 36.265339434, 34.270246840000027 ], [ 36.258306127000026, 34.270140764000018 ], [ 36.245716502, 34.266065341 ], [ 36.243376909, 34.263681076000012 ], [ 36.237248207999983, 34.264368250000018 ], [ 36.227779751000014, 34.262630555999976 ], [ 36.221624283999972, 34.263716198 ], [ 36.208718874999988, 34.263116498999977 ], [ 36.20507722100001, 34.264520748 ], [ 36.194183141, 34.264113572999975 ], [ 36.187737073999983, 34.266393267000012 ], [ 36.180750780999972, 34.264706832 ], [ 36.164229582000019, 34.269328895 ], [ 36.158363302999987, 34.274725251 ], [ 36.157108731, 34.282978604999983 ], [ 36.151702795, 34.287850825000021 ], [ 36.138213699, 34.287255851 ], [ 36.13619210600001, 34.294027694000022 ], [ 36.137387522999973, 34.297023755999987 ], [ 36.139246381000021, 34.297123301 ], [ 36.140615606999972, 34.298902102 ], [ 36.14073894, 34.309377634999976 ], [ 36.144171436000022, 34.312487406 ], [ 36.148757476000014, 34.313917931 ], [ 36.164967064999985, 34.341214716000025 ], [ 36.176081759999988, 34.343404341999985 ], [ 36.180147278999982, 34.346537720000015 ], [ 36.180141522999975, 34.351022778000015 ], [ 36.184028074000025, 34.363139186000012 ], [ 36.180963449999979, 34.369109149999986 ], [ 36.182256807999977, 34.371950794999975 ], [ 36.179554643000017, 34.376851510999984 ], [ 36.180689195000014, 34.388851532999979 ], [ 36.178574246999972, 34.390225035000014 ], [ 36.174679082000011, 34.390088312999978 ], [ 36.171044956, 34.393045691 ], [ 36.165608842999973, 34.391797536000013 ], [ 36.158417767, 34.398167280999985 ], [ 36.155430739, 34.399110856 ], [ 36.142575201, 34.414490179999973 ], [ 36.142499663000024, 34.42171143500002 ], [ 36.145473795999976, 34.419833201000017 ], [ 36.169929044000014, 34.418958014 ], [ 36.185224308999977, 34.412884566 ], [ 36.213265689000025, 34.419953564000025 ], [ 36.215298516000018, 34.420020834000013 ], [ 36.218111412999974, 34.417155192999985 ], [ 36.222055631999979, 34.416646411999977 ], [ 36.222422526, 34.418380225000021 ], [ 36.227752953999982, 34.420375928 ], [ 36.230691478999972, 34.425030403 ], [ 36.232318389999989, 34.420473631999982 ], [ 36.235289076000015, 34.41792553099998 ], [ 36.244956933000026, 34.418699405999973 ], [ 36.24457444, 34.421209896 ], [ 36.248562569, 34.425233049999974 ], [ 36.248082184, 34.431677305999983 ], [ 36.245969391000017, 34.434266684000022 ], [ 36.242505774, 34.435296046000019 ], [ 36.242939695000018, 34.439555594000012 ], [ 36.24147313200001, 34.44039152900001 ], [ 36.242305708, 34.445118847 ], [ 36.23989075999998, 34.450955743 ], [ 36.242907485999979, 34.457354561999978 ], [ 36.246205319000012, 34.459339272000022 ], [ 36.250811965000025, 34.457927434999988 ], [ 36.261023739999985, 34.459844848999978 ], [ 36.264266078, 34.464357705 ], [ 36.270555507999973, 34.467661436000014 ], [ 36.271134378, 34.469839133 ], [ 36.27595842300002, 34.470072437999988 ], [ 36.288921139000024, 34.478485352 ], [ 36.292220475000022, 34.483488306000027 ], [ 36.294716995999977, 34.493465857999979 ], [ 36.297206919000018, 34.495920201 ], [ 36.301341615000013, 34.495516703000021 ], [ 36.305480137000018, 34.497975892999989 ], [ 36.305248151, 34.504860638000025 ], [ 36.311962431999973, 34.512638359 ], [ 36.31561248700001, 34.515363340000022 ], [ 36.321660951000013, 34.514572483 ], [ 36.323452698999972, 34.517438384 ], [ 36.328653318000022, 34.518851026 ], [ 36.330177490999972, 34.521655138000028 ], [ 36.332584895000025, 34.522820673000012 ], [ 36.332528786000012, 34.520951427 ], [ 36.334771326, 34.51997283999998 ], [ 36.333855613000026, 34.518584343999976 ] ] ] } },
{ "type": "Feature", "properties": { "adm2_name": "Rachaya", "adm2_name1": "راشيا", "adm2_pcode": "LB23", "adm1_name": "Bekaa", "adm1_name1": "البقاع", "adm1_pcode": "LB2", "center_lat": 33.51767337, "center_lon": 35.82541301 }, "geometry": { "type": "Polygon", "coordinates": [ [ [ 35.96169925800001, 33.688764675000016 ], [ 35.964082121999979, 33.682468578 ], [ 35.964806222, 33.67562820500001 ], [ 35.95671246500001, 33.673127102000024 ], [ 35.953439151, 33.674944435999976 ], [ 35.951543997999977, 33.674607687 ], [ 35.947430125999972, 33.671739789000014 ], [ 35.945567385, 33.660121112000013 ], [ 35.942010687, 33.656744125999978 ], [ 35.941379491000021, 33.654546233000019 ], [ 35.938311055999975, 33.653751769 ], [ 35.938094396, 33.652360500999976 ], [ 35.934391768000012, 33.650599331000024 ], [ 35.937075429, 33.647752745 ], [ 35.935437638, 33.645356956 ], [ 35.937439090999987, 33.639266798999984 ], [ 35.950297830000011, 33.63695312599998 ], [ 35.952077906999989, 33.634883253 ], [ 35.955456640000023, 33.634463970000013 ], [ 35.965375817, 33.634963984000024 ], [ 35.972823179999978, 33.639071836000028 ], [ 35.979291530000012, 33.637068998000018 ], [ 35.97936727299998, 33.63449276 ], [ 35.985297947, 33.63076547999998 ], [ 35.991036048000012, 33.625131554 ], [ 35.99794391, 33.624640178 ], [ 36.019056589, 33.618581264999989 ], [ 36.024930858, 33.612807189000023 ], [ 36.027833252, 33.612796114 ], [ 36.030813721000015, 33.610759168000016 ], [ 36.032506722, 33.60865577300001 ], [ 36.032567085999972, 33.604649916000028 ], [ 36.037037499, 33.60441253800002 ], [ 36.047072605999972, 33.599050673000022 ], [ 36.053692722999983, 33.592932648999977 ], [ 36.056643485, 33.592152854 ], [ 36.060845363, 33.588174965 ], [ 36.062062372000014, 33.582655849999981 ], [ 36.066089721000026, 33.580266441999981 ], [ 36.065767961, 33.577256491000014 ], [ 36.052829299, 33.567297686000018 ], [ 36.027280053000027, 33.541376481999976 ], [ 36.015417548000016, 33.542529657999978 ], [ 35.989178469000024, 33.533746902000019 ], [ 35.969103706999988, 33.532961791 ], [ 35.944701022, 33.524091371 ], [ 35.942172094999989, 33.520940912000015 ], [ 35.944568487000026, 33.509145647000025 ], [ 35.958820065999987, 33.499860795000018 ], [ 35.95624985500001, 33.499244234 ], [ 35.954509834000021, 33.494886313999984 ], [ 35.954076209999982, 33.479648079000015 ], [ 35.949398701, 33.472149366999986 ], [ 35.934624770000028, 33.459636664000016 ], [ 35.915034680000019, 33.447379985 ], [ 35.90062242099998, 33.435239632 ], [ 35.875917220000019, 33.422199352 ], [ 35.864311766000014, 33.418384184 ], [ 35.826925467000024, 33.397231738000016 ], [ 35.822426287999974, 33.392450750000023 ], [ 35.819808804, 33.386967692999974 ], [ 35.818680056, 33.376445611 ], [ 35.815925736, 33.371253141000011 ], [ 35.818108404999975, 33.361714748999987 ], [ 35.814507355999979, 33.356099927 ], [ 35.804718948000016, 33.353054575999977 ], [ 35.795750596, 33.345444354 ], [ 35.791045197000017, 33.347206648999986 ], [ 35.788599681, 33.346671195999988 ], [ 35.785058957999979, 33.349292080999987 ], [ 35.777911945000028, 33.35104508 ], [ 35.776372292000019, 33.352388258000019 ], [ 35.775917505, 33.356009745 ], [ 35.770024305999982, 33.357949528 ], [ 35.76737682800001, 33.361784843 ], [ 35.763012455000023, 33.361512059 ], [ 35.773915188999979, 33.37568955 ], [ 35.774676693, 33.381682002 ], [ 35.779450182, 33.39086787399998 ], [ 35.78853714600001, 33.403086546999987 ], [ 35.786019367, 33.406854943999974 ], [ 35.783022631999984, 33.40692821 ], [ 35.780014592999976, 33.405336337 ], [ 35.77692721, 33.406662563999987 ], [ 35.777342569999973, 33.411117793000017 ], [ 35.770542745, 33.42085446599998 ], [ 35.770049694000022, 33.423643243000015 ], [ 35.769020663, 33.423040495 ], [ 35.76686057500001, 33.426147930000013 ], [ 35.767461013, 33.429176746 ], [ 35.758768738000015, 33.434794437999983 ], [ 35.759933180000019, 33.43621355099998 ], [ 35.758742154, 33.436755366999989 ], [ 35.759554606, 33.438627274 ], [ 35.754296231000012, 33.440177774 ], [ 35.755558598, 33.442075929999987 ], [ 35.752443181, 33.443531398 ], [ 35.754952597999988, 33.444329102999973 ], [ 35.753872108999985, 33.445027902999982 ], [ 35.755073257, 33.447325746 ], [ 35.753258534, 33.448738053 ], [ 35.754122326000015, 33.450149032000013 ], [ 35.756925922999983, 33.450688747000015 ], [ 35.758471279999981, 33.453898029000015 ], [ 35.757171432, 33.454707273999986 ], [ 35.759076047, 33.456600032999972 ], [ 35.760590072000014, 33.456259309000018 ], [ 35.759002211999984, 33.460188511000013 ], [ 35.755179645, 33.464069543 ], [ 35.758533390000025, 33.466610302999982 ], [ 35.757963148999977, 33.469516984999984 ], [ 35.750125545, 33.474372738 ], [ 35.745818703, 33.47894549 ], [ 35.740585222999982, 33.477736589000017 ], [ 35.74355073800001, 33.481642196999985 ], [ 35.73057001799998, 33.489942618999976 ], [ 35.721236906, 33.497878323 ], [ 35.711127033000025, 33.488618119000023 ], [ 35.704528573, 33.493974335000019 ], [ 35.703408156000023, 33.495168901 ], [ 35.707537097, 33.498261925 ], [ 35.707948041, 33.505096184000024 ], [ 35.710563923999985, 33.507721724000021 ], [ 35.710640275, 33.511543234999976 ], [ 35.708275807, 33.51380158500001 ], [ 35.707490915999983, 33.519021194 ], [ 35.709345256, 33.522473359 ], [ 35.707820960999982, 33.524126134000028 ], [ 35.708279694, 33.527083362999974 ], [ 35.707709561, 33.528288960999987 ], [ 35.703101198000013, 33.527840847 ], [ 35.700718766000023, 33.529724956999985 ], [ 35.686527467000019, 33.529690878999986 ], [ 35.688242656999989, 33.536561343000017 ], [ 35.693746024, 33.539683974000013 ], [ 35.692362218000028, 33.543505994999975 ], [ 35.697219035999979, 33.54075702 ], [ 35.708166619, 33.542203165999979 ], [ 35.713417833, 33.540736476 ], [ 35.713525835999974, 33.542398543 ], [ 35.717003307000027, 33.541173787 ], [ 35.716982996000013, 33.542230699000015 ], [ 35.719316619999972, 33.542678685 ], [ 35.72029497699998, 33.541611832 ], [ 35.721721748, 33.542417488000012 ], [ 35.721227904999978, 33.543616143 ], [ 35.725574468, 33.544356962 ], [ 35.726511761999973, 33.546475577000024 ], [ 35.731114406000017, 33.549880057999985 ], [ 35.730776769999977, 33.549068638 ], [ 35.731597242000021, 33.550066743 ], [ 35.734499022000023, 33.54936336999998 ], [ 35.738884754000026, 33.554361988999972 ], [ 35.74059587, 33.552385625999989 ], [ 35.742252271999973, 33.55290548 ], [ 35.74258835400002, 33.555905337000013 ], [ 35.745083688000022, 33.552327604000027 ], [ 35.752960011000027, 33.558744147000027 ], [ 35.757185344, 33.557261595999989 ], [ 35.758650642000021, 33.56023086 ], [ 35.766642677, 33.557478778000018 ], [ 35.770620321000024, 33.558040510000012 ], [ 35.772393514999976, 33.560789267000018 ], [ 35.771300112, 33.561748507 ], [ 35.771580406, 33.565344202 ], [ 35.769319614999972, 33.567738148999979 ], [ 35.770695788000012, 33.572201967000012 ], [ 35.775315373000012, 33.574735474000022 ], [ 35.775664832000018, 33.576590855 ], [ 35.777321298, 33.576398292000022 ], [ 35.780125667999982, 33.583946229 ], [ 35.782176460000017, 33.584143695000023 ], [ 35.78230513, 33.586039605999986 ], [ 35.776695744999984, 33.593124026 ], [ 35.782023257, 33.593521077999981 ], [ 35.785913011, 33.595972298 ], [ 35.788026387, 33.594577646 ], [ 35.789709277999975, 33.605743983000025 ], [ 35.79171958400002, 33.607498915 ], [ 35.794379984999978, 33.608945785 ], [ 35.799080076, 33.609100236000018 ], [ 35.800689353, 33.610769421999976 ], [ 35.803102737000017, 33.609054779000019 ], [ 35.809483012999976, 33.608204901000022 ], [ 35.814158793999979, 33.606740413000011 ], [ 35.812281615000018, 33.602277097000012 ], [ 35.817679532999989, 33.600005563000025 ], [ 35.817042403000016, 33.602426829000024 ], [ 35.816353139, 33.601726202 ], [ 35.813773164999986, 33.605211059999988 ], [ 35.823163310999973, 33.59805617 ], [ 35.824587881000014, 33.599541343 ], [ 35.824997714, 33.606655464000028 ], [ 35.831435624, 33.611112463999973 ], [ 35.836022922999973, 33.611575631999983 ], [ 35.839469627000028, 33.61793502 ], [ 35.842639153, 33.618186653 ], [ 35.846001738999973, 33.620454334999977 ], [ 35.847488182, 33.626122914 ], [ 35.850245374999986, 33.628280107000023 ], [ 35.848772763999989, 33.633311193999987 ], [ 35.853547228000025, 33.638714806999985 ], [ 35.859489269, 33.640353522999987 ], [ 35.861750084999983, 33.642305938999982 ], [ 35.866439828000011, 33.64231485900001 ], [ 35.872059515999979, 33.636944756 ], [ 35.877127813000016, 33.638248127 ], [ 35.87942216, 33.637621933 ], [ 35.895715325000026, 33.644130497 ], [ 35.90081663, 33.644334797 ], [ 35.911853727, 33.653915450999989 ], [ 35.920200089, 33.657321632 ], [ 35.923791443000027, 33.662639425 ], [ 35.922441621000019, 33.665584839000019 ], [ 35.923805921, 33.66741787 ], [ 35.923173361000011, 33.673872280000012 ], [ 35.920297333, 33.674932141999989 ], [ 35.921710979000011, 33.676382903 ], [ 35.924769605999984, 33.678223851999974 ], [ 35.929520626, 33.678898968 ], [ 35.929590443999984, 33.680065889 ], [ 35.935150627999974, 33.68386074 ], [ 35.942868143, 33.685043598999982 ], [ 35.944117591, 33.687954221999973 ], [ 35.947743111000023, 33.683654121000018 ], [ 35.956027060999986, 33.686116149999975 ], [ 35.96022158300002, 33.689153492 ], [ 35.96169925800001, 33.688764675000016 ] ] ] } },
{ "type": "Feature", "properties": { "adm2_name": "West Bekaa", "adm2_name1": "البقاع الغربي", "adm2_pcode": "LB24", "adm1_name": "Bekaa", "adm1_name1": "البقاع", "adm1_pcode": "LB2", "center_lat": 33.5994313, "center_lon": 35.72480689 }, "geometry": { "type": "Polygon", "coordinates": [ [ [ 35.893448191, 33.777647480999974 ], [ 35.895441629, 33.775790461999975 ], [ 35.893076301, 33.773361839000017 ], [ 35.895930052999972, 33.770924375 ], [ 35.891895347, 33.76733951 ], [ 35.891596341000024, 33.761746429000027 ], [ 35.894069711999975, 33.761731818999976 ], [ 35.894251554999983, 33.760121718 ], [ 35.898040745, 33.759720726000012 ], [ 35.900458201999982, 33.757583613 ], [ 35.903471782999986, 33.758017320000022 ], [ 35.900137089999987, 33.755622113000015 ], [ 35.90386786800002, 33.751290247999975 ], [ 35.900303661, 33.750672425 ], [ 35.908490173000018, 33.74251744999998 ], [ 35.904674429000011, 33.739059618 ], [ 35.896718589999978, 33.735498409 ], [ 35.892402467000011, 33.72824512699998 ], [ 35.883553300000017, 33.727631933999987 ], [ 35.880715826000028, 33.723426835 ], [ 35.877762179, 33.722746097000027 ], [ 35.872843833, 33.713756408 ], [ 35.873125916999982, 33.710589404000018 ], [ 35.881119904, 33.705772121 ], [ 35.891611069000021, 33.695805225000015 ], [ 35.896741796000015, 33.701170221999973 ], [ 35.903983547999985, 33.700316676 ], [ 35.902767466, 33.704301224 ], [ 35.906327983999972, 33.704942201999984 ], [ 35.918482703999985, 33.701553407 ], [ 35.924361932000011, 33.701183974 ], [ 35.925582185999986, 33.697851727999989 ], [ 35.938502525, 33.68853694 ], [ 35.944117591, 33.687954221999973 ], [ 35.942868143, 33.685043598999982 ], [ 35.935150627999974, 33.68386074 ], [ 35.929590443999984, 33.680065889 ], [ 35.929520626, 33.678898968 ], [ 35.924769605999984, 33.678223851999974 ], [ 35.920297333, 33.674932141999989 ], [ 35.923173361000011, 33.673872280000012 ], [ 35.923805921, 33.66741787 ], [ 35.922441621000019, 33.665584839000019 ], [ 35.923889918999976, 33.662876762 ], [ 35.920629487999975, 33.657820464999986 ], [ 35.911853727, 33.653915450999989 ], [ 35.90081663, 33.644334797 ], [ 35.891282615000023, 33.642727889000014 ], [ 35.88260312, 33.638294132 ], [ 35.872059515999979, 33.636944756 ], [ 35.866439828000011, 33.64231485900001 ], [ 35.863222173, 33.642370477999975 ], [ 35.853547228000025, 33.638714806999985 ], [ 35.848772763999989, 33.633311193999987 ], [ 35.850245374999986, 33.628280107000023 ], [ 35.847488182, 33.626122914 ], [ 35.846001738999973, 33.620454334999977 ], [ 35.842639153, 33.618186653 ], [ 35.839469627000028, 33.61793502 ], [ 35.836022922999973, 33.611575631999983 ], [ 35.831435624, 33.611112463999973 ], [ 35.824997714, 33.606655464000028 ], [ 35.824587881000014, 33.599541343 ], [ 35.823163310999973, 33.59805617 ], [ 35.81845225, 33.602092617999972 ], [ 35.813773164999986, 33.605211059999988 ], [ 35.816353139, 33.601726202 ], [ 35.817042403000016, 33.602426829000024 ], [ 35.817679532999989, 33.600005563000025 ], [ 35.812281615000018, 33.602277097000012 ], [ 35.814158793999979, 33.606740413000011 ], [ 35.803102737000017, 33.609054779000019 ], [ 35.800689353, 33.610769421999976 ], [ 35.799080076, 33.609100236000018 ], [ 35.793289077, 33.608572444 ], [ 35.789709277999975, 33.605743983000025 ], [ 35.788026387, 33.594577646 ], [ 35.785913011, 33.595972298 ], [ 35.782023257, 33.593521077999981 ], [ 35.776695744999984, 33.593124026 ], [ 35.78230513, 33.586039605999986 ], [ 35.782176460000017, 33.584143695000023 ], [ 35.780125667999982, 33.583946229 ], [ 35.777321298, 33.576398292000022 ], [ 35.775664832000018, 33.576590855 ], [ 35.775315373000012, 33.574735474000022 ], [ 35.770695788000012, 33.572201967000012 ], [ 35.769319614999972, 33.567738148999979 ], [ 35.771580406, 33.565344202 ], [ 35.771300112, 33.561748507 ], [ 35.772393514999976, 33.560789267000018 ], [ 35.770620321000024, 33.558040510000012 ], [ 35.766642677, 33.557478778000018 ], [ 35.758650642000021, 33.56023086 ], [ 35.757185344, 33.557261595999989 ], [ 35.752960011000027, 33.558744147000027 ], [ 35.745083688000022, 33.552327604000027 ], [ 35.74258835400002, 33.555905337000013 ], [ 35.742252271999973, 33.55290548 ], [ 35.74059587, 33.552385625999989 ], [ 35.738884754000026, 33.554361988999972 ], [ 35.734499022000023, 33.54936336999998 ], [ 35.731597242000021, 33.550066743 ], [ 35.730776769999977, 33.549068638 ], [ 35.731114406000017, 33.549880057999985 ], [ 35.726511761999973, 33.546475577000024 ], [ 35.725574468, 33.544356962 ], [ 35.721227904999978, 33.543616143 ], [ 35.721721748, 33.542417488000012 ], [ 35.72029497699998, 33.541611832 ], [ 35.719316619999972, 33.542678685 ], [ 35.716982996000013, 33.542230699000015 ], [ 35.717003307000027, 33.541173787 ], [ 35.713525835999974, 33.542398543 ], [ 35.713417833, 33.540736476 ], [ 35.708166619, 33.542203165999979 ], [ 35.697219035999979, 33.54075702 ], [ 35.692362218000028, 33.543505994999975 ], [ 35.693746024, 33.539683974000013 ], [ 35.68835216399998, 33.536726878000024 ], [ 35.686527467000019, 33.529690878999986 ], [ 35.700718766000023, 33.529724956999985 ], [ 35.703101198000013, 33.527840847 ], [ 35.707709561, 33.528288960999987 ], [ 35.707820960999982, 33.524126134000028 ], [ 35.709345256, 33.522473359 ], [ 35.707490915999983, 33.519021194 ], [ 35.708275807, 33.51380158500001 ], [ 35.710640275, 33.511543234999976 ], [ 35.710563923999985, 33.507721724000021 ], [ 35.707948041, 33.505096184000024 ], [ 35.707537097, 33.498261925 ], [ 35.703408156000023, 33.495168901 ], [ 35.711127033000025, 33.488618119000023 ], [ 35.721236906, 33.497878323 ], [ 35.73057001799998, 33.489942618999976 ], [ 35.74355073800001, 33.481642196999985 ], [ 35.743281556999989, 33.480740411999989 ], [ 35.740518496, 33.478134781999984 ], [ 35.731828955000026, 33.474251246 ], [ 35.724008562999984, 33.467690587 ], [ 35.719241857999975, 33.469302847 ], [ 35.718447113000025, 33.466556347 ], [ 35.715635022000015, 33.466093127000022 ], [ 35.711123612, 33.462184079 ], [ 35.708660872, 33.46192285 ], [ 35.704942754, 33.463720954999985 ], [ 35.701632346999986, 33.459118613999976 ], [ 35.700042094000025, 33.459993193 ], [ 35.695670924000012, 33.459299118 ], [ 35.695158783000011, 33.461772290999988 ], [ 35.697462455999982, 33.464230101 ], [ 35.694235686000013, 33.465299553000023 ], [ 35.694881461000023, 33.466173626999989 ], [ 35.69173239700001, 33.467425862000027 ], [ 35.687858817, 33.46512028799998 ], [ 35.686336843999982, 33.466290147999985 ], [ 35.685176324, 33.46409361000002 ], [ 35.68586853, 33.462400823999985 ], [ 35.684218024000018, 33.461807682000028 ], [ 35.684911028999977, 33.460091238000018 ], [ 35.68268208, 33.456247287 ], [ 35.684592787999975, 33.453162100999975 ], [ 35.683462268000028, 33.452345838999975 ], [ 35.684405579999975, 33.450755166000022 ], [ 35.681216834999987, 33.450332452999987 ], [ 35.678553646000012, 33.447427581 ], [ 35.680031165, 33.446660803999976 ], [ 35.677762745999985, 33.445930948000012 ], [ 35.675638807999974, 33.442303923 ], [ 35.673098391999986, 33.43987820000001 ], [ 35.67005384700002, 33.439411666000012 ], [ 35.668992102, 33.43759809300002 ], [ 35.67027776499998, 33.43525654299998 ], [ 35.668456298000024, 33.43470561800001 ], [ 35.669549717, 33.432905634 ], [ 35.668323895000015, 33.432051124 ], [ 35.668763324999986, 33.430600554000023 ], [ 35.666807326000026, 33.430568850999975 ], [ 35.664942301, 33.42687788 ], [ 35.663120653000021, 33.427753670000016 ], [ 35.661634248999974, 33.423811592999982 ], [ 35.657886948, 33.423206134999987 ], [ 35.658008382999981, 33.42090282700002 ], [ 35.656351938, 33.426111116000015 ], [ 35.653723477000028, 33.425893916 ], [ 35.651484148, 33.432179474 ], [ 35.652427967, 33.433395183000016 ], [ 35.650150075, 33.435708379 ], [ 35.646524219000014, 33.435327352 ], [ 35.636868763999985, 33.428491996999981 ], [ 35.631736919, 33.427903453999988 ], [ 35.629315725000026, 33.431413871000018 ], [ 35.62946745, 33.433185557 ], [ 35.631850746999987, 33.435047716999975 ], [ 35.637320268999986, 33.446048795000024 ], [ 35.635242645, 33.447012573999984 ], [ 35.633329569000011, 33.446301423000023 ], [ 35.629684552000015, 33.448875842 ], [ 35.624217306999981, 33.448288140999978 ], [ 35.615414473999977, 33.432332846 ], [ 35.611200505, 33.43069306000001 ], [ 35.609314817999973, 33.431364622999979 ], [ 35.612572302, 33.442390398999976 ], [ 35.614936968, 33.443298602000027 ], [ 35.615450168999985, 33.445811382999977 ], [ 35.614355343, 33.447351584999979 ], [ 35.61694959099998, 33.450645157999986 ], [ 35.614026175999982, 33.454219836999982 ], [ 35.614389575000018, 33.461338586000011 ], [ 35.618983521000018, 33.464311579000025 ], [ 35.62096843, 33.470086422 ], [ 35.621125658999972, 33.474228079 ], [ 35.619944804999989, 33.476412956 ], [ 35.623459216000015, 33.480342412000027 ], [ 35.62486487000001, 33.48800939900002 ], [ 35.624920503999988, 33.491019001999973 ], [ 35.623339305, 33.492454434000024 ], [ 35.626252205000014, 33.494220397999982 ], [ 35.628075788999979, 33.497988094 ], [ 35.631250636, 33.49972412 ], [ 35.629869015999986, 33.506288494999978 ], [ 35.632873330999985, 33.508339268999976 ], [ 35.63207947, 33.510046124999974 ], [ 35.628814060000025, 33.511731402 ], [ 35.629012914999976, 33.514654692000022 ], [ 35.631943601999978, 33.514902333 ], [ 35.633920964000026, 33.517871408000019 ], [ 35.630779213999972, 33.522312393999982 ], [ 35.63467241799998, 33.526000706 ], [ 35.634296646999985, 33.531760647 ], [ 35.643162497999981, 33.542726475 ], [ 35.642924554, 33.544869369000025 ], [ 35.646153432, 33.550827498999979 ], [ 35.647070625000026, 33.555549174000021 ], [ 35.650550904, 33.557693412999981 ], [ 35.648943583, 33.561266919 ], [ 35.654947864, 33.578874500999973 ], [ 35.653863349, 33.583186365000017 ], [ 35.654558927999972, 33.589162774999977 ], [ 35.65601357700001, 33.588817135 ], [ 35.658518851999986, 33.590807285999972 ], [ 35.661759126, 33.602043434999985 ], [ 35.674181517000022, 33.628016407000018 ], [ 35.674241935999987, 33.631935477000013 ], [ 35.68206109800002, 33.639860418000012 ], [ 35.683435229, 33.643996526000024 ], [ 35.686775298999976, 33.646168054999976 ], [ 35.691544625, 33.654950311999983 ], [ 35.691800988000011, 33.659112471000014 ], [ 35.695797082000013, 33.663186296999982 ], [ 35.69523081, 33.665779322 ], [ 35.69664290999998, 33.668454277000023 ], [ 35.701355447000026, 33.664265320000027 ], [ 35.701465359999986, 33.661522750000017 ], [ 35.704113813, 33.658104813000023 ], [ 35.703498748000015, 33.656088451000016 ], [ 35.708192646999976, 33.653070488000026 ], [ 35.713706603999981, 33.654398061999984 ], [ 35.709029930999975, 33.657002439 ], [ 35.707001085, 33.659678174000021 ], [ 35.705855225999983, 33.659203806999983 ], [ 35.703431551, 33.666828861999988 ], [ 35.702030703999981, 33.667087746999982 ], [ 35.699215421000019, 33.672027187000026 ], [ 35.699182173999986, 33.676524879999988 ], [ 35.706755085, 33.679272928999978 ], [ 35.713047108000012, 33.684393434000015 ], [ 35.715529446, 33.683240732 ], [ 35.724595753000017, 33.692126783 ], [ 35.732395261000022, 33.68896027 ], [ 35.735879806000014, 33.695818035 ], [ 35.742723098, 33.700725434999981 ], [ 35.745998037, 33.705522927 ], [ 35.749747241000023, 33.698197747 ], [ 35.753765760000022, 33.696486990999972 ], [ 35.757672402000026, 33.702991567000026 ], [ 35.759565055999985, 33.708934008000028 ], [ 35.75411260300001, 33.707785824999974 ], [ 35.748843061, 33.709764636999978 ], [ 35.746905712, 33.707760513999972 ], [ 35.739711436999983, 33.714530834000016 ], [ 35.737701701, 33.720615462000012 ], [ 35.735835038, 33.722464671000012 ], [ 35.736447919999989, 33.725317642999983 ], [ 35.74443414000001, 33.723882479999986 ], [ 35.752387073000023, 33.717682017000016 ], [ 35.760751215000028, 33.722770851 ], [ 35.759898043000021, 33.726323211000022 ], [ 35.76411600900002, 33.733506111999986 ], [ 35.769491298, 33.735361239999975 ], [ 35.779240519999973, 33.744868651 ], [ 35.780843259, 33.740738610999983 ], [ 35.786327196, 33.747522318 ], [ 35.791331871000011, 33.750451159000022 ], [ 35.806444231, 33.745848876000025 ], [ 35.808560750000026, 33.753044897999985 ], [ 35.816118474, 33.747353959 ], [ 35.815505095, 33.734972812000024 ], [ 35.820061534, 33.724387551 ], [ 35.820483820999982, 33.719505274000028 ], [ 35.823327458, 33.717796850000013 ], [ 35.825222790999987, 33.705680815999983 ], [ 35.826718297000014, 33.705760033999979 ], [ 35.829602513999987, 33.727613513999984 ], [ 35.83624024300002, 33.737850927000011 ], [ 35.839773098000023, 33.740724167 ], [ 35.847755511, 33.742718491 ], [ 35.855577120000021, 33.74872910800002 ], [ 35.856607345999976, 33.757535140000016 ], [ 35.861074202999987, 33.764378973000021 ], [ 35.873142789999974, 33.771771786999977 ], [ 35.884525831000019, 33.77596888 ], [ 35.88334649799998, 33.772462067 ], [ 35.886935817999984, 33.775524964999988 ], [ 35.893448191, 33.777647480999974 ] ] ] } },
{ "type": "Feature", "properties": { "adm2_name": "Zahle", "adm2_name1": "زحلة", "adm2_pcode": "LB25", "adm1_name": "Bekaa", "adm1_name1": "البقاع", "adm1_pcode": "LB2", "center_lat": 33.8050996, "center_lon": 35.91257143 }, "geometry": { "type": "Polygon", "coordinates": [ [ [ 35.907870691000028, 33.93421999200001 ], [ 35.915500485, 33.931698894000021 ], [ 35.916575271, 33.925933578000013 ], [ 35.919348405999983, 33.922790201 ], [ 35.919699822999974, 33.91807793800001 ], [ 35.928541638000013, 33.916188205000026 ], [ 35.930382216, 33.916863824000018 ], [ 35.933061431999988, 33.914092211000025 ], [ 35.938315741999986, 33.913060772 ], [ 35.943541579, 33.909175815000026 ], [ 35.949376733, 33.91377380199998 ], [ 35.956745078999973, 33.915961665 ], [ 35.96213798399998, 33.909946385000012 ], [ 35.966049559, 33.909687608000013 ], [ 35.970814304999976, 33.905981845999975 ], [ 35.97245523700002, 33.898985068 ], [ 35.977849973, 33.897123208999972 ], [ 35.98095510600001, 33.89111417700002 ], [ 35.98375271499998, 33.888578422000023 ], [ 35.98028687599998, 33.883090381999978 ], [ 35.983881512999972, 33.879561217 ], [ 35.986480476, 33.87953509099998 ], [ 35.995293346999972, 33.866481573999977 ], [ 35.998641685999985, 33.866577667 ], [ 35.997050566999974, 33.857610298 ], [ 36.007043151, 33.8657505 ], [ 36.008567742000025, 33.864649658000019 ], [ 36.013194124, 33.868408961 ], [ 36.016410131999976, 33.871682546999978 ], [ 36.014292824999984, 33.872400312000025 ], [ 36.014982984000028, 33.873267065999983 ], [ 36.024852689, 33.880331029999979 ], [ 36.029673591, 33.877235064999979 ], [ 36.031082476, 33.883870313999978 ], [ 36.034159627, 33.882543134 ], [ 36.03920371800001, 33.877192369999989 ], [ 36.036246158999973, 33.873370911 ], [ 36.043634525000016, 33.870683519000011 ], [ 36.048964757000022, 33.86608484300001 ], [ 36.050085441000022, 33.865907264999976 ], [ 36.049328007999975, 33.867094462000011 ], [ 36.050984254000014, 33.868810911000025 ], [ 36.052010927000026, 33.866764567000018 ], [ 36.054620098999976, 33.865886499 ], [ 36.058024875, 33.866781120999974 ], [ 36.060007803000019, 33.869577107 ], [ 36.065497932000028, 33.868075538000028 ], [ 36.07342874, 33.873227293000014 ], [ 36.082998870999972, 33.864205602000027 ], [ 36.09251266299998, 33.868350033000013 ], [ 36.096959567999988, 33.865127356000016 ], [ 36.095612134000021, 33.863305653999987 ], [ 36.100379965, 33.860539070000016 ], [ 36.091138340999976, 33.857574456 ], [ 36.090409454, 33.854881018000015 ], [ 36.08822618, 33.85433717799998 ], [ 36.087865752000027, 33.849658754000018 ], [ 36.08318772299998, 33.845383788 ], [ 36.08336712900001, 33.842031790000021 ], [ 36.079916823000019, 33.836737219999975 ], [ 36.078990078, 33.832520714999987 ], [ 36.074635595000018, 33.829258325000012 ], [ 36.080291107999983, 33.829035697 ], [ 36.071129711000026, 33.823353161 ], [ 36.067333733, 33.816042558999982 ], [ 36.057132441000022, 33.804480700999989 ], [ 36.049136874999988, 33.785682839 ], [ 36.044585276000021, 33.779492048 ], [ 36.036728209999978, 33.773136524 ], [ 36.032487048, 33.76583169700001 ], [ 36.02787198599998, 33.763863185 ], [ 36.018390013999976, 33.769472367 ], [ 36.011803016999977, 33.769715209000026 ], [ 36.009453791999988, 33.767584589000023 ], [ 36.011743556, 33.762613091 ], [ 36.004653819, 33.754603014 ], [ 35.998063987000023, 33.741100264000011 ], [ 35.995133114, 33.737903607000021 ], [ 35.993813145, 33.737931877999983 ], [ 35.992512788, 33.734581403 ], [ 35.990011198, 33.733493889999977 ], [ 35.98786702000001, 33.726153819 ], [ 35.981008168000017, 33.726463342999978 ], [ 35.976968087999978, 33.729410067 ], [ 35.974798360000023, 33.729013384999973 ], [ 35.974017776999972, 33.72748685800002 ], [ 35.975323656, 33.724079834 ], [ 35.971684787000015, 33.72025877599998 ], [ 35.97139424400001, 33.715988883000023 ], [ 35.969983819999982, 33.714226194999981 ], [ 35.972098449999976, 33.706375639999976 ], [ 35.968236895000018, 33.700504686999977 ], [ 35.969057158999988, 33.697464389 ], [ 35.97420583600001, 33.693671328 ], [ 35.975187172, 33.689129501000025 ], [ 35.972641628000019, 33.688728518 ], [ 35.971763687000021, 33.68478131 ], [ 35.969164229, 33.683506228999988 ], [ 35.967278164, 33.67626878599998 ], [ 35.964806222, 33.67562820500001 ], [ 35.964035947000013, 33.682653922999975 ], [ 35.961150487999987, 33.689211740000019 ], [ 35.956027060999986, 33.686116149999975 ], [ 35.947743111000023, 33.683654121000018 ], [ 35.944117591, 33.687954221999973 ], [ 35.938502525, 33.68853694 ], [ 35.925582185999986, 33.697851727999989 ], [ 35.924361932000011, 33.701183974 ], [ 35.918482703999985, 33.701553407 ], [ 35.906327983999972, 33.704942201999984 ], [ 35.902767466, 33.704301224 ], [ 35.903983547999985, 33.700316676 ], [ 35.896741796000015, 33.701170221999973 ], [ 35.891611069000021, 33.695805225000015 ], [ 35.881119904, 33.705772121 ], [ 35.873125916999982, 33.710589404000018 ], [ 35.872843833, 33.713756408 ], [ 35.877762179, 33.722746097000027 ], [ 35.880715826000028, 33.723426835 ], [ 35.883553300000017, 33.727631933999987 ], [ 35.892402467000011, 33.72824512699998 ], [ 35.896718589999978, 33.735498409 ], [ 35.904674429000011, 33.739059618 ], [ 35.908490173000018, 33.74251744999998 ], [ 35.900303661, 33.750672425 ], [ 35.90386786800002, 33.751290247999975 ], [ 35.900137089999987, 33.755622113000015 ], [ 35.903471782999986, 33.758017320000022 ], [ 35.900458201999982, 33.757583613 ], [ 35.898040745, 33.759720726000012 ], [ 35.894251554999983, 33.760121718 ], [ 35.894069711999975, 33.761731818999976 ], [ 35.891596341000024, 33.761746429000027 ], [ 35.891895347, 33.76733951 ], [ 35.895930052999972, 33.770924375 ], [ 35.893076301, 33.773361839000017 ], [ 35.895441629, 33.775790461999975 ], [ 35.893292815, 33.777792178000027 ], [ 35.886935817999984, 33.775524964999988 ], [ 35.88334649799998, 33.772462067 ], [ 35.884525831000019, 33.77596888 ], [ 35.873142789999974, 33.771771786999977 ], [ 35.861074202999987, 33.764378973000021 ], [ 35.856607345999976, 33.757535140000016 ], [ 35.855577120000021, 33.74872910800002 ], [ 35.847179912, 33.742416427000023 ], [ 35.83957393999998, 33.740635871 ], [ 35.833511509, 33.734430272 ], [ 35.829602513999987, 33.727613513999984 ], [ 35.827604714000017, 33.709714975999987 ], [ 35.826718297000014, 33.705760033999979 ], [ 35.825222790999987, 33.705680815999983 ], [ 35.823327458, 33.717796850000013 ], [ 35.820483820999982, 33.719505274000028 ], [ 35.820061534, 33.724387551 ], [ 35.815505095, 33.734972812000024 ], [ 35.815724916000022, 33.748090242999979 ], [ 35.808560750000026, 33.753044897999985 ], [ 35.806444231, 33.745848876000025 ], [ 35.79134344900001, 33.750445389 ], [ 35.796472474999973, 33.756661225000016 ], [ 35.799740212000017, 33.765976529999989 ], [ 35.803019561999974, 33.770681594999985 ], [ 35.802380820999986, 33.771969392000017 ], [ 35.804965892999974, 33.780770793999977 ], [ 35.811420957, 33.787339769000027 ], [ 35.810994742999981, 33.791442425000014 ], [ 35.801023557, 33.789270583000018 ], [ 35.789546297000015, 33.792842224000026 ], [ 35.783022003999974, 33.792696866000028 ], [ 35.781859091, 33.790944140000022 ], [ 35.780663202000028, 33.791230004 ], [ 35.775028718999977, 33.794580181000015 ], [ 35.775097562999974, 33.797560487 ], [ 35.768121625999981, 33.803795021999974 ], [ 35.766393907, 33.807902458 ], [ 35.767468942, 33.81012558499998 ], [ 35.780685786999982, 33.81268864499998 ], [ 35.784801877, 33.809667296999976 ], [ 35.790985369999987, 33.808642873999986 ], [ 35.792944423999984, 33.809409797 ], [ 35.790289829000017, 33.811559956 ], [ 35.789634283999987, 33.813769407 ], [ 35.791930144999981, 33.823017100000015 ], [ 35.796284273000026, 33.822967248999987 ], [ 35.799781427000028, 33.826252556999975 ], [ 35.802586147999989, 33.825971474000028 ], [ 35.801081623000016, 33.829964003999976 ], [ 35.797074543, 33.833317916999988 ], [ 35.796610202000011, 33.837422742 ], [ 35.797829557999989, 33.841086970999982 ], [ 35.81017477, 33.848527220999983 ], [ 35.813868317000015, 33.854017232 ], [ 35.823896962, 33.861974831999987 ], [ 35.825812966, 33.866233038000018 ], [ 35.825612719, 33.869211773000018 ], [ 35.833060752, 33.871370346 ], [ 35.832337740000014, 33.87394996 ], [ 35.834001507999972, 33.87727408500001 ], [ 35.842213045, 33.880216388 ], [ 35.843914611, 33.879581874 ], [ 35.847626595, 33.882746941 ], [ 35.848012512000025, 33.885852723000028 ], [ 35.844374443999982, 33.886409671000024 ], [ 35.846403109999983, 33.891264472999978 ], [ 35.852740496000024, 33.890890206 ], [ 35.854445019000025, 33.894860815000015 ], [ 35.859532107, 33.894429393999985 ], [ 35.861302312000021, 33.900299930000017 ], [ 35.858574362000013, 33.902810499999987 ], [ 35.854900451, 33.902871565 ], [ 35.854034492999972, 33.904782986999976 ], [ 35.86039252, 33.911264625 ], [ 35.863748117, 33.916185234000011 ], [ 35.863191538000024, 33.917270315999986 ], [ 35.868111759999977, 33.918392696000012 ], [ 35.870430095000017, 33.916642286000013 ], [ 35.871108417000016, 33.913671969 ], [ 35.874607841, 33.912941443000022 ], [ 35.875470709000012, 33.913999796999974 ], [ 35.878372549, 33.913554061000013 ], [ 35.879425103000017, 33.916190056 ], [ 35.884401266, 33.91653018300002 ], [ 35.885056535, 33.917521003 ], [ 35.889847593000013, 33.916955927 ], [ 35.895298132, 33.919677811999975 ], [ 35.907870691000028, 33.93421999200001 ] ] ] } },
{ "type": "Feature", "properties": { "adm2_name": "Aley", "adm2_name1": "عاليه", "adm2_pcode": "LB31", "adm1_name": "Mount Lebanon", "adm1_name1": "جبل لبنان", "adm1_pcode": "LB3", "center_lat": 33.76571037, "center_lon": 35.63118059 }, "geometry": { "type": "Polygon", "coordinates": [ [ [ 35.508798629000012, 33.829719834 ], [ 35.515442695, 33.828437389999976 ], [ 35.515274319000014, 33.826685759999975 ], [ 35.518634623000025, 33.823926025999981 ], [ 35.527703867000014, 33.823049253000022 ], [ 35.521091578999972, 33.814108208999983 ], [ 35.528443986000013, 33.810943045999977 ], [ 35.529587559, 33.80749289 ], [ 35.532952326999975, 33.806716435999988 ], [ 35.534491660000015, 33.802575261000015 ], [ 35.536578178000013, 33.802307940999981 ], [ 35.538565706999975, 33.798477113 ], [ 35.539855250000016, 33.799872516 ], [ 35.541409449000014, 33.798885343999984 ], [ 35.545209033, 33.799909623000019 ], [ 35.545355151000024, 33.803777347 ], [ 35.542661765, 33.805759078 ], [ 35.542063186, 33.808886699000027 ], [ 35.545336877000011, 33.808356437999976 ], [ 35.543839207000019, 33.812258504 ], [ 35.545162999000013, 33.813645195999982 ], [ 35.545240794999984, 33.812593750000019 ], [ 35.545659199, 33.812512869999978 ], [ 35.547127578000016, 33.81492864 ], [ 35.555010125000024, 33.814871454000013 ], [ 35.556455340000014, 33.816131988999985 ], [ 35.560134136999977, 33.812868627 ], [ 35.561449359, 33.814865656 ], [ 35.563147554000011, 33.812880571 ], [ 35.565033265000011, 33.81565824 ], [ 35.571612368, 33.813658259000022 ], [ 35.567170624000028, 33.819528672999979 ], [ 35.570078301000024, 33.818991802000028 ], [ 35.572201518999975, 33.821460253999987 ], [ 35.575637804999985, 33.822723880000012 ], [ 35.573238441, 33.823768195000014 ], [ 35.573036735000017, 33.829129427999987 ], [ 35.58656213, 33.827655600000014 ], [ 35.589066484999989, 33.824629817000016 ], [ 35.595132072000013, 33.82280769800002 ], [ 35.597908345, 33.823655700000018 ], [ 35.604294028000027, 33.820774436000022 ], [ 35.604473153000015, 33.819506260000026 ], [ 35.605637456000011, 33.819984095 ], [ 35.606390208, 33.818506696999975 ], [ 35.607837029999985, 33.820007897999972 ], [ 35.615157523999983, 33.818524224999976 ], [ 35.616387493, 33.817776399000024 ], [ 35.614113434999979, 33.816661468 ], [ 35.618385484999976, 33.815831894999974 ], [ 35.621267462999981, 33.813255618000028 ], [ 35.623875546000022, 33.814118528 ], [ 35.626367895999977, 33.812408797999979 ], [ 35.630019827000012, 33.813781877999986 ], [ 35.636471887000027, 33.8123162 ], [ 35.636446638999985, 33.807907496999974 ], [ 35.637577781, 33.807554776000018 ], [ 35.649815924, 33.810142525 ], [ 35.651648317000024, 33.811339530999987 ], [ 35.650903469000014, 33.81233153300002 ], [ 35.65277878, 33.812182141999983 ], [ 35.653522480999982, 33.813656475000016 ], [ 35.660154751999983, 33.813171776 ], [ 35.663212294, 33.808729538000023 ], [ 35.670643704999975, 33.806215587999986 ], [ 35.669305638000026, 33.805638457999976 ], [ 35.669709819, 33.804173057000014 ], [ 35.67325446000001, 33.802846994999982 ], [ 35.674937779, 33.805717625 ], [ 35.685190993, 33.804169222999974 ], [ 35.688434183000027, 33.806614562 ], [ 35.697447425, 33.804618482000024 ], [ 35.707579093999982, 33.808002736 ], [ 35.712625961000015, 33.80806279 ], [ 35.717557467, 33.805839642000024 ], [ 35.716859337000017, 33.804188905999979 ], [ 35.718522682000014, 33.799339171999975 ], [ 35.726047838999989, 33.799304373999973 ], [ 35.723806527000022, 33.795169541 ], [ 35.733490997, 33.795303234000016 ], [ 35.738599849000025, 33.796856557000012 ], [ 35.749544448, 33.8013133 ], [ 35.756455324, 33.807864345999974 ], [ 35.762711567, 33.810268335999979 ], [ 35.766900768000028, 33.808693725000012 ], [ 35.76800013899998, 33.803954799 ], [ 35.775097562999974, 33.797560487 ], [ 35.775028718999977, 33.794580181000015 ], [ 35.780663202000028, 33.791230004 ], [ 35.781859091, 33.790944140000022 ], [ 35.783022003999974, 33.792696866000028 ], [ 35.789546297000015, 33.792842224000026 ], [ 35.801023557, 33.789270583000018 ], [ 35.810572432000015, 33.792112383000017 ], [ 35.81176689, 33.789742376 ], [ 35.811420957, 33.787339769000027 ], [ 35.804876928, 33.780596328 ], [ 35.802380820999986, 33.771969392000017 ], [ 35.803019561999974, 33.770681594999985 ], [ 35.799827118999985, 33.766151396 ], [ 35.798612096999989, 33.76088482 ], [ 35.793834575, 33.752297898 ], [ 35.786327196, 33.747522318 ], [ 35.780843259, 33.740738610999983 ], [ 35.779240519999973, 33.744868651 ], [ 35.770281945000022, 33.736017796999988 ], [ 35.756068315, 33.739869172 ], [ 35.750717130999988, 33.743425235000018 ], [ 35.749406127999976, 33.742547205999983 ], [ 35.74178601, 33.745812254999976 ], [ 35.732238204, 33.746824431999983 ], [ 35.722607198, 33.745655063000015 ], [ 35.721512385999972, 33.747445915000014 ], [ 35.717419748999987, 33.746046418999981 ], [ 35.710634614000014, 33.751396844999988 ], [ 35.707619724999972, 33.752012547999982 ], [ 35.706781431000024, 33.753987406000022 ], [ 35.698563234, 33.756859485 ], [ 35.691080155, 33.750040461000026 ], [ 35.687489401999983, 33.748925970000016 ], [ 35.688526239, 33.747824453000021 ], [ 35.685808375000022, 33.743225493000011 ], [ 35.681249827999977, 33.73932892900001 ], [ 35.679572598999982, 33.739424246999988 ], [ 35.678072854, 33.736233917 ], [ 35.673921144000019, 33.734318866000024 ], [ 35.666890739, 33.739235754 ], [ 35.661992554, 33.736660132999987 ], [ 35.651281690000019, 33.738133526000013 ], [ 35.648415113999988, 33.740201219000028 ], [ 35.649204675000021, 33.742145505 ], [ 35.648178604, 33.743847749 ], [ 35.646746563000022, 33.742480277000027 ], [ 35.645240764999983, 33.745301768 ], [ 35.641233419, 33.74443962700002 ], [ 35.641696911999986, 33.74747282200002 ], [ 35.643595891000018, 33.749160338000024 ], [ 35.641561599999989, 33.749983918 ], [ 35.63772308, 33.749240019000013 ], [ 35.625617617999978, 33.738876624 ], [ 35.615829381000026, 33.736102301000017 ], [ 35.619954893999989, 33.73479684900002 ], [ 35.602169914, 33.729573576 ], [ 35.598128969000015, 33.72226660299998 ], [ 35.593590436999989, 33.723819982 ], [ 35.586447153999984, 33.723242465 ], [ 35.578286758, 33.725612538 ], [ 35.575406792000024, 33.724435152000012 ], [ 35.565266227, 33.726996919999976 ], [ 35.554163553000024, 33.719328444999974 ], [ 35.545804799, 33.718108176999976 ], [ 35.540978571999972, 33.712135376999981 ], [ 35.528579786000023, 33.707943853000017 ], [ 35.52734971000001, 33.708749812 ], [ 35.52343504800001, 33.707585214 ], [ 35.518819915999984, 33.705318283 ], [ 35.516421348999984, 33.706524624 ], [ 35.513097341, 33.706080160999988 ], [ 35.510099212, 33.703846102999989 ], [ 35.50472900699998, 33.702442199000018 ], [ 35.500699746, 33.704469973000016 ], [ 35.500337746000014, 33.701958312999977 ], [ 35.498052821999977, 33.702878949000024 ], [ 35.491081124, 33.701441235 ], [ 35.493044371, 33.711200924000025 ], [ 35.489214302, 33.707182541 ], [ 35.487367477000021, 33.708535448000021 ], [ 35.487391315000025, 33.71208427800002 ], [ 35.488441533000014, 33.712131684999974 ], [ 35.486846555999989, 33.713805401 ], [ 35.487440112, 33.715617849000012 ], [ 35.480357081000022, 33.716296414 ], [ 35.479294986000014, 33.717105468 ], [ 35.479328527, 33.720382885999982 ], [ 35.474841061, 33.719941978 ], [ 35.471348945999978, 33.717739191000021 ], [ 35.468910110000024, 33.72315722899998 ], [ 35.474028130000022, 33.723081592000028 ], [ 35.474210619000019, 33.727499191 ], [ 35.479480790000025, 33.726960743 ], [ 35.479924711000024, 33.728183248 ], [ 35.476267456000016, 33.729795577 ], [ 35.473549418, 33.728932231999977 ], [ 35.472393392000015, 33.730361843000026 ], [ 35.469246661999989, 33.730438533999973 ], [ 35.467303356, 33.732300103999989 ], [ 35.464388413, 33.732174932000021 ], [ 35.461819799000011, 33.733962572999985 ], [ 35.467113685000015, 33.737175186 ], [ 35.46708, 33.738705590999984 ], [ 35.465971172000025, 33.738897238999982 ], [ 35.466857154000024, 33.741111059 ], [ 35.471490624000012, 33.74457126599998 ], [ 35.475337234, 33.742165594000028 ], [ 35.480412371, 33.741516690000026 ], [ 35.481211609000013, 33.74274114100001 ], [ 35.482707614999981, 33.741362900000013 ], [ 35.490876254, 33.740276037 ], [ 35.489306978, 33.743491543 ], [ 35.483508175, 33.746126677 ], [ 35.479021273, 33.751843904 ], [ 35.471155942999985, 33.75326981500001 ], [ 35.465476272999979, 33.752572510999983 ], [ 35.465205215000026, 33.756912917000022 ], [ 35.466294081, 33.759055198999988 ], [ 35.468332518000011, 33.759774983999989 ], [ 35.465440925999985, 33.761741909000023 ], [ 35.460866533, 33.761198678000028 ], [ 35.460069198999975, 33.763768404000018 ], [ 35.463279237, 33.766158643999972 ], [ 35.464254688999972, 33.769471587999988 ], [ 35.465467323999974, 33.769391770000027 ], [ 35.466970493000019, 33.774841504 ], [ 35.469016200999988, 33.776466726000024 ], [ 35.468646564999972, 33.778287605 ], [ 35.469917942999984, 33.777665501 ], [ 35.473185931999978, 33.783701404999988 ], [ 35.474468154000022, 33.783913731999974 ], [ 35.475007602, 33.786617228000011 ], [ 35.473432479, 33.786759895999978 ], [ 35.472357338999984, 33.787554614999976 ], [ 35.474716055999977, 33.786875138000028 ], [ 35.478343548, 33.791501220999976 ], [ 35.477608961999977, 33.79757529699998 ], [ 35.480034075999981, 33.803016387000014 ], [ 35.478503176, 33.804016246 ], [ 35.478198866000014, 33.804982571999972 ], [ 35.479719439, 33.804454817000021 ], [ 35.479284194, 33.805655329 ], [ 35.480196678000027, 33.805616814000018 ], [ 35.481813785999975, 33.810749890000011 ], [ 35.481824655000025, 33.81285021399998 ], [ 35.480758746, 33.81321559700001 ], [ 35.482586060000017, 33.815916464999987 ], [ 35.482881415, 33.820670106000023 ], [ 35.481553035, 33.825435425000023 ], [ 35.483732447000023, 33.826747880000028 ], [ 35.493484836, 33.825599339 ], [ 35.496110398999974, 33.826518846 ], [ 35.499493457000028, 33.824878692000027 ], [ 35.498987403, 33.822430903999987 ], [ 35.508798629000012, 33.829719834 ] ] ] } },
{ "type": "Feature", "properties": { "adm2_name": "Baabda", "adm2_name1": "بعبدا", "adm2_pcode": "LB32", "adm1_name": "Mount Lebanon", "adm1_name1": "جبل لبنان", "adm1_pcode": "LB3", "center_lat": 33.84143383, "center_lon": 35.70041756 }, "geometry": { "type": "Polygon", "coordinates": [ [ [ 35.798788667, 33.887649039 ], [ 35.821011240000018, 33.885694721999982 ], [ 35.830862299999978, 33.881758602 ], [ 35.838456119999989, 33.883164987999976 ], [ 35.846948027999986, 33.882309029999988 ], [ 35.843914611, 33.879581874 ], [ 35.842213045, 33.880216388 ], [ 35.834001507999972, 33.87727408500001 ], [ 35.832337740000014, 33.87394996 ], [ 35.833060752, 33.871370346 ], [ 35.825612719, 33.869211773000018 ], [ 35.825812966, 33.866233038000018 ], [ 35.823896962, 33.861974831999987 ], [ 35.813868317000015, 33.854017232 ], [ 35.81017477, 33.848527220999983 ], [ 35.797829557999989, 33.841086970999982 ], [ 35.796610202000011, 33.837422742 ], [ 35.797074543, 33.833317916999988 ], [ 35.801081623000016, 33.829964003999976 ], [ 35.802586147999989, 33.825971474000028 ], [ 35.799781427000028, 33.826252556999975 ], [ 35.796284273000026, 33.822967248999987 ], [ 35.791930144999981, 33.823017100000015 ], [ 35.789634283999987, 33.813769407 ], [ 35.790289829000017, 33.811559956 ], [ 35.792944423999984, 33.809409797 ], [ 35.790985369999987, 33.808642873999986 ], [ 35.784801877, 33.809667296999976 ], [ 35.780685786999982, 33.81268864499998 ], [ 35.766164033, 33.809091543000022 ], [ 35.761166742, 33.810057770000014 ], [ 35.756284419999986, 33.807741897000028 ], [ 35.749544448, 33.8013133 ], [ 35.734526458, 33.79544045 ], [ 35.723518889, 33.795240665 ], [ 35.726047838999989, 33.799304373999973 ], [ 35.718522682000014, 33.799339171999975 ], [ 35.716859337000017, 33.804188905999979 ], [ 35.717557467, 33.805839642000024 ], [ 35.711967314999981, 33.808145659 ], [ 35.707579093999982, 33.808002736 ], [ 35.697447425, 33.804618482000024 ], [ 35.688434183000027, 33.806614562 ], [ 35.685190993, 33.804169222999974 ], [ 35.674937779, 33.805717625 ], [ 35.67325446000001, 33.802846994999982 ], [ 35.669709819, 33.804173057000014 ], [ 35.669305638000026, 33.805638457999976 ], [ 35.670643704999975, 33.806215587999986 ], [ 35.663212294, 33.808729538000023 ], [ 35.660154751999983, 33.813171776 ], [ 35.653522480999982, 33.813656475000016 ], [ 35.65277878, 33.812182141999983 ], [ 35.650903469000014, 33.81233153300002 ], [ 35.651648317000024, 33.811339530999987 ], [ 35.649815924, 33.810142525 ], [ 35.637577781, 33.807554776000018 ], [ 35.636446638999985, 33.807907496999974 ], [ 35.636471887000027, 33.8123162 ], [ 35.630019827000012, 33.813781877999986 ], [ 35.626367895999977, 33.812408797999979 ], [ 35.623875546000022, 33.814118528 ], [ 35.621267462999981, 33.813255618000028 ], [ 35.618385484999976, 33.815831894999974 ], [ 35.614113434999979, 33.816661468 ], [ 35.616387493, 33.817776399000024 ], [ 35.615157523999983, 33.818524224999976 ], [ 35.607837029999985, 33.820007897999972 ], [ 35.606390208, 33.818506696999975 ], [ 35.605637456000011, 33.819984095 ], [ 35.604473153000015, 33.819506260000026 ], [ 35.604294028000027, 33.820774436000022 ], [ 35.597908345, 33.823655700000018 ], [ 35.595132072000013, 33.82280769800002 ], [ 35.589066484999989, 33.824629817000016 ], [ 35.58656213, 33.827655600000014 ], [ 35.573036735000017, 33.829129427999987 ], [ 35.573238441, 33.823768195000014 ], [ 35.575637804999985, 33.822723880000012 ], [ 35.572201518999975, 33.821460253999987 ], [ 35.570078301000024, 33.818991802000028 ], [ 35.567170624000028, 33.819528672999979 ], [ 35.571612368, 33.813658259000022 ], [ 35.565033265000011, 33.81565824 ], [ 35.563147554000011, 33.812880571 ], [ 35.561449359, 33.814865656 ], [ 35.560134136999977, 33.812868627 ], [ 35.556455340000014, 33.816131988999985 ], [ 35.555010125000024, 33.814871454000013 ], [ 35.547127578000016, 33.81492864 ], [ 35.545659199, 33.812512869999978 ], [ 35.545162999000013, 33.813645195999982 ], [ 35.543839207000019, 33.812258504 ], [ 35.545336877000011, 33.808356437999976 ], [ 35.542063186, 33.808886699000027 ], [ 35.542661765, 33.805759078 ], [ 35.545355151000024, 33.803777347 ], [ 35.545209033, 33.799909623000019 ], [ 35.541409449000014, 33.798885343999984 ], [ 35.539855250000016, 33.799872516 ], [ 35.538565706999975, 33.798477113 ], [ 35.536578178000013, 33.802307940999981 ], [ 35.534491660000015, 33.802575261000015 ], [ 35.532952326999975, 33.806716435999988 ], [ 35.529587559, 33.80749289 ], [ 35.528443986000013, 33.810943045999977 ], [ 35.521091578999972, 33.814108208999983 ], [ 35.527703867000014, 33.823049253000022 ], [ 35.518634623000025, 33.823926025999981 ], [ 35.515461007, 33.826424334000023 ], [ 35.515064686000017, 33.828675068999985 ], [ 35.509077403999981, 33.829822004999983 ], [ 35.498987403, 33.822430903999987 ], [ 35.499493457000028, 33.824878692000027 ], [ 35.496110398999974, 33.826518846 ], [ 35.493484836, 33.825599339 ], [ 35.483732447000023, 33.826747880000028 ], [ 35.481553035, 33.825435425000023 ], [ 35.477540438, 33.840248116999987 ], [ 35.479401527, 33.842631188999974 ], [ 35.480695018, 33.841832142999976 ], [ 35.480407039, 33.83709847199998 ], [ 35.481688162000012, 33.835746353 ], [ 35.484202227000026, 33.84148919 ], [ 35.482550022, 33.851558452 ], [ 35.48375577600001, 33.852650875999984 ], [ 35.483030187, 33.859608095 ], [ 35.482230712999979, 33.863426053000012 ], [ 35.479430928999989, 33.867141643000025 ], [ 35.503111532999981, 33.867704628000013 ], [ 35.502996102, 33.863134447 ], [ 35.510504363999985, 33.862835247000021 ], [ 35.508993116999989, 33.865673970999978 ], [ 35.509860190999973, 33.867876043000024 ], [ 35.514785787, 33.869908044 ], [ 35.514796932000024, 33.871045102999972 ], [ 35.516886570999986, 33.870964876000016 ], [ 35.518910682000012, 33.874816445000022 ], [ 35.524501497000017, 33.877416568 ], [ 35.53005579, 33.877316919 ], [ 35.529623156000014, 33.875279912 ], [ 35.53197172900002, 33.870986374999973 ], [ 35.531646624000018, 33.865251417000025 ], [ 35.535993442, 33.864919785999973 ], [ 35.536131448, 33.861745556000017 ], [ 35.546767854999985, 33.861105727 ], [ 35.550242216000015, 33.859511016 ], [ 35.550588867999977, 33.857032398 ], [ 35.553755109, 33.855760971999985 ], [ 35.556419038, 33.857144075 ], [ 35.557493427999987, 33.847717913999986 ], [ 35.559725312000012, 33.844748304 ], [ 35.563719960000014, 33.84588942 ], [ 35.570316305, 33.845175281000024 ], [ 35.571581816, 33.841793743999972 ], [ 35.57611153, 33.843031485999973 ], [ 35.581846204999977, 33.839163821999989 ], [ 35.591985373999989, 33.840741894000018 ], [ 35.5963739, 33.839023528999974 ], [ 35.611914796, 33.846943833000012 ], [ 35.614371898, 33.857323784000016 ], [ 35.616917144000013, 33.862027781999984 ], [ 35.634699015000024, 33.872563593 ], [ 35.640571755999986, 33.872546226 ], [ 35.648742147, 33.874515404000022 ], [ 35.65235506800002, 33.873639430000026 ], [ 35.66137794399998, 33.87561344400001 ], [ 35.664220075, 33.877922787999978 ], [ 35.668683889000022, 33.87826938500001 ], [ 35.672180524, 33.880068408 ], [ 35.684271583, 33.881942472999981 ], [ 35.688546694000024, 33.881225837999978 ], [ 35.695333444000028, 33.882641218 ], [ 35.701595809000025, 33.880783558000019 ], [ 35.702714196999978, 33.882562826000026 ], [ 35.71997067, 33.881947296000021 ], [ 35.728609103, 33.883562171999984 ], [ 35.73169926700001, 33.883418979999988 ], [ 35.738567079, 33.879645378000021 ], [ 35.744413969, 33.882934649999982 ], [ 35.745944620999978, 33.878968756 ], [ 35.752583180999977, 33.878766486000018 ], [ 35.757013730999972, 33.875942926999983 ], [ 35.769943753, 33.879638301 ], [ 35.773395404999974, 33.879069904 ], [ 35.774942835, 33.880863060000024 ], [ 35.782934506, 33.884202284000025 ], [ 35.798788667, 33.887649039 ] ] ] } },
{ "type": "Feature", "properties": { "adm2_name": "Chouf", "adm2_name1": "الشوف", "adm2_pcode": "LB33", "adm1_name": "Mount Lebanon", "adm1_name1": "جبل لبنان", "adm1_pcode": "LB3", "center_lat": 33.62772824, "center_lon": 35.53655936 }, "geometry": { "type": "Polygon", "coordinates": [ [ [ 35.459222063000027, 33.763390058000027 ], [ 35.461047215, 33.763234561 ], [ 35.460866533, 33.761198678000028 ], [ 35.467724781000015, 33.760973056000012 ], [ 35.468332518000011, 33.759774983999989 ], [ 35.466294081, 33.759055198999988 ], [ 35.465205215000026, 33.756912917000022 ], [ 35.465476272999979, 33.752572510999983 ], [ 35.471155942999985, 33.75326981500001 ], [ 35.479021273, 33.751843904 ], [ 35.483508175, 33.746126677 ], [ 35.489306978, 33.743491543 ], [ 35.490876254, 33.740276037 ], [ 35.482707614999981, 33.741362900000013 ], [ 35.481211609000013, 33.74274114100001 ], [ 35.480412371, 33.741516690000026 ], [ 35.475337234, 33.742165594000028 ], [ 35.471490624000012, 33.74457126599998 ], [ 35.466857154000024, 33.741111059 ], [ 35.465971172000025, 33.738897238999982 ], [ 35.46708, 33.738705590999984 ], [ 35.467113685000015, 33.737175186 ], [ 35.461819799000011, 33.733962572999985 ], [ 35.464388413, 33.732174932000021 ], [ 35.467303356, 33.732300103999989 ], [ 35.469246661999989, 33.730438533999973 ], [ 35.472393392000015, 33.730361843000026 ], [ 35.473549418, 33.728932231999977 ], [ 35.476267456000016, 33.729795577 ], [ 35.479924711000024, 33.728183248 ], [ 35.479480790000025, 33.726960743 ], [ 35.474210619000019, 33.727499191 ], [ 35.474028130000022, 33.723081592000028 ], [ 35.468910110000024, 33.72315722899998 ], [ 35.471348945999978, 33.717739191000021 ], [ 35.474841061, 33.719941978 ], [ 35.479328527, 33.720382885999982 ], [ 35.479294986000014, 33.717105468 ], [ 35.480357081000022, 33.716296414 ], [ 35.487440112, 33.715617849000012 ], [ 35.486846555999989, 33.713805401 ], [ 35.488441533000014, 33.712131684999974 ], [ 35.487391315000025, 33.71208427800002 ], [ 35.487367477000021, 33.708535448000021 ], [ 35.489214302, 33.707182541 ], [ 35.493044371, 33.711200924000025 ], [ 35.491081124, 33.701441235 ], [ 35.498052821999977, 33.702878949000024 ], [ 35.500337746000014, 33.701958312999977 ], [ 35.500699746, 33.704469973000016 ], [ 35.50472900699998, 33.702442199000018 ], [ 35.510099212, 33.703846102999989 ], [ 35.513097341, 33.706080160999988 ], [ 35.516421348999984, 33.706524624 ], [ 35.518819915999984, 33.705318283 ], [ 35.52343504800001, 33.707585214 ], [ 35.52734971000001, 33.708749812 ], [ 35.528579786000023, 33.707943853000017 ], [ 35.540978571999972, 33.712135376999981 ], [ 35.545804799, 33.718108176999976 ], [ 35.554163553000024, 33.719328444999974 ], [ 35.565266227, 33.726996919999976 ], [ 35.575406792000024, 33.724435152000012 ], [ 35.578286758, 33.725612538 ], [ 35.586447153999984, 33.723242465 ], [ 35.593590436999989, 33.723819982 ], [ 35.598128969000015, 33.72226660299998 ], [ 35.602169914, 33.729573576 ], [ 35.619954893999989, 33.73479684900002 ], [ 35.615829381000026, 33.736102301000017 ], [ 35.625617617999978, 33.738876624 ], [ 35.63772308, 33.749240019000013 ], [ 35.641561599999989, 33.749983918 ], [ 35.643595891000018, 33.749160338000024 ], [ 35.641696911999986, 33.74747282200002 ], [ 35.641233419, 33.74443962700002 ], [ 35.645240764999983, 33.745301768 ], [ 35.646746563000022, 33.742480277000027 ], [ 35.648178604, 33.743847749 ], [ 35.649204675000021, 33.742145505 ], [ 35.648415113999988, 33.740201219000028 ], [ 35.651281690000019, 33.738133526000013 ], [ 35.661992554, 33.736660132999987 ], [ 35.666890739, 33.739235754 ], [ 35.673921144000019, 33.734318866000024 ], [ 35.678072854, 33.736233917 ], [ 35.679572598999982, 33.739424246999988 ], [ 35.681249827999977, 33.73932892900001 ], [ 35.685808375000022, 33.743225493000011 ], [ 35.688526239, 33.747824453000021 ], [ 35.687489401999983, 33.748925970000016 ], [ 35.691080155, 33.750040461000026 ], [ 35.698563234, 33.756859485 ], [ 35.706781431000024, 33.753987406000022 ], [ 35.707619724999972, 33.752012547999982 ], [ 35.710634614000014, 33.751396844999988 ], [ 35.717419748999987, 33.746046418999981 ], [ 35.721512385999972, 33.747445915000014 ], [ 35.722607198, 33.745655063000015 ], [ 35.732238204, 33.746824431999983 ], [ 35.74178601, 33.745812254999976 ], [ 35.749406127999976, 33.742547205999983 ], [ 35.750717130999988, 33.743425235000018 ], [ 35.756068315, 33.739869172 ], [ 35.770281945000022, 33.736017796999988 ], [ 35.766862001999982, 33.733628597 ], [ 35.76411600900002, 33.733506111999986 ], [ 35.759898043000021, 33.726323211000022 ], [ 35.760751215000028, 33.722770851 ], [ 35.752387073000023, 33.717682017000016 ], [ 35.74443414000001, 33.723882479999986 ], [ 35.73628663, 33.724983907000023 ], [ 35.735835038, 33.722464671000012 ], [ 35.737701701, 33.720615462000012 ], [ 35.739711436999983, 33.714530834000016 ], [ 35.746905712, 33.707760513999972 ], [ 35.748843061, 33.709764636999978 ], [ 35.75411260300001, 33.707785824999974 ], [ 35.759565055999985, 33.708934008000028 ], [ 35.753765760000022, 33.696486990999972 ], [ 35.749747241000023, 33.698197747 ], [ 35.745998037, 33.705522927 ], [ 35.742723098, 33.700725434999981 ], [ 35.735879806000014, 33.695818035 ], [ 35.732395261000022, 33.68896027 ], [ 35.724595753000017, 33.692126783 ], [ 35.715529446, 33.683240732 ], [ 35.713047108000012, 33.684393434000015 ], [ 35.706755085, 33.679272928999978 ], [ 35.699182173999986, 33.676524879999988 ], [ 35.699215421000019, 33.672027187000026 ], [ 35.702030703999981, 33.667087746999982 ], [ 35.703431551, 33.666828861999988 ], [ 35.705855225999983, 33.659203806999983 ], [ 35.707001085, 33.659678174000021 ], [ 35.709029930999975, 33.657002439 ], [ 35.713706603999981, 33.654398061999984 ], [ 35.708192646999976, 33.653070488000026 ], [ 35.703498748000015, 33.656088451000016 ], [ 35.704113813, 33.658104813000023 ], [ 35.701465359999986, 33.661522750000017 ], [ 35.701355447000026, 33.664265320000027 ], [ 35.69664290999998, 33.668454277000023 ], [ 35.69523081, 33.665779322 ], [ 35.695797082000013, 33.663186296999982 ], [ 35.691800988000011, 33.659112471000014 ], [ 35.691544625, 33.654950311999983 ], [ 35.686775298999976, 33.646168054999976 ], [ 35.683435229, 33.643996526000024 ], [ 35.68206109800002, 33.639860418000012 ], [ 35.674241935999987, 33.631935477000013 ], [ 35.674181517000022, 33.628016407000018 ], [ 35.661759126, 33.602043434999985 ], [ 35.658518851999986, 33.590807285999972 ], [ 35.65601357700001, 33.588817135 ], [ 35.654558927999972, 33.589162774999977 ], [ 35.653863349, 33.583186365000017 ], [ 35.654947864, 33.578874500999973 ], [ 35.648943583, 33.561266919 ], [ 35.650550904, 33.557693412999981 ], [ 35.647070625000026, 33.555549174000021 ], [ 35.646153432, 33.550827498999979 ], [ 35.642924554, 33.544869369000025 ], [ 35.643162497999981, 33.542726475 ], [ 35.634296646999985, 33.531760647 ], [ 35.63467241799998, 33.526000706 ], [ 35.630779213999972, 33.522312393999982 ], [ 35.633920964000026, 33.517871408000019 ], [ 35.631943601999978, 33.514902333 ], [ 35.629012914999976, 33.514654692000022 ], [ 35.628700069999979, 33.512093359 ], [ 35.63207947, 33.510046124999974 ], [ 35.632872747000022, 33.508035152 ], [ 35.629869015999986, 33.506288494999978 ], [ 35.631250636, 33.49972412 ], [ 35.628075788999979, 33.497988094 ], [ 35.626098024999976, 33.494093346999989 ], [ 35.620586908, 33.491650646999972 ], [ 35.617934296999977, 33.49212596000001 ], [ 35.620034203999978, 33.498279028000013 ], [ 35.619249352999987, 33.505002744000024 ], [ 35.613469996, 33.503099702999975 ], [ 35.609139307000021, 33.504474212 ], [ 35.614370323, 33.508219484 ], [ 35.612136470999985, 33.513016 ], [ 35.616319772, 33.520533006 ], [ 35.616573702999972, 33.523474589999978 ], [ 35.614227305999975, 33.525481257000024 ], [ 35.612098194, 33.536995531 ], [ 35.609795384999984, 33.542633627999976 ], [ 35.596257519, 33.550336285000014 ], [ 35.594251426000028, 33.555426415999989 ], [ 35.593332885, 33.55514337 ], [ 35.597036714000012, 33.561461082999983 ], [ 35.59924421, 33.561802473 ], [ 35.602541729999984, 33.56910131 ], [ 35.605403457000023, 33.571122668999976 ], [ 35.603474504000019, 33.571843890000025 ], [ 35.603427349000015, 33.579570210999975 ], [ 35.596050672, 33.592018893999978 ], [ 35.594993252, 33.589556008999978 ], [ 35.594872023999983, 33.592389513 ], [ 35.587031976999981, 33.588941015999978 ], [ 35.589884459000018, 33.587249247999978 ], [ 35.589437835000012, 33.58621387 ], [ 35.581920705000016, 33.590144172 ], [ 35.58162053, 33.585122307 ], [ 35.578514702, 33.583829193999975 ], [ 35.576288593000015, 33.58633679899998 ], [ 35.579376501000013, 33.588039798000011 ], [ 35.577794899000025, 33.590708484 ], [ 35.571985634999976, 33.590236546000028 ], [ 35.568716501999972, 33.592293674000018 ], [ 35.567694838000023, 33.591164639 ], [ 35.565983381000024, 33.594222474999981 ], [ 35.566562544000021, 33.597513572000025 ], [ 35.563164783, 33.596221969 ], [ 35.561492247999979, 33.59735626600002 ], [ 35.558043880000014, 33.594078834000015 ], [ 35.555122392999976, 33.594819282 ], [ 35.553528444, 33.589707686999986 ], [ 35.547514327999977, 33.590263527 ], [ 35.54779520400001, 33.587313483 ], [ 35.544575058000021, 33.586585717 ], [ 35.543176825999979, 33.584355301000016 ], [ 35.53433779400001, 33.579630668999982 ], [ 35.532173582999974, 33.581439691000014 ], [ 35.525542799999982, 33.579920464999987 ], [ 35.523271892000025, 33.581811716 ], [ 35.517973632, 33.581855581000013 ], [ 35.508071062, 33.575165588 ], [ 35.504390597999986, 33.575946104000025 ], [ 35.501003229999981, 33.573440209000012 ], [ 35.499125616000015, 33.574232710999979 ], [ 35.49786279, 33.573174779 ], [ 35.487476104999985, 33.573719429999983 ], [ 35.483806427, 33.571078484999987 ], [ 35.481636938, 33.573056485999984 ], [ 35.478491639000026, 33.571731829999976 ], [ 35.477006556, 33.574426368 ], [ 35.475936865, 33.566205473000025 ], [ 35.47313214899998, 33.563045015 ], [ 35.471147158, 33.568473182999981 ], [ 35.46919417700002, 33.566429442000015 ], [ 35.466693995000014, 33.56633647000001 ], [ 35.46603372300001, 33.564593781999974 ], [ 35.45970377499998, 33.564868452999974 ], [ 35.456891596999981, 33.569014152000022 ], [ 35.451779812999973, 33.566698739 ], [ 35.448582842, 33.571993545999987 ], [ 35.44666987, 33.572629801 ], [ 35.446480052000027, 33.574442109000017 ], [ 35.444935819000023, 33.572944142999972 ], [ 35.445702993, 33.571047341999986 ], [ 35.439843060999976, 33.574663147000024 ], [ 35.438863401999981, 33.573592985 ], [ 35.440161838, 33.572064389 ], [ 35.434872149, 33.570392588 ], [ 35.433049847, 33.57300362 ], [ 35.430559010000025, 33.572489940000025 ], [ 35.429064184000026, 33.574192607999976 ], [ 35.429527409, 33.575297928 ], [ 35.432131561, 33.575300724999977 ], [ 35.431520283999987, 33.57630403600001 ], [ 35.425072709, 33.57772543599998 ], [ 35.422805241999981, 33.579262981 ], [ 35.424358777, 33.579805043000022 ], [ 35.423527563999983, 33.581012265000027 ], [ 35.412204894000013, 33.581169983 ], [ 35.411335840999982, 33.581725849 ], [ 35.412060528999973, 33.583200009 ], [ 35.410506344999988, 33.583776895000028 ], [ 35.405996124000012, 33.581440972999985 ], [ 35.404232078, 33.584545638 ], [ 35.398593741000013, 33.587046038999972 ], [ 35.385821744999987, 33.589212389000011 ], [ 35.387916745999974, 33.595514346000016 ], [ 35.388391250999973, 33.606548255 ], [ 35.395901790999972, 33.608030331 ], [ 35.399475173999974, 33.618003757 ], [ 35.398372467, 33.623257207999984 ], [ 35.399427129, 33.628868983000018 ], [ 35.398858973000017, 33.636412716 ], [ 35.400097415, 33.638185685 ], [ 35.397835292000025, 33.647181929 ], [ 35.400789852, 33.650092352 ], [ 35.400383546, 33.648822231999986 ], [ 35.404015838000021, 33.648903442 ], [ 35.405135427, 33.651715926 ], [ 35.40513295400001, 33.650042617999986 ], [ 35.406696565, 33.648929405 ], [ 35.40762558900002, 33.650560629999973 ], [ 35.412627292000025, 33.650874069 ], [ 35.414846394, 33.653356353999982 ], [ 35.41739837, 33.66245791 ], [ 35.418487328000026, 33.682542521000016 ], [ 35.418250865, 33.685250544999974 ], [ 35.415862098, 33.688376786 ], [ 35.422740132, 33.695659827999975 ], [ 35.427982703, 33.695468077999976 ], [ 35.42902365499998, 33.696743223999988 ], [ 35.436574921999977, 33.698307848000013 ], [ 35.439137824, 33.705941458999973 ], [ 35.443453797000018, 33.710830757 ], [ 35.44431309700002, 33.727925073 ], [ 35.448588148999988, 33.746222554999974 ], [ 35.451447497, 33.752855571 ], [ 35.453985554999974, 33.754890975000023 ], [ 35.459222063000027, 33.763390058000027 ] ] ] } },
{ "type": "Feature", "properties": { "adm2_name": "Jbeil", "adm2_name1": "جبيل", "adm2_pcode": "LB34", "adm1_name": "Keserwan-Jbeil", "adm1_name1": "كسروان - جبيل", "adm1_pcode": "LB9", "center_lat": 34.12477919, "center_lon": 35.82897274 }, "geometry": { "type": "Polygon", "coordinates": [ [ [ 35.67586632299998, 34.210725957000022 ], [ 35.681630118999976, 34.209884011999975 ], [ 35.680140083000026, 34.204917919000025 ], [ 35.693906801000026, 34.192639062000012 ], [ 35.702968915999975, 34.194237284999986 ], [ 35.716881726, 34.194183297 ], [ 35.733787770999982, 34.183002712000018 ], [ 35.739285611000014, 34.18339849900002 ], [ 35.746031174999985, 34.181800113 ], [ 35.74766239600001, 34.185534239 ], [ 35.748946164000017, 34.184316417 ], [ 35.757507616999987, 34.184251214000028 ], [ 35.758176188999983, 34.186060828 ], [ 35.761617791, 34.187115515000016 ], [ 35.763410879999981, 34.192510364999976 ], [ 35.768637367999986, 34.192330535 ], [ 35.773042410000016, 34.196899374 ], [ 35.781215594, 34.193520501000023 ], [ 35.788351479000028, 34.193243837000011 ], [ 35.790505350999979, 34.189334314 ], [ 35.792888931, 34.188532131999978 ], [ 35.790925292, 34.187478328 ], [ 35.790282307999973, 34.185218269000018 ], [ 35.791987887, 34.183952821 ], [ 35.791059327000028, 34.183565687999987 ], [ 35.791900064, 34.181583163000028 ], [ 35.793329506000021, 34.18145623700002 ], [ 35.805219946000022, 34.182684848 ], [ 35.811285134, 34.181869624 ], [ 35.808771977999982, 34.185571051000011 ], [ 35.809757822999984, 34.188417632999972 ], [ 35.808951502000014, 34.189074182000013 ], [ 35.810112791999984, 34.189075577999972 ], [ 35.807986788, 34.194220436000023 ], [ 35.812911827999983, 34.193810964000022 ], [ 35.814696235999975, 34.191056049 ], [ 35.820618680999985, 34.187852415 ], [ 35.82355603100001, 34.189603926000018 ], [ 35.838706081999987, 34.191157261 ], [ 35.83942829, 34.190469602 ], [ 35.8379602, 34.18928543200002 ], [ 35.839767541000015, 34.188513533999981 ], [ 35.839906702, 34.187010601999987 ], [ 35.85272914799998, 34.181552006 ], [ 35.860151289999976, 34.175992377 ], [ 35.866394029999981, 34.175433055999974 ], [ 35.867129557999988, 34.171515135999982 ], [ 35.864847311, 34.164970516999972 ], [ 35.868071502000021, 34.164372694 ], [ 35.866571669, 34.159152135999989 ], [ 35.88074102500002, 34.155490247999978 ], [ 35.879485158000023, 34.152167513 ], [ 35.886626477999982, 34.15228822 ], [ 35.888583045000019, 34.1536142 ], [ 35.889664455, 34.151795263999986 ], [ 35.892668452, 34.152601144000016 ], [ 35.892958395999983, 34.154226914999981 ], [ 35.895408423, 34.154291764999982 ], [ 35.900872478999986, 34.152474102999975 ], [ 35.909892529999979, 34.156638080999983 ], [ 35.912514381, 34.155456733999983 ], [ 35.922809797000014, 34.155166634000011 ], [ 35.927022589999979, 34.156028751 ], [ 35.92807688, 34.157725616 ], [ 35.93244633, 34.156476511 ], [ 35.934071991, 34.158073552000019 ], [ 35.934035209, 34.160671743000023 ], [ 35.938110349, 34.165186845999983 ], [ 35.950633024000012, 34.166417663 ], [ 35.955796694000014, 34.163749825000025 ], [ 35.95789713, 34.160337516000027 ], [ 35.960133742999972, 34.159146812000017 ], [ 35.964498817999981, 34.161693653999976 ], [ 35.969961295000019, 34.158662209999989 ], [ 35.976900295, 34.157541816 ], [ 35.978001942, 34.154716018999977 ], [ 35.979868555999985, 34.153986971 ], [ 35.987480243, 34.154131947 ], [ 35.990964114, 34.151532958000018 ], [ 36.004860845, 34.148737043999972 ], [ 36.010416677000023, 34.14619129 ], [ 36.013977389, 34.140316354 ], [ 36.012720308999974, 34.135488453999983 ], [ 36.014921883999989, 34.126553591 ], [ 36.013668269, 34.122630873 ], [ 36.009814714000015, 34.118721228000027 ], [ 36.005783811000015, 34.110196439 ], [ 36.004308948000016, 34.098099287000025 ], [ 36.002052944000013, 34.092828610000026 ], [ 36.003049901, 34.087855354999988 ], [ 35.99616641, 34.087183015 ], [ 35.994249317000026, 34.088077601 ], [ 35.98416609100002, 34.08578759400001 ], [ 35.974585190000028, 34.047739213 ], [ 35.968091410999989, 34.038514954 ], [ 35.966465740999979, 34.041429689999973 ], [ 35.963417825000022, 34.043235967999976 ], [ 35.956762860000026, 34.056142509999972 ], [ 35.951689682999984, 34.059986361000028 ], [ 35.94635802, 34.071334965 ], [ 35.939407642999981, 34.075000015 ], [ 35.940669948, 34.070329336999976 ], [ 35.935260449, 34.069867250000016 ], [ 35.931132772000012, 34.064731746 ], [ 35.922577191000016, 34.060018033 ], [ 35.911849444999973, 34.057623509999985 ], [ 35.908280661, 34.0553162 ], [ 35.906921843000021, 34.056085221999979 ], [ 35.906123865999973, 34.06037789200002 ], [ 35.901265903000024, 34.060186863000013 ], [ 35.897529791000011, 34.063055905 ], [ 35.894101568, 34.058908119000023 ], [ 35.888121684999987, 34.058958664999977 ], [ 35.875756169999988, 34.055178001 ], [ 35.876164140000014, 34.059571160000019 ], [ 35.866324336, 34.058309716 ], [ 35.862782531999983, 34.059733333 ], [ 35.862293792, 34.058814326 ], [ 35.859465564, 34.06078671 ], [ 35.856349997, 34.058755938 ], [ 35.85261534, 34.053698605000022 ], [ 35.846910732000026, 34.051121403000025 ], [ 35.840914613, 34.051387845000022 ], [ 35.83275065700002, 34.054539821 ], [ 35.826155287, 34.053111773000012 ], [ 35.821717751999984, 34.050617967999983 ], [ 35.818256507, 34.051513815000021 ], [ 35.812870493, 34.050101204999976 ], [ 35.806730403000017, 34.046622291 ], [ 35.801016597, 34.047954313999981 ], [ 35.789072615, 34.041276313000026 ], [ 35.787435093999989, 34.044783415999973 ], [ 35.792880356000012, 34.046118863 ], [ 35.793786765, 34.047369171000014 ], [ 35.789531619, 34.053987628000016 ], [ 35.779734544, 34.055390214999989 ], [ 35.780574963999982, 34.056687688000011 ], [ 35.779451661999985, 34.058785141999977 ], [ 35.784139031, 34.066228943999988 ], [ 35.787125676000016, 34.067406917000028 ], [ 35.784532029, 34.070461482999974 ], [ 35.78814753, 34.071488534000025 ], [ 35.792085128, 34.074834576 ], [ 35.792325625999979, 34.079241998999976 ], [ 35.790292507, 34.082346687999973 ], [ 35.780757656999981, 34.080634483999972 ], [ 35.775150644, 34.081577880999987 ], [ 35.767550746999973, 34.07772750700002 ], [ 35.758536666999987, 34.0774414 ], [ 35.746238577999975, 34.074774070999979 ], [ 35.733841395000013, 34.07504137 ], [ 35.692960944999982, 34.085144889 ], [ 35.68868743500002, 34.082912788999977 ], [ 35.681136062, 34.082486244999984 ], [ 35.678823008999984, 34.079873323000015 ], [ 35.667990647000011, 34.07618213500001 ], [ 35.66441260900001, 34.073372774 ], [ 35.661624537000023, 34.074024181000027 ], [ 35.657787239000015, 34.071795179999981 ], [ 35.657013947, 34.066375176 ], [ 35.653325447999975, 34.064702789000023 ], [ 35.651844445999984, 34.061418253999989 ], [ 35.648434571, 34.060270186000025 ], [ 35.646186205999982, 34.061328442 ], [ 35.64431073999998, 34.065550657000017 ], [ 35.642166280000026, 34.065179723000028 ], [ 35.641728082999975, 34.068775728999981 ], [ 35.643034823, 34.073638470999981 ], [ 35.646146868000017, 34.077055143999985 ], [ 35.649458154, 34.085954249999986 ], [ 35.648950135, 34.091184225 ], [ 35.647635748000027, 34.091742563000025 ], [ 35.647926950999988, 34.09379954000002 ], [ 35.649104349000027, 34.091786029 ], [ 35.648878674, 34.093351419999976 ], [ 35.651025092, 34.095134923999979 ], [ 35.650809319000018, 34.097303631999978 ], [ 35.648776456, 34.098540125 ], [ 35.650885038000013, 34.100669504999985 ], [ 35.649226854, 34.111622360000013 ], [ 35.648115255999983, 34.115307788999985 ], [ 35.645318261999989, 34.115603857999986 ], [ 35.646338231000016, 34.116530061 ], [ 35.644070871, 34.117362265 ], [ 35.644283821999977, 34.119669150999982 ], [ 35.642027526999982, 34.11994959499998 ], [ 35.643809384, 34.121695981000016 ], [ 35.641130972999974, 34.121840142999986 ], [ 35.643478163, 34.124574898 ], [ 35.640226579, 34.131247879 ], [ 35.642532244999984, 34.134655706 ], [ 35.628671617, 34.141603922 ], [ 35.626570717, 34.146499183 ], [ 35.626598149000017, 34.149826772999972 ], [ 35.628819416999988, 34.153630385999975 ], [ 35.628689668, 34.151931202000014 ], [ 35.630555816000026, 34.152938947 ], [ 35.630855322, 34.157954614 ], [ 35.633448500999975, 34.161713909000014 ], [ 35.631500571, 34.164175445000012 ], [ 35.630492882, 34.169244288000016 ], [ 35.631595066999978, 34.170811022 ], [ 35.630026790999977, 34.175203681000028 ], [ 35.632286237000017, 34.177049262000025 ], [ 35.63144087400002, 34.179781677 ], [ 35.633192505000011, 34.181190534999985 ], [ 35.632374664, 34.183279014999982 ], [ 35.634836597, 34.187179603 ], [ 35.631790435000028, 34.191908626999975 ], [ 35.636292132, 34.197849917999974 ], [ 35.63575159200002, 34.200335225 ], [ 35.638369665000027, 34.204681285 ], [ 35.647994132, 34.210661131999984 ], [ 35.652441795000016, 34.209344198 ], [ 35.665689283, 34.209781454999984 ], [ 35.668795874000011, 34.208744895 ], [ 35.671502627, 34.210406187 ], [ 35.675032796999972, 34.209238305999975 ], [ 35.67586632299998, 34.210725957000022 ] ] ] } },
{ "type": "Feature", "properties": { "adm2_name": "Kesrwane", "adm2_name1": "كسروان", "adm2_pcode": "LB35", "adm1_name": "Keserwan-Jbeil", "adm1_name1": "كسروان - جبيل", "adm1_pcode": "LB9", "center_lat": 34.01278444, "center_lon": 35.79063269 }, "geometry": { "type": "Polygon", "coordinates": [ [ [ 35.692960944999982, 34.085144889 ], [ 35.731219247000013, 34.075315644999989 ], [ 35.745623411999986, 34.074742022 ], [ 35.758536666999987, 34.0774414 ], [ 35.767550746999973, 34.07772750700002 ], [ 35.775150644, 34.081577880999987 ], [ 35.780757656999981, 34.080634483999972 ], [ 35.790292507, 34.082346687999973 ], [ 35.792325625999979, 34.079241998999976 ], [ 35.792085128, 34.074834576 ], [ 35.78814753, 34.071488534000025 ], [ 35.784532029, 34.070461482999974 ], [ 35.787125676000016, 34.067406917000028 ], [ 35.784139031, 34.066228943999988 ], [ 35.779451661999985, 34.058785141999977 ], [ 35.780574963999982, 34.056687688000011 ], [ 35.779734544, 34.055390214999989 ], [ 35.789531619, 34.053987628000016 ], [ 35.793786765, 34.047369171000014 ], [ 35.792880356000012, 34.046118863 ], [ 35.787435093999989, 34.044783415999973 ], [ 35.789072615, 34.041276313000026 ], [ 35.801016597, 34.047954313999981 ], [ 35.806730403000017, 34.046622291 ], [ 35.812870493, 34.050101204999976 ], [ 35.818256507, 34.051513815000021 ], [ 35.821717751999984, 34.050617967999983 ], [ 35.826155287, 34.053111773000012 ], [ 35.83275065700002, 34.054539821 ], [ 35.840914613, 34.051387845000022 ], [ 35.846910732000026, 34.051121403000025 ], [ 35.85261534, 34.053698605000022 ], [ 35.856349997, 34.058755938 ], [ 35.859465564, 34.06078671 ], [ 35.862293792, 34.058814326 ], [ 35.862782531999983, 34.059733333 ], [ 35.866324336, 34.058309716 ], [ 35.876164140000014, 34.059571160000019 ], [ 35.875756169999988, 34.055178001 ], [ 35.888121684999987, 34.058958664999977 ], [ 35.894101568, 34.058908119000023 ], [ 35.897529791000011, 34.063055905 ], [ 35.901265903000024, 34.060186863000013 ], [ 35.906123865999973, 34.06037789200002 ], [ 35.906921843000021, 34.056085221999979 ], [ 35.908280661, 34.0553162 ], [ 35.911849444999973, 34.057623509999985 ], [ 35.922577191000016, 34.060018033 ], [ 35.931132772000012, 34.064731746 ], [ 35.935260449, 34.069867250000016 ], [ 35.940669948, 34.070329336999976 ], [ 35.939407642999981, 34.075000015 ], [ 35.94635802, 34.071334965 ], [ 35.951689682999984, 34.059986361000028 ], [ 35.957306495000012, 34.055414227000028 ], [ 35.964617471999986, 34.042569218999972 ], [ 35.950742720999983, 34.02651461 ], [ 35.943167121999977, 34.014090020000026 ], [ 35.928487252000025, 34.009317872999986 ], [ 35.925976436999974, 34.008188965999977 ], [ 35.926100728999984, 34.007118135999974 ], [ 35.922707560999982, 34.008988686 ], [ 35.91462938, 34.002210193999986 ], [ 35.902157292000027, 33.986175931999981 ], [ 35.90102291300002, 33.974573642999985 ], [ 35.901970531000018, 33.966327235 ], [ 35.878202402, 33.949557616 ], [ 35.843340694, 33.964759037000022 ], [ 35.833308478, 33.967931368999984 ], [ 35.829360737, 33.972677690000012 ], [ 35.828127683, 33.976662300999976 ], [ 35.820770841000012, 33.979559500999983 ], [ 35.812726533999978, 33.979392619 ], [ 35.809627846000012, 33.980692698999974 ], [ 35.802922191999983, 33.979546020999976 ], [ 35.797683929000016, 33.980246599 ], [ 35.796002949000012, 33.977752216 ], [ 35.798155685999973, 33.975390547000018 ], [ 35.807053568000015, 33.972289043999979 ], [ 35.804402965, 33.968794189999983 ], [ 35.801512221999985, 33.968580202 ], [ 35.799043004999987, 33.970173096999986 ], [ 35.794255344000021, 33.96980005 ], [ 35.789402387, 33.965964566000025 ], [ 35.783930360999989, 33.965353333 ], [ 35.782267102, 33.96551754 ], [ 35.783218749000014, 33.966644222000014 ], [ 35.776459548999981, 33.965181245999986 ], [ 35.773403848999976, 33.966404291 ], [ 35.774354335999988, 33.960324935000017 ], [ 35.776275052000017, 33.960935028 ], [ 35.776383563000024, 33.95924786 ], [ 35.773197169000014, 33.955754117000026 ], [ 35.771234619999973, 33.956196708999983 ], [ 35.771470576000013, 33.954645074999974 ], [ 35.767192201, 33.956425533000015 ], [ 35.766681867999978, 33.9534231 ], [ 35.762400352999975, 33.954359484 ], [ 35.764457299000014, 33.957848684999988 ], [ 35.758975771999985, 33.957401496999978 ], [ 35.754818899999975, 33.961810112000023 ], [ 35.744747221000011, 33.96098062599998 ], [ 35.742444255, 33.959387097 ], [ 35.739825212000028, 33.959867304 ], [ 35.739683533, 33.96155231900002 ], [ 35.728582334, 33.957179205999978 ], [ 35.726087897000014, 33.954674959999977 ], [ 35.716161066999973, 33.953074703000027 ], [ 35.711967777999973, 33.953634640000018 ], [ 35.709224859000017, 33.950092292000022 ], [ 35.705277630000012, 33.948230942 ], [ 35.701578112, 33.94900773 ], [ 35.692754789999981, 33.946619865 ], [ 35.689829992, 33.947002657999974 ], [ 35.685084264000011, 33.942938466999976 ], [ 35.670481540000026, 33.942496323 ], [ 35.66542395099998, 33.940463873999988 ], [ 35.658596993, 33.941998047000027 ], [ 35.653894095, 33.940910734999989 ], [ 35.639456912000014, 33.943289943000025 ], [ 35.634481433000019, 33.945344133999981 ], [ 35.630589531999988, 33.94517577 ], [ 35.628683005000028, 33.946793179 ], [ 35.622966829, 33.94505037 ], [ 35.620311163999986, 33.947256810999988 ], [ 35.61766309, 33.947320054999977 ], [ 35.612509661999979, 33.944681682 ], [ 35.609910655000022, 33.947030763999976 ], [ 35.607528027, 33.94717791 ], [ 35.605358776, 33.948915496999973 ], [ 35.606366002000016, 33.951143651 ], [ 35.603563953, 33.954445478000025 ], [ 35.599624055999982, 33.955155397999988 ], [ 35.595544389999986, 33.958293508 ], [ 35.599637857, 33.960785171 ], [ 35.599822021000023, 33.962329590000024 ], [ 35.598104873000011, 33.962865506000014 ], [ 35.597989508000012, 33.964375599 ], [ 35.59899765900002, 33.963268868 ], [ 35.600633644000027, 33.964333579000026 ], [ 35.601189917, 33.966483985000025 ], [ 35.600221711000017, 33.967401052000014 ], [ 35.601907057, 33.968406417999972 ], [ 35.600497118000021, 33.970348468 ], [ 35.600179573, 33.972336085999984 ], [ 35.600940886999979, 33.970384863 ], [ 35.602551947999984, 33.970347823 ], [ 35.601493493000021, 33.971554062 ], [ 35.606091757, 33.972911497999974 ], [ 35.609629567000013, 33.976165734 ], [ 35.607906086000014, 33.978163424 ], [ 35.610525812999981, 33.978160855999988 ], [ 35.610066446000019, 33.980046411999979 ], [ 35.612045866000017, 33.980795537 ], [ 35.610247303999984, 33.981771014 ], [ 35.611764817999983, 33.981612439 ], [ 35.613820483999973, 33.983914398000024 ], [ 35.614117852999982, 33.987572656999987 ], [ 35.617248932, 33.988438305999978 ], [ 35.614532235000013, 33.987298254 ], [ 35.614909510000018, 33.986482716000012 ], [ 35.617718417999981, 33.987233557000025 ], [ 35.618553178000013, 33.988727160999986 ], [ 35.623143788999982, 33.987570914 ], [ 35.619555613999978, 33.987900344000025 ], [ 35.619003879, 33.986671209 ], [ 35.62120614600002, 33.985941619000016 ], [ 35.621547728999985, 33.986867440000026 ], [ 35.622456499, 33.98591934 ], [ 35.622848993, 33.986705796000024 ], [ 35.626489591, 33.986606444000017 ], [ 35.623333054, 33.985371155999985 ], [ 35.625066182000012, 33.984663451000017 ], [ 35.626054343000021, 33.985625335 ], [ 35.627718373999983, 33.984538502000021 ], [ 35.625795616, 33.983969699999989 ], [ 35.626691268, 33.983088607000013 ], [ 35.631822269, 33.984562654 ], [ 35.637356583999974, 33.989000815999987 ], [ 35.638548405999984, 33.993966853000018 ], [ 35.639530665999985, 33.993628471000022 ], [ 35.64217054300002, 33.996536239000022 ], [ 35.641551816, 33.997438102999979 ], [ 35.642053411, 33.998137239000016 ], [ 35.642592622, 33.996975373 ], [ 35.643399239000018, 33.99817992200002 ], [ 35.642410465000012, 33.998905799 ], [ 35.644095379000021, 34.00059998 ], [ 35.644579856, 34.003565847 ], [ 35.643537934, 34.005496212000025 ], [ 35.644757973000026, 34.007517871 ], [ 35.642951428, 34.011835712999982 ], [ 35.641581742000028, 34.012961981999979 ], [ 35.633871967, 34.013020751999989 ], [ 35.633670021, 34.015305468 ], [ 35.630847744999983, 34.015616019999982 ], [ 35.631843602, 34.014390175000017 ], [ 35.626203251, 34.015519801999972 ], [ 35.623460514999977, 34.017915089999974 ], [ 35.622000658, 34.023430943 ], [ 35.62377994000002, 34.029571940999972 ], [ 35.627748239000027, 34.030344023 ], [ 35.624042047999978, 34.032176929 ], [ 35.625470192000023, 34.035227838000026 ], [ 35.624848274999977, 34.037605392999978 ], [ 35.634379733, 34.049939788000017 ], [ 35.633432930000026, 34.051382115000024 ], [ 35.635163780000028, 34.050857704 ], [ 35.63409657, 34.052584707999983 ], [ 35.635326271999986, 34.054153224 ], [ 35.638062903, 34.054931431999989 ], [ 35.638549339, 34.056393921 ], [ 35.641012902, 34.057358763000025 ], [ 35.641318246000026, 34.05927207000002 ], [ 35.642413343999976, 34.059001049000017 ], [ 35.642166280000026, 34.065179723000028 ], [ 35.64431073999998, 34.065550657000017 ], [ 35.646186205999982, 34.061328442 ], [ 35.649117550000028, 34.060325239 ], [ 35.651844445999984, 34.061418253999989 ], [ 35.653594291, 34.064942023000015 ], [ 35.657013947, 34.066375176 ], [ 35.657787239000015, 34.071795179999981 ], [ 35.661624537000023, 34.074024181000027 ], [ 35.66441260900001, 34.073372774 ], [ 35.667990647000011, 34.07618213500001 ], [ 35.678823008999984, 34.079873323000015 ], [ 35.681136062, 34.082486244999984 ], [ 35.68868743500002, 34.082912788999977 ], [ 35.692960944999982, 34.085144889 ] ] ] } },
{ "type": "Feature", "properties": { "adm2_name": "El Meten", "adm2_name1": "المتن", "adm2_pcode": "LB36", "adm1_name": "Mount Lebanon", "adm1_name1": "جبل لبنان", "adm1_pcode": "LB3", "center_lat": 33.90982121, "center_lon": 35.71849759 }, "geometry": { "type": "Polygon", "coordinates": [ [ [ 35.811176021999984, 33.980321334 ], [ 35.812726533999978, 33.979392619 ], [ 35.820770841000012, 33.979559500999983 ], [ 35.828127683, 33.976662300999976 ], [ 35.829360737, 33.972677690000012 ], [ 35.833308478, 33.967931368999984 ], [ 35.843340694, 33.964759037000022 ], [ 35.878202402, 33.949557616 ], [ 35.885777249, 33.939907409 ], [ 35.906816788000015, 33.933244167999987 ], [ 35.898795939000024, 33.923146205000023 ], [ 35.892108408000013, 33.917692550000027 ], [ 35.879425103000017, 33.916190056 ], [ 35.878372549, 33.913554061000013 ], [ 35.875470709000012, 33.913999796999974 ], [ 35.874607841, 33.912941443000022 ], [ 35.871108417000016, 33.913671969 ], [ 35.870430095000017, 33.916642286000013 ], [ 35.868111759999977, 33.918392696000012 ], [ 35.863191538000024, 33.917270315999986 ], [ 35.863748117, 33.916185234000011 ], [ 35.86039252, 33.911264625 ], [ 35.854034492999972, 33.904782986999976 ], [ 35.854900451, 33.902871565 ], [ 35.858574362000013, 33.902810499999987 ], [ 35.861302312000021, 33.900299930000017 ], [ 35.859532107, 33.894429393999985 ], [ 35.854445019000025, 33.894860815000015 ], [ 35.852740496000024, 33.890890206 ], [ 35.846403109999983, 33.891264472999978 ], [ 35.844374443999982, 33.886409671000024 ], [ 35.848012512000025, 33.885852723000028 ], [ 35.846948027999986, 33.882309029999988 ], [ 35.838456119999989, 33.883164987999976 ], [ 35.830862299999978, 33.881758602 ], [ 35.821011240000018, 33.885694721999982 ], [ 35.797895996000022, 33.887785489 ], [ 35.795220581000024, 33.886175385 ], [ 35.782934506, 33.884202284000025 ], [ 35.774942835, 33.880863060000024 ], [ 35.773395404999974, 33.879069904 ], [ 35.769943753, 33.879638301 ], [ 35.757013730999972, 33.875942926999983 ], [ 35.752583180999977, 33.878766486000018 ], [ 35.745944620999978, 33.878968756 ], [ 35.744413969, 33.882934649999982 ], [ 35.738567079, 33.879645378000021 ], [ 35.730256365, 33.883572556 ], [ 35.71997067, 33.881947296000021 ], [ 35.702714196999978, 33.882562826000026 ], [ 35.701595809000025, 33.880783558000019 ], [ 35.694953812, 33.882630416999973 ], [ 35.692485776000012, 33.881495191 ], [ 35.684271583, 33.881942472999981 ], [ 35.672180524, 33.880068408 ], [ 35.668683889000022, 33.87826938500001 ], [ 35.664220075, 33.877922787999978 ], [ 35.66137794399998, 33.87561344400001 ], [ 35.65235506800002, 33.873639430000026 ], [ 35.648742147, 33.874515404000022 ], [ 35.640571755999986, 33.872546226 ], [ 35.634699015000024, 33.872563593 ], [ 35.624386413000025, 33.867336524999985 ], [ 35.615558867, 33.86000413 ], [ 35.611914796, 33.846943833000012 ], [ 35.5963739, 33.839023528999974 ], [ 35.591985373999989, 33.840741894000018 ], [ 35.581846204999977, 33.839163821999989 ], [ 35.57611153, 33.843031485999973 ], [ 35.571581816, 33.841793743999972 ], [ 35.570316305, 33.845175281000024 ], [ 35.563719960000014, 33.84588942 ], [ 35.559725312000012, 33.844748304 ], [ 35.557493427999987, 33.847717913999986 ], [ 35.556159568, 33.85738335100001 ], [ 35.553755109, 33.855760971999985 ], [ 35.550588867999977, 33.857032398 ], [ 35.550242216000015, 33.859511016 ], [ 35.547708278000016, 33.860765377 ], [ 35.536584434000019, 33.861544865999974 ], [ 35.535993442, 33.864919785999973 ], [ 35.531646624000018, 33.865251417000025 ], [ 35.53197172900002, 33.870986374999973 ], [ 35.529420511000012, 33.876295383000013 ], [ 35.531468088, 33.880093951999982 ], [ 35.531690613000023, 33.884015998999985 ], [ 35.53337716599998, 33.885471516999985 ], [ 35.532986869000013, 33.888630987999989 ], [ 35.538603723999984, 33.900965332999988 ], [ 35.542332652000027, 33.90423615200001 ], [ 35.544826692000015, 33.901749273 ], [ 35.549237295000012, 33.903944544000012 ], [ 35.551055528, 33.903231709000011 ], [ 35.552865170000018, 33.898539835 ], [ 35.555384935, 33.898258121000026 ], [ 35.557890413, 33.899949589000016 ], [ 35.559328035000021, 33.898830358 ], [ 35.56359846700002, 33.900366727 ], [ 35.563599178, 33.90178914400002 ], [ 35.566704416999983, 33.902110235 ], [ 35.566321813, 33.904584286999977 ], [ 35.56503261, 33.904501391999986 ], [ 35.564903384, 33.90479418000001 ], [ 35.567515835, 33.906632876 ], [ 35.566601037999988, 33.904094986000018 ], [ 35.569079714, 33.90352263 ], [ 35.576938930999972, 33.908366073000025 ], [ 35.583240075, 33.917940496000028 ], [ 35.579544736, 33.918976019000013 ], [ 35.582698758999982, 33.929685333 ], [ 35.581385319, 33.930467152 ], [ 35.582903975000022, 33.93595532400002 ], [ 35.582319478999977, 33.931742050000025 ], [ 35.585081582999976, 33.930600873 ], [ 35.586023873999977, 33.933798142 ], [ 35.583892418, 33.933486914000014 ], [ 35.586349757, 33.942352656000025 ], [ 35.587556055, 33.942109835999986 ], [ 35.588162360000013, 33.944140818 ], [ 35.58739284, 33.945331101000022 ], [ 35.587716665000016, 33.946507059 ], [ 35.589501326, 33.943869880000022 ], [ 35.590783237999972, 33.944609274000015 ], [ 35.592510429000015, 33.953984919 ], [ 35.596380125, 33.957506621 ], [ 35.599624055999982, 33.955155397999988 ], [ 35.603425916, 33.954561878999982 ], [ 35.606366002000016, 33.951143651 ], [ 35.605557122, 33.948629434999987 ], [ 35.612509661999979, 33.944681682 ], [ 35.61766309, 33.947320054999977 ], [ 35.620311163999986, 33.947256810999988 ], [ 35.622966829, 33.94505037 ], [ 35.628683005000028, 33.946793179 ], [ 35.630589531999988, 33.94517577 ], [ 35.634481433000019, 33.945344133999981 ], [ 35.639456912000014, 33.943289943000025 ], [ 35.653894095, 33.940910734999989 ], [ 35.658596993, 33.941998047000027 ], [ 35.66542395099998, 33.940463873999988 ], [ 35.670481540000026, 33.942496323 ], [ 35.685084264000011, 33.942938466999976 ], [ 35.689829992, 33.947002657999974 ], [ 35.692754789999981, 33.946619865 ], [ 35.701578112, 33.94900773 ], [ 35.705277630000012, 33.948230942 ], [ 35.709224859000017, 33.950092292000022 ], [ 35.711967777999973, 33.953634640000018 ], [ 35.716161066999973, 33.953074703000027 ], [ 35.726087897000014, 33.954674959999977 ], [ 35.728582334, 33.957179205999978 ], [ 35.739683533, 33.96155231900002 ], [ 35.739825212000028, 33.959867304 ], [ 35.742444255, 33.959387097 ], [ 35.744747221000011, 33.96098062599998 ], [ 35.754818899999975, 33.961810112000023 ], [ 35.758975771999985, 33.957401496999978 ], [ 35.764457299000014, 33.957848684999988 ], [ 35.762400352999975, 33.954359484 ], [ 35.766681867999978, 33.9534231 ], [ 35.767855697000016, 33.956522091000011 ], [ 35.771470576000013, 33.954645074999974 ], [ 35.771234619999973, 33.956196708999983 ], [ 35.773197169000014, 33.955754117000026 ], [ 35.776791318999983, 33.960565990000021 ], [ 35.774354335999988, 33.960324935000017 ], [ 35.773403848999976, 33.966404291 ], [ 35.776459548999981, 33.965181245999986 ], [ 35.783218749000014, 33.966644222000014 ], [ 35.782267102, 33.96551754 ], [ 35.783930360999989, 33.965353333 ], [ 35.789402387, 33.965964566000025 ], [ 35.794255344000021, 33.96980005 ], [ 35.799043004999987, 33.970173096999986 ], [ 35.801512221999985, 33.968580202 ], [ 35.804402965, 33.968794189999983 ], [ 35.807053568000015, 33.972289043999979 ], [ 35.798155685999973, 33.975390547000018 ], [ 35.796002949000012, 33.977752216 ], [ 35.797683929000016, 33.980246599 ], [ 35.811176021999984, 33.980321334 ] ] ] } },
{ "type": "Feature", "properties": { "adm2_name": "Bent Jbeil", "adm2_name1": "بنت جبيل", "adm2_pcode": "LB41", "adm1_name": "El Nabatieh", "adm1_name1": "النبطية", "adm1_pcode": "LB4", "center_lat": 33.18325878, "center_lon": 35.41601708 }, "geometry": { "type": "Polygon", "coordinates": [ [ [ 35.429986514, 33.311173085 ], [ 35.431139084, 33.308558307 ], [ 35.434443115000022, 33.310044646 ], [ 35.438747036, 33.307967061999989 ], [ 35.439276142999972, 33.305360520000022 ], [ 35.441785381999978, 33.304135872000018 ], [ 35.442506281000021, 33.297248943 ], [ 35.43737259400001, 33.292593022 ], [ 35.438466082, 33.291556828000012 ], [ 35.437974822, 33.289163976999987 ], [ 35.440936500000021, 33.287286740000013 ], [ 35.444238623999979, 33.28797405 ], [ 35.450851280999984, 33.281020473000012 ], [ 35.446280742999988, 33.278964181999982 ], [ 35.444622343999981, 33.276391600000011 ], [ 35.446548386000018, 33.26688685 ], [ 35.436627397, 33.264410277000025 ], [ 35.435333046999972, 33.258160283999985 ], [ 35.426466984, 33.254527850999978 ], [ 35.427901174999988, 33.242719884 ], [ 35.425897182000028, 33.239348310000025 ], [ 35.426683946000026, 33.235310584 ], [ 35.428424484, 33.233364768 ], [ 35.4277432, 33.230369831000019 ], [ 35.429695804, 33.227654024 ], [ 35.436420881, 33.22572141 ], [ 35.440276674000017, 33.22317217 ], [ 35.444945619, 33.213743125 ], [ 35.447842837, 33.210798322000016 ], [ 35.449687795999978, 33.205162705000021 ], [ 35.452177598, 33.204219024 ], [ 35.456414806, 33.199012555000024 ], [ 35.459792924, 33.200144129000023 ], [ 35.470313309, 33.200089597999977 ], [ 35.474141615, 33.203380126000013 ], [ 35.485812179, 33.202209578 ], [ 35.487554513000021, 33.191879658 ], [ 35.485689228000012, 33.189822221999975 ], [ 35.487789705000012, 33.180008972 ], [ 35.485831268000027, 33.179081364000012 ], [ 35.484194446, 33.175665079 ], [ 35.486943462, 33.172600996000028 ], [ 35.483184506999976, 33.163015926000014 ], [ 35.484685835, 33.162947291000023 ], [ 35.484684282999979, 33.160015978999979 ], [ 35.487371098999972, 33.158226212999978 ], [ 35.481843046, 33.153631001 ], [ 35.480791767000028, 33.146473067999978 ], [ 35.482589007, 33.142454749000024 ], [ 35.480171118999976, 33.138902885 ], [ 35.480349278, 33.132379975 ], [ 35.478550041, 33.126280400999974 ], [ 35.479869373999975, 33.124232431 ], [ 35.485382748, 33.121086059999982 ], [ 35.501076705, 33.121867748 ], [ 35.506926093, 33.119354163000025 ], [ 35.508600995, 33.115582064000023 ], [ 35.503551431, 33.114872236999986 ], [ 35.502427247000014, 33.113246359000016 ], [ 35.503556749999973, 33.089433047999989 ], [ 35.490165917000013, 33.092392647999986 ], [ 35.463294212999983, 33.093064716000015 ], [ 35.445857955, 33.090667384000028 ], [ 35.431010617000027, 33.065513157999987 ], [ 35.39553084, 33.06086983199998 ], [ 35.382243819, 33.061455975 ], [ 35.378086225, 33.054996786 ], [ 35.352466549999974, 33.058041004000017 ], [ 35.348665724999989, 33.059713975000022 ], [ 35.343702152999981, 33.065460280000025 ], [ 35.337961694, 33.069172217000016 ], [ 35.334243508999975, 33.076600711000026 ], [ 35.324157400999979, 33.083173011999975 ], [ 35.320773873, 33.087811096 ], [ 35.324682038, 33.095875965 ], [ 35.317233425999973, 33.105020212999989 ], [ 35.309339236000028, 33.100833638999973 ], [ 35.301003161999972, 33.100518154999975 ], [ 35.299526370000024, 33.105094493000024 ], [ 35.296322112999974, 33.107038424999985 ], [ 35.303388297000026, 33.11124378300002 ], [ 35.298920872999986, 33.12898151600001 ], [ 35.301697951, 33.142019985 ], [ 35.310303590999979, 33.155395408 ], [ 35.310830615999976, 33.161712681999973 ], [ 35.317207983, 33.162444161999986 ], [ 35.322550587000023, 33.164672904999975 ], [ 35.321409162, 33.167365102000019 ], [ 35.315282253000021, 33.171299106999982 ], [ 35.313432759000023, 33.178405968 ], [ 35.325320874, 33.174757251000017 ], [ 35.329880103999983, 33.171151855 ], [ 35.332912906, 33.171423764 ], [ 35.346208935, 33.184623742999975 ], [ 35.349080641, 33.189294849000021 ], [ 35.348877426, 33.193580333999989 ], [ 35.342602434000014, 33.197272344 ], [ 35.342472736, 33.199959765000017 ], [ 35.354565923, 33.197747189999973 ], [ 35.363773749000018, 33.198949108000022 ], [ 35.364562514, 33.201842194999983 ], [ 35.363276532999976, 33.202503055000022 ], [ 35.364483523999979, 33.206238685000017 ], [ 35.370727500999976, 33.205484434000027 ], [ 35.371562542, 33.208260005 ], [ 35.374706607, 33.204966435000017 ], [ 35.379655329, 33.207183176 ], [ 35.37661006899998, 33.211180829999989 ], [ 35.365790370000013, 33.214918822000016 ], [ 35.361979964, 33.214435267999988 ], [ 35.35931967, 33.215787318000025 ], [ 35.357680288999973, 33.21811429600001 ], [ 35.359840322000025, 33.221947044 ], [ 35.368615513, 33.22687154800002 ], [ 35.376898939, 33.225330432000021 ], [ 35.385452167999972, 33.226922251000019 ], [ 35.386958839999977, 33.231230020999988 ], [ 35.386091008999983, 33.237015563 ], [ 35.387812087999976, 33.242435151999985 ], [ 35.391437071999974, 33.24710411 ], [ 35.395388743000012, 33.249760283 ], [ 35.399794805999989, 33.242575099000021 ], [ 35.404099617999975, 33.242005697000025 ], [ 35.404829555999981, 33.239548429000024 ], [ 35.407891791, 33.237351247999982 ], [ 35.411548886999981, 33.2389382 ], [ 35.413297729000021, 33.241602037 ], [ 35.416553083999986, 33.242489063999983 ], [ 35.415678438999976, 33.248333882999987 ], [ 35.411736583, 33.255627297999979 ], [ 35.412107371, 33.258570578 ], [ 35.410789485, 33.259580228 ], [ 35.417210313, 33.264385602 ], [ 35.421058936, 33.265737168999976 ], [ 35.416069390000018, 33.269316275999984 ], [ 35.416676433000021, 33.270774236000022 ], [ 35.420108382000024, 33.271366783000019 ], [ 35.425260047999984, 33.268064040000013 ], [ 35.426148542000021, 33.272069612999985 ], [ 35.429201181, 33.272258317000023 ], [ 35.427479077999976, 33.276889695000023 ], [ 35.429821162999986, 33.278658323 ], [ 35.431117729999983, 33.283629738 ], [ 35.430366188999983, 33.285678175999976 ], [ 35.426362055000027, 33.28565289300002 ], [ 35.426165314, 33.284528597000019 ], [ 35.419215612000016, 33.286782534999986 ], [ 35.41879909, 33.283501730000012 ], [ 35.414833606, 33.284703389000015 ], [ 35.411326584, 33.288976601 ], [ 35.410267942000019, 33.293315447999987 ], [ 35.414414695, 33.292250570000022 ], [ 35.414001858, 33.295056443000021 ], [ 35.412019799, 33.296661006000022 ], [ 35.41329581399998, 33.297678642 ], [ 35.416445290000013, 33.296392222 ], [ 35.416559525000025, 33.298913291000019 ], [ 35.419038565, 33.300875696999981 ], [ 35.418489817000022, 33.302546553000013 ], [ 35.422275968, 33.304925927999989 ], [ 35.424275185, 33.304684168999984 ], [ 35.424427209999976, 33.303053182999975 ], [ 35.426014624, 33.303505906999987 ], [ 35.426560844999983, 33.308163868 ], [ 35.428087301, 33.310830302999989 ], [ 35.429986514, 33.311173085 ] ] ] } },
{ "type": "Feature", "properties": { "adm2_name": "Hasbaya", "adm2_name1": "حاصبيا", "adm2_pcode": "LB42", "adm1_name": "El Nabatieh", "adm1_name1": "النبطية", "adm1_pcode": "LB4", "center_lat": 33.3609974, "center_lon": 35.7030844 }, "geometry": { "type": "Polygon", "coordinates": [ [ [ 35.744471961999977, 33.479183127999988 ], [ 35.758373853000023, 33.468307391999986 ], [ 35.758388745, 33.466415203999986 ], [ 35.755179645, 33.464069543 ], [ 35.759002211999984, 33.460188511000013 ], [ 35.760590072000014, 33.456259309000018 ], [ 35.758482013, 33.456182016000014 ], [ 35.757171432, 33.454707273999986 ], [ 35.758471279999981, 33.453898029000015 ], [ 35.756925922999983, 33.450688747000015 ], [ 35.754489792000015, 33.450579587 ], [ 35.753258534, 33.448738053 ], [ 35.755132485, 33.447143332999985 ], [ 35.753872108999985, 33.445027902999982 ], [ 35.754952597999988, 33.444329102999973 ], [ 35.752463416000012, 33.443868176000024 ], [ 35.755558598, 33.442075929999987 ], [ 35.754296231000012, 33.440177774 ], [ 35.759415500999978, 33.438767631000019 ], [ 35.758742154, 33.436755366999989 ], [ 35.759933180000019, 33.43621355099998 ], [ 35.758768738000015, 33.434794437999983 ], [ 35.767461013, 33.429176746 ], [ 35.76686057500001, 33.426147930000013 ], [ 35.769020663, 33.423040495 ], [ 35.770049694000022, 33.423643243000015 ], [ 35.770542745, 33.42085446599998 ], [ 35.777342569999973, 33.411117793000017 ], [ 35.77692721, 33.406662563999987 ], [ 35.780014592999976, 33.405336337 ], [ 35.783022631999984, 33.40692821 ], [ 35.786019367, 33.406854943999974 ], [ 35.78853714600001, 33.403086546999987 ], [ 35.779450182, 33.39086787399998 ], [ 35.774676693, 33.381682002 ], [ 35.773915188999979, 33.37568955 ], [ 35.763012455000023, 33.361512059 ], [ 35.76737682800001, 33.361784843 ], [ 35.770024305999982, 33.357949528 ], [ 35.775917505, 33.356009745 ], [ 35.776372292000019, 33.352388258000019 ], [ 35.777911945000028, 33.35104508 ], [ 35.785058957999979, 33.349292080999987 ], [ 35.788599681, 33.346671195999988 ], [ 35.791045197000017, 33.347206648999986 ], [ 35.795750596, 33.345444354 ], [ 35.779500368000015, 33.335268754000026 ], [ 35.768007335, 33.332396210000013 ], [ 35.760711293999975, 33.324772513000028 ], [ 35.756709708000017, 33.317939379999984 ], [ 35.736386601, 33.312462202 ], [ 35.727298030999975, 33.303574863 ], [ 35.720301749999976, 33.29378348900002 ], [ 35.709707475000016, 33.283958133 ], [ 35.697866125000019, 33.269212563999986 ], [ 35.680116409999982, 33.25470526700002 ], [ 35.669450123999979, 33.249013928000011 ], [ 35.664310729000022, 33.247888542 ], [ 35.650983565999979, 33.248144626 ], [ 35.62402941, 33.242701233999981 ], [ 35.623320974000023, 33.24456018 ], [ 35.625408688, 33.245892627999979 ], [ 35.623476067000013, 33.249884849000011 ], [ 35.623639942000011, 33.252740132999975 ], [ 35.619757345999972, 33.253698709 ], [ 35.621428029000015, 33.256945486 ], [ 35.620922832000019, 33.259029417000022 ], [ 35.622783147, 33.260557625999979 ], [ 35.621830438000018, 33.262013447000015 ], [ 35.62233439900001, 33.265516884000021 ], [ 35.620181773000013, 33.270037742999989 ], [ 35.621866797, 33.272709938 ], [ 35.618839157000025, 33.274246366 ], [ 35.619967327999973, 33.27724527700002 ], [ 35.618712222, 33.281401472000027 ], [ 35.625237421, 33.287787539000021 ], [ 35.627659387, 33.291297773 ], [ 35.627550457999973, 33.293531697999981 ], [ 35.630363193, 33.295336174999989 ], [ 35.635176941, 33.301890937999985 ], [ 35.639343046000022, 33.303711728 ], [ 35.638413664999973, 33.306685969 ], [ 35.64204443, 33.309123473999989 ], [ 35.641540127999974, 33.310587079000015 ], [ 35.637204935, 33.312565591 ], [ 35.632934233000015, 33.320675556000026 ], [ 35.632668943999988, 33.32585721800001 ], [ 35.635392197999977, 33.329513351 ], [ 35.631093255, 33.33328309 ], [ 35.630140026, 33.33689221100002 ], [ 35.632045041000026, 33.340175467999984 ], [ 35.632122794, 33.347538489999977 ], [ 35.635130947, 33.352538949 ], [ 35.635099904000015, 33.354896897 ], [ 35.638312602999974, 33.358148014999983 ], [ 35.637991634, 33.361933860000022 ], [ 35.640452512000024, 33.364441221 ], [ 35.640814033000026, 33.370256074 ], [ 35.633360197, 33.370439628999975 ], [ 35.638902261999988, 33.372855734999973 ], [ 35.639612538999984, 33.375989506999986 ], [ 35.62691931, 33.369216430999984 ], [ 35.620833307, 33.367645668000023 ], [ 35.620932192999987, 33.373078481999983 ], [ 35.616067698999984, 33.385125390999974 ], [ 35.61890753, 33.387866363 ], [ 35.621082972000011, 33.394195984000021 ], [ 35.62005969400002, 33.395609842999988 ], [ 35.610749425999984, 33.398197578 ], [ 35.606024694999974, 33.402171092 ], [ 35.60782989, 33.403824449000012 ], [ 35.610107899000013, 33.412660619 ], [ 35.617597355999976, 33.416442882000013 ], [ 35.61873619, 33.414121335 ], [ 35.622883865, 33.412073467000027 ], [ 35.624309068, 33.415835636999986 ], [ 35.623863557999982, 33.420152122 ], [ 35.630842648, 33.424636356 ], [ 35.630945124, 33.427532015 ], [ 35.637586627000019, 33.428830925 ], [ 35.646524219000014, 33.435327352 ], [ 35.649578102000021, 33.435834779 ], [ 35.651966140000013, 33.434285793000015 ], [ 35.65248567499998, 33.432659549 ], [ 35.651484148, 33.432179474 ], [ 35.653723477000028, 33.425893916 ], [ 35.656351938, 33.426111116000015 ], [ 35.656950091, 33.422537475000013 ], [ 35.658397275000027, 33.42110414299998 ], [ 35.657886948, 33.423206134999987 ], [ 35.661634248999974, 33.423811592999982 ], [ 35.663120653000021, 33.427753670000016 ], [ 35.664942301, 33.42687788 ], [ 35.666807326000026, 33.430568850999975 ], [ 35.668763324999986, 33.430600554000023 ], [ 35.668323895000015, 33.432051124 ], [ 35.669549717, 33.432905634 ], [ 35.668456298000024, 33.43470561800001 ], [ 35.67027776499998, 33.43525654299998 ], [ 35.668992102, 33.43759809300002 ], [ 35.67005384700002, 33.439411666000012 ], [ 35.673098391999986, 33.43987820000001 ], [ 35.675638807999974, 33.442303923 ], [ 35.677762745999985, 33.445930948000012 ], [ 35.680031165, 33.446660803999976 ], [ 35.678553646000012, 33.447427581 ], [ 35.681216834999987, 33.450332452999987 ], [ 35.684405579999975, 33.450755166000022 ], [ 35.683462268000028, 33.452345838999975 ], [ 35.684592787999975, 33.453162100999975 ], [ 35.68268208, 33.456247287 ], [ 35.684911028999977, 33.460091238000018 ], [ 35.684218024000018, 33.461807682000028 ], [ 35.68586853, 33.462400823999985 ], [ 35.685176324, 33.46409361000002 ], [ 35.686336843999982, 33.466290147999985 ], [ 35.687858817, 33.46512028799998 ], [ 35.69173239700001, 33.467425862000027 ], [ 35.694881461000023, 33.466173626999989 ], [ 35.694235686000013, 33.465299553000023 ], [ 35.697462455999982, 33.464230101 ], [ 35.695158783000011, 33.461772290999988 ], [ 35.695670924000012, 33.459299118 ], [ 35.700042094000025, 33.459993193 ], [ 35.701632346999986, 33.459118613999976 ], [ 35.704942754, 33.463720954999985 ], [ 35.708660872, 33.46192285 ], [ 35.711123612, 33.462184079 ], [ 35.715635022000015, 33.466093127000022 ], [ 35.718447113000025, 33.466556347 ], [ 35.719241857999975, 33.469302847 ], [ 35.724008562999984, 33.467690587 ], [ 35.732233082999983, 33.474486765 ], [ 35.744471961999977, 33.479183127999988 ] ] ] } },
{ "type": "Feature", "properties": { "adm2_name": "Marjaayoun", "adm2_name1": "مرجعيون", "adm2_pcode": "LB43", "adm1_name": "El Nabatieh", "adm1_name1": "النبطية", "adm1_pcode": "LB4", "center_lat": 33.25892794, "center_lon": 35.49610546 }, "geometry": { "type": "Polygon", "coordinates": [ [ [ 35.610375566000016, 33.398832819 ], [ 35.62005969400002, 33.395609842999988 ], [ 35.621082972000011, 33.394195984000021 ], [ 35.61890753, 33.387866363 ], [ 35.616067698999984, 33.385125390999974 ], [ 35.620932192999987, 33.373078481999983 ], [ 35.620833307, 33.367645668000023 ], [ 35.62691931, 33.369216430999984 ], [ 35.639612538999984, 33.375989506999986 ], [ 35.638902261999988, 33.372855734999973 ], [ 35.633360197, 33.370439628999975 ], [ 35.640814033000026, 33.370256074 ], [ 35.640452512000024, 33.364441221 ], [ 35.637991634, 33.361933860000022 ], [ 35.638312602999974, 33.358148014999983 ], [ 35.635099904000015, 33.354896897 ], [ 35.635130947, 33.352538949 ], [ 35.632122794, 33.347538489999977 ], [ 35.632045041000026, 33.340175467999984 ], [ 35.630140026, 33.33689221100002 ], [ 35.631093255, 33.33328309 ], [ 35.635392197999977, 33.329513351 ], [ 35.632668943999988, 33.32585721800001 ], [ 35.632934233000015, 33.320675556000026 ], [ 35.637204935, 33.312565591 ], [ 35.641540127999974, 33.310587079000015 ], [ 35.64204443, 33.309123473999989 ], [ 35.638413664999973, 33.306685969 ], [ 35.639343046000022, 33.303711728 ], [ 35.635176941, 33.301890937999985 ], [ 35.630363193, 33.295336174999989 ], [ 35.627550457999973, 33.293531697999981 ], [ 35.627659387, 33.291297773 ], [ 35.625237421, 33.287787539000021 ], [ 35.618712222, 33.281401472000027 ], [ 35.619967327999973, 33.27724527700002 ], [ 35.618839157000025, 33.274246366 ], [ 35.621866797, 33.272709938 ], [ 35.620181773000013, 33.270037742999989 ], [ 35.62233439900001, 33.265516884000021 ], [ 35.621830438000018, 33.262013447000015 ], [ 35.622783147, 33.260557625999979 ], [ 35.620922832000019, 33.259029417000022 ], [ 35.621428029000015, 33.256945486 ], [ 35.619757345999972, 33.253698709 ], [ 35.623639942000011, 33.252740132999975 ], [ 35.623476067000013, 33.249884849000011 ], [ 35.625408688, 33.245892627999979 ], [ 35.623272795, 33.243412031 ], [ 35.624643864, 33.241838609000013 ], [ 35.622616374000017, 33.241429004999986 ], [ 35.612711852000018, 33.247958991000019 ], [ 35.600672313000018, 33.252483625000025 ], [ 35.594352394, 33.259668286000021 ], [ 35.584494330999973, 33.266668072000016 ], [ 35.585939973999984, 33.272313279 ], [ 35.584690218999981, 33.28188996199998 ], [ 35.575824407000027, 33.286899936 ], [ 35.572111781, 33.287546812000016 ], [ 35.568378957999983, 33.290784729999984 ], [ 35.564680346999978, 33.288310566 ], [ 35.563207690000013, 33.28347155199998 ], [ 35.564699381000025, 33.276828417 ], [ 35.56400162, 33.272709125 ], [ 35.55712721499998, 33.264074199999982 ], [ 35.556056163, 33.257472446 ], [ 35.554178325, 33.257630671000015 ], [ 35.546455971, 33.25373588399998 ], [ 35.547641004000013, 33.242829670999981 ], [ 35.546700921000024, 33.237883733 ], [ 35.537414937, 33.232568642 ], [ 35.542376467999986, 33.198428197 ], [ 35.526369357000021, 33.139354912999977 ], [ 35.531873594999979, 33.133786668000027 ], [ 35.519537836999973, 33.116222180000022 ], [ 35.508600995, 33.115582064000023 ], [ 35.506926093, 33.119354163000025 ], [ 35.501076705, 33.121867748 ], [ 35.484016758, 33.12152400399998 ], [ 35.47937033, 33.124705901000027 ], [ 35.478485326999987, 33.127260709999973 ], [ 35.480349278, 33.132379975 ], [ 35.480171118999976, 33.138902885 ], [ 35.482589007, 33.142454749000024 ], [ 35.480791767000028, 33.146473067999978 ], [ 35.481843046, 33.153631001 ], [ 35.487371098999972, 33.158226212999978 ], [ 35.484684282999979, 33.160015978999979 ], [ 35.484685835, 33.162947291000023 ], [ 35.483184506999976, 33.163015926000014 ], [ 35.486943462, 33.172600996000028 ], [ 35.484194446, 33.175665079 ], [ 35.485831268000027, 33.179081364000012 ], [ 35.487789705000012, 33.180008972 ], [ 35.485689228000012, 33.189822221999975 ], [ 35.487554513000021, 33.191879658 ], [ 35.485812179, 33.202209578 ], [ 35.474141615, 33.203380126000013 ], [ 35.470313309, 33.200089597999977 ], [ 35.459792924, 33.200144129000023 ], [ 35.456414806, 33.199012555000024 ], [ 35.452177598, 33.204219024 ], [ 35.449687795999978, 33.205162705000021 ], [ 35.447842837, 33.210798322000016 ], [ 35.444945619, 33.213743125 ], [ 35.440276674000017, 33.22317217 ], [ 35.436420881, 33.22572141 ], [ 35.429695804, 33.227654024 ], [ 35.4277432, 33.230369831000019 ], [ 35.428424484, 33.233364768 ], [ 35.426683946000026, 33.235310584 ], [ 35.425897182000028, 33.239348310000025 ], [ 35.427901174999988, 33.242719884 ], [ 35.426466984, 33.254527850999978 ], [ 35.435333046999972, 33.258160283999985 ], [ 35.436627397, 33.264410277000025 ], [ 35.446548386000018, 33.26688685 ], [ 35.444622343999981, 33.276391600000011 ], [ 35.446280742999988, 33.278964181999982 ], [ 35.45080348800002, 33.280650935999972 ], [ 35.444238623999979, 33.28797405 ], [ 35.440936500000021, 33.287286740000013 ], [ 35.437854802, 33.289382756 ], [ 35.438466082, 33.291556828000012 ], [ 35.43737259400001, 33.292593022 ], [ 35.441463574000011, 33.295510137 ], [ 35.442627298, 33.298138933000018 ], [ 35.441785381999978, 33.304135872000018 ], [ 35.439276142999972, 33.305360520000022 ], [ 35.438331600000026, 33.307364391000021 ], [ 35.443649583000024, 33.308810058 ], [ 35.447160725, 33.311762488 ], [ 35.452867516000026, 33.3085542 ], [ 35.455879967999977, 33.310972058 ], [ 35.461870477, 33.312085020999973 ], [ 35.464864783999985, 33.311353086999986 ], [ 35.462677209999981, 33.308840412 ], [ 35.470187913000018, 33.307458903 ], [ 35.471856186000025, 33.308718476000024 ], [ 35.472528749, 33.311462356 ], [ 35.474471602, 33.311554132000026 ], [ 35.477288885, 33.308807794000018 ], [ 35.480593794000015, 33.312552367000023 ], [ 35.484185007, 33.310431271000027 ], [ 35.486579027, 33.304862615 ], [ 35.490267232, 33.305516131 ], [ 35.489855880999983, 33.30266745900002 ], [ 35.491396560999988, 33.301555097 ], [ 35.501027600999976, 33.30371218800002 ], [ 35.505684148, 33.300493802 ], [ 35.511471997, 33.30220362 ], [ 35.520110736, 33.299817625 ], [ 35.526484933, 33.295629588999986 ], [ 35.53389218, 33.297071491 ], [ 35.536594181, 33.300286129000028 ], [ 35.536781589999975, 33.307687691000012 ], [ 35.539046561000021, 33.311238706999973 ], [ 35.538075401000015, 33.325690246000022 ], [ 35.542182398000023, 33.33169290799998 ], [ 35.542853614000023, 33.338348113999984 ], [ 35.54023774, 33.342005541 ], [ 35.543221056999982, 33.342202668000027 ], [ 35.544584154, 33.343953530000022 ], [ 35.540395611, 33.344214135000016 ], [ 35.539593298, 33.346239240999978 ], [ 35.542218672999979, 33.346710891999976 ], [ 35.542023583, 33.349966587999972 ], [ 35.546831822, 33.353898215000015 ], [ 35.547053332000019, 33.357947030999981 ], [ 35.54980735800001, 33.360310159 ], [ 35.548864122, 33.362332107999976 ], [ 35.549681099999987, 33.364515849999975 ], [ 35.548254881999981, 33.366772417999982 ], [ 35.550224662, 33.368210541999986 ], [ 35.552180777, 33.372619579 ], [ 35.554452038000022, 33.375300942000024 ], [ 35.558690758000012, 33.377753551000012 ], [ 35.562915839000027, 33.378388084999983 ], [ 35.564915026, 33.381187118000014 ], [ 35.568047325, 33.382054330000017 ], [ 35.576813372, 33.382623183000021 ], [ 35.579780685, 33.380545272 ], [ 35.584917843000028, 33.379412149000018 ], [ 35.592224827999985, 33.381765428999984 ], [ 35.594823344000019, 33.385478632 ], [ 35.594999912999981, 33.391202653 ], [ 35.596873187000028, 33.395514478 ], [ 35.601768911000022, 33.396695946000023 ], [ 35.606024694999974, 33.402171092 ], [ 35.610375566000016, 33.398832819 ] ] ] } },
{ "type": "Feature", "properties": { "adm2_name": "El Nabatieh", "adm2_name1": "النبطية", "adm2_pcode": "LB44", "adm1_name": "El Nabatieh", "adm1_name1": "النبطية", "adm1_pcode": "LB4", "center_lat": 33.40349374, "center_lon": 35.46830544 }, "geometry": { "type": "Polygon", "coordinates": [ [ [ 35.529365289, 33.510465431 ], [ 35.531692678000013, 33.511120620999975 ], [ 35.532990792000021, 33.510048797000024 ], [ 35.53165753899998, 33.509367139 ], [ 35.52950230099998, 33.503538959000025 ], [ 35.535788868999987, 33.509334991 ], [ 35.551127662999988, 33.504827464000016 ], [ 35.552875777, 33.505670364000025 ], [ 35.548440658, 33.500206221999974 ], [ 35.546224564, 33.494206518 ], [ 35.538549756, 33.486318133 ], [ 35.539348716, 33.485776685000019 ], [ 35.541223143000025, 33.487851485000022 ], [ 35.54728552, 33.487216046000015 ], [ 35.544596292999984, 33.485458387 ], [ 35.545150722000017, 33.481890169999986 ], [ 35.543549096999982, 33.481049622 ], [ 35.541193869999972, 33.483190714999978 ], [ 35.538419971999986, 33.481141066000021 ], [ 35.540045733999989, 33.478619759000026 ], [ 35.534159885, 33.475978188999989 ], [ 35.532978736000018, 33.472643268000013 ], [ 35.527513294000016, 33.4733539 ], [ 35.526231608999979, 33.471959459 ], [ 35.52716992500001, 33.470390468 ], [ 35.525196841000025, 33.468010831000015 ], [ 35.525770469, 33.466150417999984 ], [ 35.523982423, 33.465197296999975 ], [ 35.524055407999981, 33.463287200000025 ], [ 35.521338031000028, 33.459207016999983 ], [ 35.531142143000011, 33.455501573 ], [ 35.530451011000025, 33.454346746999988 ], [ 35.533054653000022, 33.453111659 ], [ 35.530944449, 33.451384646 ], [ 35.540375289999986, 33.450241450000021 ], [ 35.539164758000027, 33.448733221999987 ], [ 35.536904887999981, 33.448647511 ], [ 35.534828963, 33.443569104 ], [ 35.531593851000025, 33.442198941000015 ], [ 35.529994465000016, 33.437793329999977 ], [ 35.524152559000015, 33.434989703999975 ], [ 35.526256891, 33.434395056000028 ], [ 35.523705166000013, 33.430559682000023 ], [ 35.523977758, 33.427414753 ], [ 35.52648432, 33.426785312 ], [ 35.529007509999985, 33.421862181 ], [ 35.529861671, 33.422563303 ], [ 35.534435529, 33.420858705 ], [ 35.537687536000021, 33.42185729800002 ], [ 35.543262095999978, 33.419472337 ], [ 35.537026828000023, 33.408974791 ], [ 35.533824158000016, 33.40644482 ], [ 35.528518330999987, 33.394772827 ], [ 35.527175193, 33.394294022999986 ], [ 35.529023124, 33.391047578999974 ], [ 35.524579459, 33.390356414999985 ], [ 35.524075364999987, 33.388969185 ], [ 35.525546201999987, 33.378320598000016 ], [ 35.523787256, 33.377553918 ], [ 35.52434370200001, 33.36604180400002 ], [ 35.531968754, 33.365798825000013 ], [ 35.536410682999986, 33.368435948000013 ], [ 35.540219138999987, 33.359508846999972 ], [ 35.537935485, 33.35177252699998 ], [ 35.542819985, 33.351144466999983 ], [ 35.541834973999983, 33.349423480999974 ], [ 35.542431944999976, 33.347041296999976 ], [ 35.539711453, 33.346399405 ], [ 35.539853723000022, 33.344794213 ], [ 35.544571798999982, 33.344140203 ], [ 35.543221056999982, 33.342202668000027 ], [ 35.54023774, 33.342005541 ], [ 35.542853614000023, 33.338348113999984 ], [ 35.542182398000023, 33.33169290799998 ], [ 35.538075401000015, 33.325690246000022 ], [ 35.539046561000021, 33.311238706999973 ], [ 35.536781589999975, 33.307687691000012 ], [ 35.536594181, 33.300286129000028 ], [ 35.53389218, 33.297071491 ], [ 35.526484933, 33.295629588999986 ], [ 35.520110736, 33.299817625 ], [ 35.511471997, 33.30220362 ], [ 35.505684148, 33.300493802 ], [ 35.501027600999976, 33.30371218800002 ], [ 35.491396560999988, 33.301555097 ], [ 35.489855880999983, 33.30266745900002 ], [ 35.490267232, 33.305516131 ], [ 35.486579027, 33.304862615 ], [ 35.484185007, 33.310431271000027 ], [ 35.480593794000015, 33.312552367000023 ], [ 35.477288885, 33.308807794000018 ], [ 35.474471602, 33.311554132000026 ], [ 35.472528749, 33.311462356 ], [ 35.471555180999985, 33.308258481999985 ], [ 35.469306721, 33.307356964 ], [ 35.466509442000017, 33.308886164 ], [ 35.462677209999981, 33.308840412 ], [ 35.464864783999985, 33.311353086999986 ], [ 35.461870477, 33.312085020999973 ], [ 35.455879967999977, 33.310972058 ], [ 35.452867516000026, 33.3085542 ], [ 35.447160725, 33.311762488 ], [ 35.443649583000024, 33.308810058 ], [ 35.438980097000012, 33.307827437000014 ], [ 35.434443115000022, 33.310044646 ], [ 35.431139084, 33.308558307 ], [ 35.429924115, 33.310546546000012 ], [ 35.430882704, 33.313869904 ], [ 35.427868262, 33.315520187 ], [ 35.421503249000011, 33.315683191 ], [ 35.421194131, 33.311637339000015 ], [ 35.418035971, 33.311066558999983 ], [ 35.418439461999981, 33.308936228 ], [ 35.414275766, 33.308277383000018 ], [ 35.409681288, 33.304137622999974 ], [ 35.408192605000011, 33.304906787 ], [ 35.408770488000016, 33.30289527399998 ], [ 35.404423429000019, 33.300509666999972 ], [ 35.398453473000018, 33.307422014 ], [ 35.394168163000018, 33.30817916 ], [ 35.390723467999976, 33.311071379999987 ], [ 35.388314734, 33.310631758 ], [ 35.385673758, 33.305508858 ], [ 35.376966708999987, 33.306242106000013 ], [ 35.374418159000015, 33.304879273999973 ], [ 35.372660111000016, 33.309945808 ], [ 35.368979335, 33.312547337000012 ], [ 35.367456100000027, 33.311996122999972 ], [ 35.366090986000017, 33.309026158 ], [ 35.362118074000023, 33.31086310400002 ], [ 35.358327309, 33.307965528000011 ], [ 35.357065964000014, 33.31181740400001 ], [ 35.355026426, 33.31323268 ], [ 35.347065749000024, 33.314269373 ], [ 35.350034259999973, 33.318939044999979 ], [ 35.349379903999989, 33.320554878999985 ], [ 35.34574620799998, 33.320622839 ], [ 35.343771469999979, 33.316738878000024 ], [ 35.341082312000026, 33.317913278 ], [ 35.344016516000011, 33.327332789000025 ], [ 35.346943311000018, 33.328239613999983 ], [ 35.350398408, 33.331412995999983 ], [ 35.357004483000026, 33.332055770000011 ], [ 35.359310648000019, 33.336496550999982 ], [ 35.358491145000016, 33.338312506000022 ], [ 35.363273848, 33.339730356000018 ], [ 35.362492308000014, 33.343444923 ], [ 35.365546919999986, 33.344374669 ], [ 35.365558301000021, 33.349039855 ], [ 35.363973521999981, 33.349284937 ], [ 35.366553263000014, 33.354199358000017 ], [ 35.365363173, 33.355675291000011 ], [ 35.360670133999974, 33.354533673 ], [ 35.356746148000013, 33.351750681 ], [ 35.355474849000018, 33.353117651 ], [ 35.348925242, 33.349634294999987 ], [ 35.346324046, 33.353462775000025 ], [ 35.347429485000021, 33.355994219000024 ], [ 35.344421776, 33.355144978999988 ], [ 35.341814043, 33.358637018000024 ], [ 35.340047191999986, 33.358332678000011 ], [ 35.338817601000017, 33.360945246000028 ], [ 35.335801178, 33.361948809000012 ], [ 35.332186818000025, 33.362159328000018 ], [ 35.331461682, 33.361110986000028 ], [ 35.327252075999979, 33.364092847999984 ], [ 35.325392177000026, 33.362163697000028 ], [ 35.322992576, 33.361814111 ], [ 35.323270940999976, 33.360464630000024 ], [ 35.318795318000014, 33.364546027000017 ], [ 35.316262, 33.362412615999972 ], [ 35.308885498999985, 33.362419779999982 ], [ 35.308302411999989, 33.364643597 ], [ 35.303992156, 33.367047981999974 ], [ 35.300367525000013, 33.367531899000028 ], [ 35.297754164000025, 33.366962420999982 ], [ 35.297907443999975, 33.365928091 ], [ 35.294496875999982, 33.366047227000024 ], [ 35.294786134999981, 33.368560216999981 ], [ 35.299546998999972, 33.369742771 ], [ 35.302511843, 33.36785661 ], [ 35.307419440999979, 33.368205225 ], [ 35.311129132000019, 33.36525210100001 ], [ 35.314865065, 33.36509288100001 ], [ 35.320066941999983, 33.373412329000018 ], [ 35.319648254000015, 33.376526236000018 ], [ 35.317903801, 33.376860345000011 ], [ 35.31779648600002, 33.379326014000014 ], [ 35.312424295000028, 33.378569626 ], [ 35.309150612999986, 33.379907831000025 ], [ 35.31248268500002, 33.382987663 ], [ 35.32105313, 33.384649146000015 ], [ 35.3176871, 33.386473360000025 ], [ 35.319717169, 33.387693534999983 ], [ 35.31592529, 33.387860859 ], [ 35.313517889000025, 33.389715192999972 ], [ 35.321457561999978, 33.393691287000024 ], [ 35.323604558, 33.396316421 ], [ 35.325273202, 33.395936275999986 ], [ 35.325024266000014, 33.401039842999978 ], [ 35.326298300000019, 33.399284672000022 ], [ 35.325648277000028, 33.396313763000023 ], [ 35.327702268, 33.394226941 ], [ 35.330629278, 33.394097916000021 ], [ 35.337535178999985, 33.398968566 ], [ 35.337729132, 33.397574796000015 ], [ 35.338736542, 33.398326641999972 ], [ 35.339032302000021, 33.401377824 ], [ 35.341826922999985, 33.402822435000019 ], [ 35.343408383, 33.401809803999981 ], [ 35.341747376, 33.400258372 ], [ 35.345135616999983, 33.398219639999979 ], [ 35.34397467399998, 33.395983463999983 ], [ 35.345607571000016, 33.395746894000013 ], [ 35.344694114999982, 33.392706057999987 ], [ 35.347135116, 33.391809678000016 ], [ 35.349473327, 33.388425762 ], [ 35.356271920999973, 33.386607903000026 ], [ 35.357380654, 33.384815589000027 ], [ 35.356296344999976, 33.382557835 ], [ 35.357917201000021, 33.382678995 ], [ 35.362238623999986, 33.377751718000013 ], [ 35.368341772, 33.376809858 ], [ 35.368503923, 33.375747692 ], [ 35.375094198, 33.375633804000017 ], [ 35.382699953999975, 33.377407995 ], [ 35.37750134800001, 33.377956674000018 ], [ 35.369794555999988, 33.384619772 ], [ 35.370359785, 33.391222630000016 ], [ 35.372251840999979, 33.391898208999976 ], [ 35.373831085, 33.395711549 ], [ 35.376214603, 33.397425546000022 ], [ 35.387405891000014, 33.397532448999982 ], [ 35.392909708, 33.401012929999979 ], [ 35.396232107, 33.399899134 ], [ 35.399583308999979, 33.401568407000013 ], [ 35.399481977, 33.40279211 ], [ 35.40119877, 33.402236099999982 ], [ 35.40445374, 33.403551935999985 ], [ 35.405544247000023, 33.406282143 ], [ 35.403076317, 33.410800052000013 ], [ 35.399376064000023, 33.411816064999982 ], [ 35.395716881999988, 33.41491535900002 ], [ 35.3941284, 33.419332184999973 ], [ 35.389859614999978, 33.420771777000027 ], [ 35.391476227, 33.431524665999973 ], [ 35.387245518999976, 33.435813328999984 ], [ 35.390217617000019, 33.438494467 ], [ 35.389513675999979, 33.44209258799998 ], [ 35.390920465000022, 33.442858919 ], [ 35.390059367999982, 33.444378801000028 ], [ 35.39139437, 33.444789956000022 ], [ 35.390154012999972, 33.447286513 ], [ 35.393968132999987, 33.447194812000021 ], [ 35.393508016, 33.452064537000012 ], [ 35.394783433999976, 33.452265554 ], [ 35.393278912000028, 33.454800153 ], [ 35.394902057000024, 33.454942392000021 ], [ 35.395649043999981, 33.458486219 ], [ 35.401391596999986, 33.457800985 ], [ 35.404143596999972, 33.455331182 ], [ 35.411669561999986, 33.453749816000027 ], [ 35.415405302000011, 33.450274383000021 ], [ 35.420065889999989, 33.449541781999983 ], [ 35.41864185999998, 33.455641693000018 ], [ 35.428262932999985, 33.461571224000011 ], [ 35.426407992, 33.463891526 ], [ 35.420835748, 33.464562075 ], [ 35.420332423, 33.468318597 ], [ 35.419045647000019, 33.469506781 ], [ 35.412935676000018, 33.468918228 ], [ 35.411566373000028, 33.470342897000023 ], [ 35.412052206999988, 33.471675247 ], [ 35.406220548000022, 33.47395415699998 ], [ 35.407469215, 33.475972978000016 ], [ 35.411672964, 33.477477164999982 ], [ 35.418192271, 33.476805383999988 ], [ 35.419746708, 33.479073604 ], [ 35.425424978000024, 33.479199317 ], [ 35.426719094000021, 33.481224855 ], [ 35.428304170999979, 33.481394215000023 ], [ 35.429514900000015, 33.487766954999984 ], [ 35.43144950300001, 33.488834022 ], [ 35.441238692000013, 33.482760514 ], [ 35.441027501, 33.480274353000027 ], [ 35.444424762999972, 33.480925441000011 ], [ 35.444959928, 33.478869029 ], [ 35.451035256000011, 33.481047853 ], [ 35.448772425000016, 33.479961147999973 ], [ 35.449603658, 33.477910498000028 ], [ 35.450322353999979, 33.477010281 ], [ 35.45240413, 33.477873288000012 ], [ 35.452813570999979, 33.476211154 ], [ 35.454938237000022, 33.475739665 ], [ 35.458779436999976, 33.478276116000018 ], [ 35.458277380000027, 33.481202187 ], [ 35.459725483, 33.480606726000019 ], [ 35.460861556999987, 33.481669712999974 ], [ 35.461119167999982, 33.482851025 ], [ 35.456957433000014, 33.484015124999985 ], [ 35.457906998, 33.485116232 ], [ 35.45676691, 33.487673808000011 ], [ 35.459199722999983, 33.490310658999988 ], [ 35.47180179999998, 33.48331878099998 ], [ 35.473105449, 33.480733311999984 ], [ 35.479977174999988, 33.475038421000022 ], [ 35.479239713000027, 33.476516028999981 ], [ 35.486044107999987, 33.481045381 ], [ 35.48357711, 33.485680409 ], [ 35.500266050999983, 33.492724740000028 ], [ 35.501011721999987, 33.496809699999972 ], [ 35.509000749, 33.496185586000024 ], [ 35.511089095999978, 33.497150960999988 ], [ 35.512609968, 33.495363326000017 ], [ 35.515113541, 33.495670616999973 ], [ 35.519490524, 33.499507466000011 ], [ 35.520078323, 33.503345546999981 ], [ 35.522964726999987, 33.504948902000024 ], [ 35.524175007999986, 33.507463497 ], [ 35.523035387, 33.509328485000026 ], [ 35.525296433999983, 33.510985194 ], [ 35.526753770000028, 33.509333536999975 ], [ 35.528269556, 33.511338740999975 ], [ 35.529365289, 33.510465431 ] ] ] } },
{ "type": "Feature", "properties": { "adm2_name": "Akkar", "adm2_name1": "عكار", "adm2_pcode": "LB51", "adm1_name": "Akkar", "adm1_name1": "عكار", "adm1_pcode": "LB7", "center_lat": 34.55238563, "center_lon": 36.20071847 }, "geometry": { "type": "Polygon", "coordinates": [ [ [ 36.335313085, 34.692061254 ], [ 36.339228189999972, 34.691886813999986 ], [ 36.340580707000015, 34.688627108999981 ], [ 36.343984213, 34.689580111 ], [ 36.347927251999977, 34.685369992 ], [ 36.35565015200001, 34.68317087600002 ], [ 36.355286195000019, 34.680465310999978 ], [ 36.353866847, 34.679628981 ], [ 36.355357602000026, 34.676282582 ], [ 36.354696709999985, 34.674286772000016 ], [ 36.350284988, 34.670965951000028 ], [ 36.351323773, 34.666124267999976 ], [ 36.349470599000028, 34.664160477 ], [ 36.350510875999987, 34.660641382999984 ], [ 36.355113704000019, 34.657165433999978 ], [ 36.35503775799998, 34.654846297 ], [ 36.359769480000011, 34.649152169999979 ], [ 36.35972149600002, 34.647373787 ], [ 36.361632508000014, 34.647332186000028 ], [ 36.36582161299998, 34.642330413000025 ], [ 36.370903951, 34.641873162000024 ], [ 36.373139852, 34.639031831000011 ], [ 36.377827276, 34.636992131999989 ], [ 36.383368583999982, 34.632484010999974 ], [ 36.389003735000017, 34.631788539000013 ], [ 36.390990852000016, 34.630283586000019 ], [ 36.40203263799998, 34.637692534 ], [ 36.409889793, 34.632205321000015 ], [ 36.41134703900002, 34.629599164000012 ], [ 36.417404278999982, 34.626473214999976 ], [ 36.4223622, 34.626254687000028 ], [ 36.450947749000022, 34.637105356 ], [ 36.458446148, 34.637572295999973 ], [ 36.464918952, 34.635978111999975 ], [ 36.461545635999983, 34.633727818000011 ], [ 36.459499411000024, 34.62960813 ], [ 36.461311731000023, 34.625927121000018 ], [ 36.458677900999987, 34.62539833 ], [ 36.457081171000027, 34.623452397999984 ], [ 36.457384956999988, 34.619130661999975 ], [ 36.460776646, 34.615656081999987 ], [ 36.459094419, 34.613652628000011 ], [ 36.460722788, 34.610528294 ], [ 36.457801254, 34.605791832000023 ], [ 36.458718149999982, 34.604158270000028 ], [ 36.457367119000025, 34.598837915999979 ], [ 36.456149857000014, 34.599293827999986 ], [ 36.452183586999979, 34.59213868400002 ], [ 36.449043137999979, 34.591512142999989 ], [ 36.444934317, 34.592896530000019 ], [ 36.435540027, 34.591589804000023 ], [ 36.432033972, 34.59292947 ], [ 36.430805142999986, 34.599932556999988 ], [ 36.426264393999986, 34.604606724 ], [ 36.420345070999986, 34.606326178000018 ], [ 36.414757421, 34.605807676999973 ], [ 36.414981991, 34.61214580799998 ], [ 36.410684216999982, 34.610320793000028 ], [ 36.407278045, 34.610744598 ], [ 36.403778715999977, 34.607315964 ], [ 36.404655186000014, 34.604869722999979 ], [ 36.403755405000027, 34.603591253 ], [ 36.407216676000019, 34.60040895100002 ], [ 36.402254780000021, 34.59280349 ], [ 36.402651283000012, 34.582183585999985 ], [ 36.396139705, 34.575986591 ], [ 36.399101539000014, 34.572181205999982 ], [ 36.403791109, 34.571319397000025 ], [ 36.415097574000015, 34.563554373999978 ], [ 36.41376555, 34.562096833999988 ], [ 36.414330265, 34.558480278 ], [ 36.412004239999987, 34.553492115999973 ], [ 36.409405132000018, 34.552234836000025 ], [ 36.409162047999985, 34.550910108999972 ], [ 36.388085536, 34.547294559000022 ], [ 36.384400341, 34.543548499 ], [ 36.384960681999985, 34.540727613 ], [ 36.383788143, 34.537435469 ], [ 36.377041627999972, 34.535099897 ], [ 36.373411939, 34.535224212 ], [ 36.368459842, 34.52948103 ], [ 36.364363457000024, 34.527030274000026 ], [ 36.360865228000023, 34.521966881000026 ], [ 36.354359198999987, 34.519940844000018 ], [ 36.350135799999975, 34.516645916000016 ], [ 36.347999015000028, 34.511351376 ], [ 36.348442821999981, 34.509700392000013 ], [ 36.337489242, 34.50396415199998 ], [ 36.335400402, 34.505094830000019 ], [ 36.336531105, 34.507606470999974 ], [ 36.336284305, 34.514617663000024 ], [ 36.334649435000017, 34.515814068999987 ], [ 36.333741980000013, 34.518195333 ], [ 36.334771326, 34.51997283999998 ], [ 36.332528786000012, 34.520951427 ], [ 36.332584895000025, 34.522820673000012 ], [ 36.330177490999972, 34.521655138000028 ], [ 36.328653318000022, 34.518851026 ], [ 36.323452698999972, 34.517438384 ], [ 36.321451791000015, 34.514469841999983 ], [ 36.315404777000026, 34.515295648 ], [ 36.308024135999972, 34.508985871999982 ], [ 36.305248151, 34.504860638000025 ], [ 36.305480137000018, 34.497975892999989 ], [ 36.301341615000013, 34.495516703000021 ], [ 36.297206919000018, 34.495920201 ], [ 36.294716995999977, 34.493465857999979 ], [ 36.292220475000022, 34.483488306000027 ], [ 36.288921139000024, 34.478485352 ], [ 36.27595842300002, 34.470072437999988 ], [ 36.271134378, 34.469839133 ], [ 36.270555507999973, 34.467661436000014 ], [ 36.264266078, 34.464357705 ], [ 36.261023739999985, 34.459844848999978 ], [ 36.250811965000025, 34.457927434999988 ], [ 36.246205319000012, 34.459339272000022 ], [ 36.242907485999979, 34.457354561999978 ], [ 36.23989075999998, 34.450955743 ], [ 36.242305708, 34.445118847 ], [ 36.24147313200001, 34.44039152900001 ], [ 36.242939695000018, 34.439555594000012 ], [ 36.242505774, 34.435296046000019 ], [ 36.245969391000017, 34.434266684000022 ], [ 36.248082184, 34.431677305999983 ], [ 36.248562569, 34.425233049999974 ], [ 36.24457444, 34.421209896 ], [ 36.244956933000026, 34.418699405999973 ], [ 36.235289076000015, 34.41792553099998 ], [ 36.232318389999989, 34.420473631999982 ], [ 36.230691478999972, 34.425030403 ], [ 36.227752953999982, 34.420375928 ], [ 36.222422526, 34.418380225000021 ], [ 36.222055631999979, 34.416646411999977 ], [ 36.218111412999974, 34.417155192999985 ], [ 36.215298516000018, 34.420020834000013 ], [ 36.213265689000025, 34.419953564000025 ], [ 36.185224308999977, 34.412884566 ], [ 36.169929044000014, 34.418958014 ], [ 36.145473795999976, 34.419833201000017 ], [ 36.141327579, 34.422928416 ], [ 36.140250972, 34.427728152999975 ], [ 36.135891484000012, 34.431255108000016 ], [ 36.135768443000018, 34.433751786000016 ], [ 36.131598890000021, 34.438082286 ], [ 36.123508098, 34.445136637000019 ], [ 36.11903464300002, 34.447178286 ], [ 36.112406506000013, 34.44497422 ], [ 36.099681959, 34.446662834 ], [ 36.089258149999978, 34.443525927999985 ], [ 36.081963678000022, 34.443714301999989 ], [ 36.071490489999974, 34.447281916 ], [ 36.057859231, 34.445166867000012 ], [ 36.052631948, 34.446059250000019 ], [ 36.046850022, 34.44226815899998 ], [ 36.039333876, 34.441878366000026 ], [ 36.028427111999974, 34.443942228000026 ], [ 36.016649839000024, 34.439285102999975 ], [ 36.010501689000023, 34.440449193 ], [ 36.00427785, 34.43922892 ], [ 36.002143228000023, 34.440526178000027 ], [ 35.990734041999985, 34.441927281 ], [ 35.989495031999979, 34.446245690000012 ], [ 35.992308098000024, 34.450301793999984 ], [ 35.989058812, 34.457067398 ], [ 35.98916661200002, 34.461469781 ], [ 35.987813043000017, 34.462877479999975 ], [ 35.987528339999983, 34.466066136999984 ], [ 35.988853217999974, 34.46748806 ], [ 35.987863275, 34.469781946000012 ], [ 35.989470231999974, 34.471904822 ], [ 35.98539373, 34.478301525 ], [ 35.985189554999977, 34.482475809999983 ], [ 35.986608163000028, 34.48300001299998 ], [ 35.984363422, 34.485627428999976 ], [ 35.990110265, 34.487327030000017 ], [ 35.989484471000026, 34.493022509000014 ], [ 35.985402674, 34.496890787999973 ], [ 35.983420191, 34.501664192000021 ], [ 35.973655142999974, 34.494304522999983 ], [ 35.971019034, 34.496113358 ], [ 35.966708609000023, 34.496619787999975 ], [ 35.964488135000011, 34.499428621 ], [ 35.962019732999977, 34.50858836499998 ], [ 35.954734357, 34.512550416000011 ], [ 35.961388941999985, 34.517450661 ], [ 35.974286673999984, 34.516760518000012 ], [ 35.97718497, 34.519346406000011 ], [ 35.976101776, 34.520360456999981 ], [ 35.977308462, 34.522378377999985 ], [ 35.976474881, 34.520459892000019 ], [ 35.977295315999982, 34.519657941999981 ], [ 35.979592976, 34.520184718 ], [ 35.977926634000028, 34.521597836000012 ], [ 35.979835990000026, 34.520431783 ], [ 35.980829756, 34.521373493999988 ], [ 35.986291275999974, 34.529487752000023 ], [ 35.990474301, 34.550747621000028 ], [ 35.991972556, 34.552625434999982 ], [ 35.991899698999987, 34.573205608000023 ], [ 35.990948431999982, 34.579104305999977 ], [ 35.990002413000013, 34.579089609999983 ], [ 35.98931366, 34.587767826 ], [ 35.975226454, 34.633839292 ], [ 35.977835581000022, 34.635497996000026 ], [ 35.975853052, 34.643234408000012 ], [ 35.980911064999987, 34.644773550000025 ], [ 35.980551849999983, 34.649653691000026 ], [ 35.985954473999982, 34.648209888999986 ], [ 35.98742058800002, 34.649658692 ], [ 35.990744052000025, 34.650055090000023 ], [ 35.98954533, 34.64403262899998 ], [ 35.991309017, 34.642643537000026 ], [ 35.992879980999987, 34.644630886000016 ], [ 35.995947670000021, 34.642563371999984 ], [ 36.007574058999978, 34.645373311000014 ], [ 36.005777645000023, 34.642098260000012 ], [ 36.008682854000028, 34.641627197999981 ], [ 36.019027661999985, 34.635870755999974 ], [ 36.023577934, 34.63529312999998 ], [ 36.024681900000019, 34.631950121999978 ], [ 36.027990394000028, 34.629579466 ], [ 36.034142685, 34.631028676000028 ], [ 36.032946375999984, 34.628585364 ], [ 36.034681233000015, 34.627467309999986 ], [ 36.036499088000028, 34.628888565000011 ], [ 36.04261528, 34.629836994000016 ], [ 36.052226279000024, 34.627846482 ], [ 36.054308750000018, 34.632292318999987 ], [ 36.059173913999985, 34.632882331000019 ], [ 36.06306516799998, 34.635854973999983 ], [ 36.064708806999988, 34.635289054999987 ], [ 36.064780835000022, 34.631705222999983 ], [ 36.06760243399998, 34.633996351 ], [ 36.073541072000012, 34.631640026000014 ], [ 36.073697545000016, 34.628128087999983 ], [ 36.076166087, 34.628751153999985 ], [ 36.078189604999977, 34.633764687 ], [ 36.079736303, 34.634267668 ], [ 36.081256671, 34.633511993000013 ], [ 36.080991615000016, 34.630550621999987 ], [ 36.085511274999988, 34.632104944 ], [ 36.089463126, 34.629073006999988 ], [ 36.090525051999975, 34.630549109000015 ], [ 36.092355708000014, 34.62896028900002 ], [ 36.094667533, 34.630875812 ], [ 36.094000506999976, 34.631750845 ], [ 36.097406136000018, 34.633023072000015 ], [ 36.09677019999998, 34.635278265000011 ], [ 36.097753244999979, 34.636283971000012 ], [ 36.099560611000015, 34.63625979699998 ], [ 36.101204966000012, 34.634469981 ], [ 36.10490880499998, 34.635375265 ], [ 36.109165625, 34.632630145 ], [ 36.115435236, 34.633418633000019 ], [ 36.116462825999974, 34.637269678999985 ], [ 36.122898147, 34.641813090000028 ], [ 36.126929104, 34.641812067999979 ], [ 36.130190074999973, 34.638885816000027 ], [ 36.132971199, 34.639354125000011 ], [ 36.140267801999983, 34.634604291000016 ], [ 36.144282821, 34.63544013 ], [ 36.152047664, 34.633029677000025 ], [ 36.162035278000019, 34.633535966000011 ], [ 36.172223222000014, 34.628339486000016 ], [ 36.175810363999972, 34.629272776 ], [ 36.176776959999984, 34.63276704499998 ], [ 36.179872218000014, 34.634161946 ], [ 36.189522623000016, 34.637134377999985 ], [ 36.197023306, 34.635874345 ], [ 36.20103922200002, 34.637450361 ], [ 36.209306735999974, 34.631929907000028 ], [ 36.213119555999981, 34.630446697000025 ], [ 36.219529216000012, 34.630383108 ], [ 36.225917803000016, 34.625821361000021 ], [ 36.227841212999977, 34.629741599999988 ], [ 36.237440174000028, 34.627355959 ], [ 36.236943128, 34.632483193999974 ], [ 36.240929030000018, 34.631761886 ], [ 36.243950069999983, 34.636105453000027 ], [ 36.247626721000017, 34.633218439000018 ], [ 36.255319714999985, 34.632579943999986 ], [ 36.258302764, 34.63046146 ], [ 36.262182978, 34.630258205000018 ], [ 36.265257931, 34.627086064000025 ], [ 36.272073020999983, 34.629707644 ], [ 36.275106462999986, 34.62972879 ], [ 36.277791240999989, 34.628134237999973 ], [ 36.283571857000027, 34.632384398 ], [ 36.288416305, 34.630206875999988 ], [ 36.292281243, 34.633614078999983 ], [ 36.297150395000017, 34.634601843999974 ], [ 36.298353372, 34.638473632 ], [ 36.301310371, 34.640921078000019 ], [ 36.304952545, 34.648126886999989 ], [ 36.305236972999978, 34.65235773400002 ], [ 36.308743814000024, 34.655516734 ], [ 36.303270003000023, 34.665199382000026 ], [ 36.303060442, 34.668213075999972 ], [ 36.305940512, 34.671197446 ], [ 36.310945167, 34.682760200000018 ], [ 36.316508732999978, 34.68348725200002 ], [ 36.316689092999979, 34.685553084 ], [ 36.319462417000011, 34.686755413000014 ], [ 36.321060364, 34.689514224999982 ], [ 36.329041866000011, 34.689123705999975 ], [ 36.335313085, 34.692061254 ] ] ] } },
{ "type": "Feature", "properties": { "adm2_name": "El Batroun", "adm2_name1": "البترون", "adm2_pcode": "LB52", "adm1_name": "North", "adm1_name1": "الشمال", "adm1_pcode": "LB5", "center_lat": 34.23466065, "center_lon": 35.78012191 }, "geometry": { "type": "Polygon", "coordinates": [ [ [ 35.744930919000012, 34.342570364999972 ], [ 35.744246410000017, 34.340565876000028 ], [ 35.746660319, 34.339759871000012 ], [ 35.74500357, 34.339437132 ], [ 35.744145452999987, 34.336702624 ], [ 35.747355024, 34.333717345000025 ], [ 35.751969807000023, 34.333475566 ], [ 35.75021442100001, 34.330410323000024 ], [ 35.750702202000014, 34.32846572699998 ], [ 35.760383585, 34.324908962 ], [ 35.763841133000028, 34.318857126000012 ], [ 35.762812064, 34.315961852999976 ], [ 35.761864398, 34.318804703000012 ], [ 35.757619967999972, 34.318889322000018 ], [ 35.753210882000019, 34.31520611000002 ], [ 35.754272562999972, 34.313279137 ], [ 35.751322523999988, 34.312435646999973 ], [ 35.734572567999976, 34.317322156999978 ], [ 35.73308762, 34.315826193000021 ], [ 35.736865969, 34.311197903 ], [ 35.735029617, 34.305518020000022 ], [ 35.729945644999987, 34.307362298999976 ], [ 35.729219966000016, 34.31079523 ], [ 35.727241651999975, 34.311134841000012 ], [ 35.720238183999982, 34.307054898999979 ], [ 35.716631071999984, 34.303027568 ], [ 35.713955208000016, 34.303143149999983 ], [ 35.711264813000014, 34.301282403000016 ], [ 35.708062889000018, 34.301729873999989 ], [ 35.706107660999976, 34.298979485000018 ], [ 35.706463395000014, 34.293768705 ], [ 35.71520446300002, 34.292292579 ], [ 35.72088635199998, 34.288088198000025 ], [ 35.723622053999975, 34.287573878999979 ], [ 35.725189780999983, 34.283511799999985 ], [ 35.728049589000022, 34.281445319999989 ], [ 35.727362003999986, 34.276210075 ], [ 35.724750738000012, 34.274254837 ], [ 35.726928945, 34.271707217000028 ], [ 35.728559991, 34.272198711999977 ], [ 35.730021318000013, 34.269263985 ], [ 35.729486505000011, 34.266904126999975 ], [ 35.732844788000023, 34.265008609 ], [ 35.738312977000021, 34.264928772000019 ], [ 35.739325080000015, 34.263839645000019 ], [ 35.742017206000014, 34.265045059999977 ], [ 35.746820580000019, 34.263543025 ], [ 35.749009994, 34.265429410000024 ], [ 35.753117245999988, 34.262427291999984 ], [ 35.758625042, 34.26471532 ], [ 35.760283679999986, 34.262234901999989 ], [ 35.76271111, 34.263394135 ], [ 35.764025764999985, 34.26264315100002 ], [ 35.76424010300002, 34.25994818800001 ], [ 35.768715891999989, 34.260706710000022 ], [ 35.777706750999982, 34.255163528000026 ], [ 35.777428413999985, 34.253125827000019 ], [ 35.780202896999981, 34.250320429 ], [ 35.783278278000012, 34.251055915999984 ], [ 35.78437198, 34.249022986 ], [ 35.79460953, 34.247652824 ], [ 35.798814591999985, 34.248714858000028 ], [ 35.806614523, 34.243528471 ], [ 35.808012715000018, 34.249267389000011 ], [ 35.812828728, 34.249914568 ], [ 35.814984012000025, 34.253848085000016 ], [ 35.812948458, 34.256304479 ], [ 35.811906814999986, 34.261191337000014 ], [ 35.826149769999972, 34.264617696000016 ], [ 35.825799965999977, 34.259068661000015 ], [ 35.829378371000018, 34.256307830000026 ], [ 35.827205117, 34.255752598000015 ], [ 35.834948726, 34.248386279999977 ], [ 35.842769111999985, 34.248951364999982 ], [ 35.846873925000011, 34.251122663999979 ], [ 35.851144536, 34.251425649 ], [ 35.855978175000018, 34.25054667 ], [ 35.858683053999982, 34.249295164999978 ], [ 35.858959691, 34.247835466000026 ], [ 35.872307507000016, 34.246728613000016 ], [ 35.879761816999974, 34.242577505999975 ], [ 35.880111992000025, 34.237148408999985 ], [ 35.882456912, 34.236196310000025 ], [ 35.883555152999975, 34.239939166 ], [ 35.887230068, 34.238851424000018 ], [ 35.889079596999977, 34.23967567 ], [ 35.894960356000013, 34.237542164999979 ], [ 35.899041935000014, 34.240418002000013 ], [ 35.902869499000019, 34.239244085999985 ], [ 35.904395024999985, 34.234527113000013 ], [ 35.910449121999989, 34.225233206999974 ], [ 35.90999216199998, 34.219999299999984 ], [ 35.912567446000025, 34.216131107000024 ], [ 35.911920107000014, 34.213463854999986 ], [ 35.913394687, 34.211940901999981 ], [ 35.918159457, 34.211466359999974 ], [ 35.923489942, 34.21420901800002 ], [ 35.925030025000012, 34.217635475 ], [ 35.926454053999976, 34.216504809000014 ], [ 35.935255187999985, 34.216463490000024 ], [ 35.936853215999975, 34.217433194000023 ], [ 35.939303514000017, 34.216314938999972 ], [ 35.945085510000013, 34.218122737999977 ], [ 35.958344013999977, 34.213815125 ], [ 35.961091329999988, 34.211095414999988 ], [ 35.985135019999973, 34.210068343999978 ], [ 35.985928103999981, 34.211920587 ], [ 35.988628936, 34.21196039900002 ], [ 35.99204032199998, 34.209311932 ], [ 35.991234669, 34.207158864 ], [ 35.993610166, 34.203198842 ], [ 35.992107612999973, 34.199707185000022 ], [ 35.993316671, 34.194906441 ], [ 36.005778223, 34.193013785 ], [ 36.020568742000023, 34.182966696999983 ], [ 36.019780518, 34.171988543999987 ], [ 36.004166074000011, 34.168328046999989 ], [ 36.034568084999989, 34.164309354000011 ], [ 36.021286993, 34.141962084999989 ], [ 36.014921883999989, 34.126553591 ], [ 36.012720308999974, 34.135488453999983 ], [ 36.014056112999981, 34.140075113000023 ], [ 36.010244184999976, 34.146337648999975 ], [ 36.004860845, 34.148737043999972 ], [ 35.990964114, 34.151532958000018 ], [ 35.987480243, 34.154131947 ], [ 35.979868555999985, 34.153986971 ], [ 35.978001942, 34.154716018999977 ], [ 35.976900295, 34.157541816 ], [ 35.969961295000019, 34.158662209999989 ], [ 35.964498817999981, 34.161693653999976 ], [ 35.960133742999972, 34.159146812000017 ], [ 35.95789713, 34.160337516000027 ], [ 35.955796694000014, 34.163749825000025 ], [ 35.950633024000012, 34.166417663 ], [ 35.938110349, 34.165186845999983 ], [ 35.934035209, 34.160671743000023 ], [ 35.934071991, 34.158073552000019 ], [ 35.93244633, 34.156476511 ], [ 35.92807688, 34.157725616 ], [ 35.927022589999979, 34.156028751 ], [ 35.922809797000014, 34.155166634000011 ], [ 35.912514381, 34.155456733999983 ], [ 35.909892529999979, 34.156638080999983 ], [ 35.900872478999986, 34.152474102999975 ], [ 35.895408423, 34.154291764999982 ], [ 35.892958395999983, 34.154226914999981 ], [ 35.892668452, 34.152601144000016 ], [ 35.889664455, 34.151795263999986 ], [ 35.888583045000019, 34.1536142 ], [ 35.886626477999982, 34.15228822 ], [ 35.879485158000023, 34.152167513 ], [ 35.88074102500002, 34.155490247999978 ], [ 35.866571669, 34.159152135999989 ], [ 35.868071502000021, 34.164372694 ], [ 35.864847311, 34.164970516999972 ], [ 35.867129557999988, 34.171515135999982 ], [ 35.866394029999981, 34.175433055999974 ], [ 35.860151289999976, 34.175992377 ], [ 35.85272914799998, 34.181552006 ], [ 35.839906702, 34.187010601999987 ], [ 35.839767541000015, 34.188513533999981 ], [ 35.8379602, 34.18928543200002 ], [ 35.83942829, 34.190469602 ], [ 35.838706081999987, 34.191157261 ], [ 35.82355603100001, 34.189603926000018 ], [ 35.820618680999985, 34.187852415 ], [ 35.814696235999975, 34.191056049 ], [ 35.812911827999983, 34.193810964000022 ], [ 35.807986788, 34.194220436000023 ], [ 35.810112791999984, 34.189075577999972 ], [ 35.808951502000014, 34.189074182000013 ], [ 35.809757822999984, 34.188417632999972 ], [ 35.808771977999982, 34.185571051000011 ], [ 35.811285134, 34.181869624 ], [ 35.805219946000022, 34.182684848 ], [ 35.793329506000021, 34.18145623700002 ], [ 35.791900064, 34.181583163000028 ], [ 35.791059327000028, 34.183565687999987 ], [ 35.791987887, 34.183952821 ], [ 35.790282307999973, 34.185218269000018 ], [ 35.790925292, 34.187478328 ], [ 35.792888931, 34.188532131999978 ], [ 35.790505350999979, 34.189334314 ], [ 35.788351479000028, 34.193243837000011 ], [ 35.781215594, 34.193520501000023 ], [ 35.773042410000016, 34.196899374 ], [ 35.768637367999986, 34.192330535 ], [ 35.763410879999981, 34.192510364999976 ], [ 35.761617791, 34.187115515000016 ], [ 35.758176188999983, 34.186060828 ], [ 35.757507616999987, 34.184251214000028 ], [ 35.748946164000017, 34.184316417 ], [ 35.74766239600001, 34.185534239 ], [ 35.746031174999985, 34.181800113 ], [ 35.744784157000026, 34.181835165 ], [ 35.739285611000014, 34.18339849900002 ], [ 35.73254025, 34.183363314000019 ], [ 35.723086109, 34.190939526000022 ], [ 35.716881726, 34.194183297 ], [ 35.702968915999975, 34.194237284999986 ], [ 35.694380130000013, 34.192423661000021 ], [ 35.680013648999989, 34.205084035000027 ], [ 35.681630118999976, 34.209884011999975 ], [ 35.680785198000024, 34.210611773999972 ], [ 35.67586632299998, 34.210725957000022 ], [ 35.675032796999972, 34.209238305999975 ], [ 35.671502627, 34.210406187 ], [ 35.668795874000011, 34.208744895 ], [ 35.665689283, 34.209781454999984 ], [ 35.652441795000016, 34.209344198 ], [ 35.647994132, 34.210661131999984 ], [ 35.64999659, 34.216155508999975 ], [ 35.653830401999983, 34.221219678000011 ], [ 35.654166912999983, 34.227647874000013 ], [ 35.655557918, 34.228580679 ], [ 35.655441035000024, 34.233574409000028 ], [ 35.654303986, 34.234393770999986 ], [ 35.655899042999977, 34.234458324 ], [ 35.658010725, 34.238868916 ], [ 35.659564134, 34.239381277 ], [ 35.660628485000018, 34.245819090999987 ], [ 35.660087412, 34.246955663 ], [ 35.657194985999979, 34.247147727000026 ], [ 35.658129595, 34.247779772 ], [ 35.656121242999973, 34.251309397 ], [ 35.657885425000018, 34.251267326 ], [ 35.658263294, 34.252404072 ], [ 35.656186562000016, 34.253040762000012 ], [ 35.655661215, 34.255246474999979 ], [ 35.656738596000025, 34.258472886 ], [ 35.657529943999975, 34.257421954999984 ], [ 35.658309885999984, 34.258062001999974 ], [ 35.656992334999984, 34.25980747 ], [ 35.658526492000021, 34.261492094 ], [ 35.657612958000016, 34.262827705 ], [ 35.658609082, 34.266119346999972 ], [ 35.65575983399998, 34.272139931000027 ], [ 35.65238632, 34.273332294999989 ], [ 35.655469529000015, 34.278527845999974 ], [ 35.651232365999988, 34.281593118999979 ], [ 35.65368268200001, 34.280694632 ], [ 35.655254265, 34.284660592000023 ], [ 35.65591443400001, 34.283265396 ], [ 35.654398023, 34.280943573 ], [ 35.657449799, 34.281269564000013 ], [ 35.655690153000023, 34.282084127000019 ], [ 35.658847130000026, 34.28353135499998 ], [ 35.657679864999977, 34.284495774999982 ], [ 35.665733120000027, 34.286372702999984 ], [ 35.667318205000015, 34.291098707 ], [ 35.669008448999989, 34.291408328999978 ], [ 35.669667113, 34.293151360000024 ], [ 35.672341599, 34.293254893999972 ], [ 35.669790186, 34.296573790000025 ], [ 35.672342868999976, 34.299923891 ], [ 35.671815415000026, 34.303324 ], [ 35.675371168000027, 34.305865202 ], [ 35.680120294, 34.312031751 ], [ 35.687617550000027, 34.314089697999975 ], [ 35.693204601, 34.31303078000002 ], [ 35.697880555999973, 34.311025519999987 ], [ 35.698671015, 34.308356048 ], [ 35.703205522000019, 34.304914323 ], [ 35.705487100000028, 34.305348363 ], [ 35.705018192000011, 34.306071211000017 ], [ 35.705385531, 34.306531628000016 ], [ 35.707268408, 34.305207423000013 ], [ 35.711227103999988, 34.307260292000024 ], [ 35.715201074, 34.310889356000018 ], [ 35.710260736, 34.315207720999979 ], [ 35.710509807999983, 34.315569859999982 ], [ 35.715577424, 34.310942018999981 ], [ 35.720549020000021, 34.316109337 ], [ 35.723254055999973, 34.323471542999982 ], [ 35.721767015000012, 34.325830028999974 ], [ 35.720602308000025, 34.324800412 ], [ 35.721760148999977, 34.329180037000015 ], [ 35.723919013, 34.3275633 ], [ 35.725373876, 34.328578416000028 ], [ 35.724207267, 34.330070826999986 ], [ 35.725654811000027, 34.329944622000028 ], [ 35.724130995, 34.334380744999976 ], [ 35.729300826999975, 34.334972183 ], [ 35.731100919000028, 34.339565118999985 ], [ 35.734424763999982, 34.338091567999982 ], [ 35.738016795000021, 34.33825648200002 ], [ 35.741812773, 34.342241931 ], [ 35.744930919000012, 34.342570364999972 ] ] ] } },
{ "type": "Feature", "properties": { "adm2_name": "Bcharre", "adm2_name1": "بشري", "adm2_pcode": "LB53", "adm1_name": "North", "adm1_name1": "الشمال", "adm1_pcode": "LB5", "center_lat": 34.24200283, "center_lon": 35.98253655 }, "geometry": { "type": "Polygon", "coordinates": [ [ [ 36.129971757000021, 34.310964508999973 ], [ 36.140615606999972, 34.298902102 ], [ 36.139246381000021, 34.297123301 ], [ 36.137387522999973, 34.297023755999987 ], [ 36.13619210600001, 34.294027694000022 ], [ 36.138213699, 34.287255851 ], [ 36.129772152999976, 34.28466656 ], [ 36.13043993399998, 34.283450878999986 ], [ 36.119957036000017, 34.272335409 ], [ 36.108939297, 34.268952296 ], [ 36.106040709000013, 34.262692437 ], [ 36.092160689000025, 34.247339696999973 ], [ 36.087720760000025, 34.245727407 ], [ 36.080977307000012, 34.234109753999974 ], [ 36.06982351900001, 34.224039319999974 ], [ 36.06202579, 34.212200823999979 ], [ 36.052193273, 34.206217321999986 ], [ 36.045972467000013, 34.204792568000016 ], [ 36.035121478, 34.19420024599998 ], [ 36.021792334999986, 34.177165163999973 ], [ 36.02017619999998, 34.172852466999984 ], [ 36.020709984, 34.18237453 ], [ 36.019720811000013, 34.184027913000023 ], [ 36.005778223, 34.193013785 ], [ 35.993316671, 34.194906441 ], [ 35.992107612999973, 34.199707185000022 ], [ 35.993610166, 34.203198842 ], [ 35.991234669, 34.207158864 ], [ 35.99204032199998, 34.209311932 ], [ 35.988628936, 34.21196039900002 ], [ 35.985928103999981, 34.211920587 ], [ 35.985135019999973, 34.210068343999978 ], [ 35.961091329999988, 34.211095414999988 ], [ 35.958344013999977, 34.213815125 ], [ 35.945085510000013, 34.218122737999977 ], [ 35.939303514000017, 34.216314938999972 ], [ 35.936853215999975, 34.217433194000023 ], [ 35.935255187999985, 34.216463490000024 ], [ 35.926454053999976, 34.216504809000014 ], [ 35.925030025000012, 34.217635475 ], [ 35.923489942, 34.21420901800002 ], [ 35.918159457, 34.211466359999974 ], [ 35.913394687, 34.211940901999981 ], [ 35.911920107000014, 34.213463854999986 ], [ 35.912567446000025, 34.216131107000024 ], [ 35.90999216199998, 34.219999299999984 ], [ 35.910449121999989, 34.225233206999974 ], [ 35.904395024999985, 34.234527113000013 ], [ 35.902869499000019, 34.239244085999985 ], [ 35.899041935000014, 34.240418002000013 ], [ 35.894960356000013, 34.237542164999979 ], [ 35.889079596999977, 34.23967567 ], [ 35.887230068, 34.238851424000018 ], [ 35.883555152999975, 34.239939166 ], [ 35.882456912, 34.236196310000025 ], [ 35.880111992000025, 34.237148408999985 ], [ 35.879761816999974, 34.242577505999975 ], [ 35.872307507000016, 34.246728613000016 ], [ 35.858959691, 34.247835466000026 ], [ 35.852639744999976, 34.255588682999985 ], [ 35.848238314000014, 34.256977209000013 ], [ 35.837701673000026, 34.255784786 ], [ 35.833701069000028, 34.25970931 ], [ 35.827164461999985, 34.260540003000017 ], [ 35.825551631999986, 34.262871092000012 ], [ 35.827330702999973, 34.272177925 ], [ 35.828120878999982, 34.270985252 ], [ 35.832211986, 34.272731555 ], [ 35.838366074000021, 34.270828350999977 ], [ 35.842570111999976, 34.275345561999984 ], [ 35.846601189000012, 34.269426198000019 ], [ 35.854477212, 34.267486265 ], [ 35.85428411700002, 34.265090451999981 ], [ 35.858610295, 34.264711913999975 ], [ 35.864614964, 34.273552413 ], [ 35.868120288999989, 34.275026288999982 ], [ 35.868982771999981, 34.277280800000028 ], [ 35.871478664999984, 34.278768421999985 ], [ 35.872396757, 34.285896571000023 ], [ 35.869332438000015, 34.288146852000011 ], [ 35.873174603, 34.289758102 ], [ 35.870440214999974, 34.292706160000023 ], [ 35.87141864900002, 34.294714449000026 ], [ 35.881198164000011, 34.294741054999974 ], [ 35.88251033, 34.289749234999988 ], [ 35.884518217999982, 34.288597579 ], [ 35.892184769999972, 34.287492018000023 ], [ 35.899609064, 34.288790912000024 ], [ 35.905762041, 34.285521139000025 ], [ 35.911610133000011, 34.28409243599998 ], [ 35.920516852999981, 34.284372674999986 ], [ 35.922320091000017, 34.281351350000023 ], [ 35.919867340999986, 34.279485363 ], [ 35.92385694799998, 34.277269696000019 ], [ 35.924471258999972, 34.275174009000011 ], [ 35.926075180999987, 34.275733263 ], [ 35.925626071000011, 34.27781960599998 ], [ 35.931648129, 34.278186899 ], [ 35.936869754999975, 34.265255406 ], [ 35.945199504000016, 34.266898503 ], [ 35.94580548, 34.268447851000019 ], [ 35.954007194999974, 34.268338336999989 ], [ 35.948103914, 34.272382392999987 ], [ 35.950669178, 34.27565648 ], [ 35.948239564, 34.276292981999973 ], [ 35.948510694999982, 34.278324236 ], [ 35.952076031, 34.280885258000012 ], [ 35.958686818, 34.279173836999973 ], [ 35.96010516299998, 34.276796113999978 ], [ 35.95926512, 34.274144569999976 ], [ 35.967142937, 34.275475915000015 ], [ 35.968446183000026, 34.272997025 ], [ 35.970059284, 34.274047613999983 ], [ 35.973175049000019, 34.27046271 ], [ 35.977699514, 34.268622215 ], [ 35.98076586000002, 34.269367223000017 ], [ 35.984518080999976, 34.266941748000022 ], [ 35.983995584000013, 34.270089316 ], [ 35.99039839, 34.267832866 ], [ 35.993818646000022, 34.269480408999982 ], [ 35.994160986, 34.267760736000014 ], [ 35.991882131000011, 34.267144729999984 ], [ 35.99079221300002, 34.265323626999987 ], [ 35.996581955000011, 34.26739210300002 ], [ 35.999222026999973, 34.269918385999972 ], [ 36.004108262999978, 34.269174310999972 ], [ 36.006770413000027, 34.270075569000028 ], [ 36.013785503, 34.276469815999974 ], [ 36.028423498, 34.279621556999984 ], [ 36.032748125000012, 34.279159431999972 ], [ 36.034836057, 34.280497223999987 ], [ 36.037480058000028, 34.279072843999984 ], [ 36.040476123000019, 34.280750305000026 ], [ 36.051592168000013, 34.280010600000026 ], [ 36.060833780999985, 34.275651354 ], [ 36.061282161, 34.272856981000018 ], [ 36.066123548, 34.273917942000026 ], [ 36.070449564, 34.278771676000019 ], [ 36.081048732999989, 34.280983893999974 ], [ 36.083102782000026, 34.283999411000025 ], [ 36.086466331999986, 34.283065893000014 ], [ 36.091633737999985, 34.284251225 ], [ 36.094890577, 34.282199311 ], [ 36.109346319, 34.286466172000019 ], [ 36.114947141000016, 34.291599776 ], [ 36.113467005000018, 34.29804062300002 ], [ 36.11669803, 34.302147988 ], [ 36.11625718099998, 34.307052594000027 ], [ 36.126675584, 34.303433666999979 ], [ 36.127790138000023, 34.304939930999979 ], [ 36.127396549000025, 34.308103007999989 ], [ 36.129971757000021, 34.310964508999973 ] ] ] } },
{ "type": "Feature", "properties": { "adm2_name": "El Koura", "adm2_name1": "الكورة", "adm2_pcode": "LB54", "adm1_name": "North", "adm1_name1": "الشمال", "adm1_pcode": "LB5", "center_lat": 34.33176917, "center_lon": 35.80489673 }, "geometry": { "type": "MultiPolygon", "coordinates": [ [ [ [ 35.831292890999975, 34.418818267 ], [ 35.836390618999985, 34.410577897999985 ], [ 35.836802130000024, 34.407853022999973 ], [ 35.838786632999984, 34.407137111999987 ], [ 35.842987471000015, 34.398962632 ], [ 35.851378991999979, 34.38852596800001 ], [ 35.860412326000016, 34.393762641000023 ], [ 35.866400043999988, 34.392198913000016 ], [ 35.871373915, 34.401598256 ], [ 35.874068076000015, 34.401436832 ], [ 35.869807576000028, 34.395149337000021 ], [ 35.870628749, 34.39168242 ], [ 35.869161674, 34.389615681 ], [ 35.869211612000015, 34.386911983 ], [ 35.866497535, 34.38412016 ], [ 35.86455437799998, 34.375235393000025 ], [ 35.855659288000027, 34.361752462000027 ], [ 35.853476993000015, 34.347734956000011 ], [ 35.855788648999976, 34.343448969 ], [ 35.854954223, 34.339403866999987 ], [ 35.858544968, 34.333897546 ], [ 35.857990262999976, 34.331857825999975 ], [ 35.860422643999982, 34.329947783000023 ], [ 35.859647884000026, 34.322851319 ], [ 35.86107387200002, 34.318821074000027 ], [ 35.859478378, 34.313653439 ], [ 35.862439349, 34.311515018000023 ], [ 35.862075045999973, 34.309544143999972 ], [ 35.867061518000014, 34.302133196999989 ], [ 35.866381236, 34.298680783 ], [ 35.870678409999982, 34.295948306000014 ], [ 35.87091181, 34.29137605 ], [ 35.872993053000016, 34.290894431000027 ], [ 35.873174603, 34.289758102 ], [ 35.869332438000015, 34.288146852000011 ], [ 35.872396757, 34.285896571000023 ], [ 35.871478664999984, 34.278768421999985 ], [ 35.868982771999981, 34.277280800000028 ], [ 35.868120288999989, 34.275026288999982 ], [ 35.864614964, 34.273552413 ], [ 35.860244415000011, 34.266331596999976 ], [ 35.857618505, 34.264396547999979 ], [ 35.85428411700002, 34.265090451999981 ], [ 35.853771693, 34.267872786999988 ], [ 35.846412876999977, 34.269553391999978 ], [ 35.842570111999976, 34.275345561999984 ], [ 35.838366074000021, 34.270828350999977 ], [ 35.832211986, 34.272731555 ], [ 35.828120878999982, 34.270985252 ], [ 35.827330702999973, 34.272177925 ], [ 35.825816812000028, 34.268406388000017 ], [ 35.826149769999972, 34.264617696000016 ], [ 35.811767411, 34.261036256000011 ], [ 35.812948458, 34.256304479 ], [ 35.814984012000025, 34.253848085000016 ], [ 35.812828728, 34.249914568 ], [ 35.808012715000018, 34.249267389000011 ], [ 35.806614523, 34.243528471 ], [ 35.798814591999985, 34.248714858000028 ], [ 35.79460953, 34.247652824 ], [ 35.78437198, 34.249022986 ], [ 35.783278278000012, 34.251055915999984 ], [ 35.780202896999981, 34.250320429 ], [ 35.777428413999985, 34.253125827000019 ], [ 35.777706750999982, 34.255163528000026 ], [ 35.768715891999989, 34.260706710000022 ], [ 35.76424010300002, 34.25994818800001 ], [ 35.764025764999985, 34.26264315100002 ], [ 35.76271111, 34.263394135 ], [ 35.760283679999986, 34.262234901999989 ], [ 35.758625042, 34.26471532 ], [ 35.753117245999988, 34.262427291999984 ], [ 35.749009994, 34.265429410000024 ], [ 35.746820580000019, 34.263543025 ], [ 35.742017206000014, 34.265045059999977 ], [ 35.739325080000015, 34.263839645000019 ], [ 35.738312977000021, 34.264928772000019 ], [ 35.732844788000023, 34.265008609 ], [ 35.729486505000011, 34.266904126999975 ], [ 35.730021318000013, 34.269263985 ], [ 35.728559991, 34.272198711999977 ], [ 35.726928945, 34.271707217000028 ], [ 35.724750738000012, 34.274254837 ], [ 35.727362003999986, 34.276210075 ], [ 35.727949627999976, 34.281628607000016 ], [ 35.725189780999983, 34.283511799999985 ], [ 35.723622053999975, 34.287573878999979 ], [ 35.72088635199998, 34.288088198000025 ], [ 35.71520446300002, 34.292292579 ], [ 35.706463395000014, 34.293768705 ], [ 35.705647458999977, 34.296475790999978 ], [ 35.707584243999975, 34.301230202 ], [ 35.716631071999984, 34.303027568 ], [ 35.720238183999982, 34.307054898999979 ], [ 35.72745462, 34.311170361 ], [ 35.729219966000016, 34.31079523 ], [ 35.729945644999987, 34.307362298999976 ], [ 35.735029617, 34.305518020000022 ], [ 35.736865969, 34.311197903 ], [ 35.73308762, 34.315826193000021 ], [ 35.734572567999976, 34.317322156999978 ], [ 35.751322523999988, 34.312435646999973 ], [ 35.754272562999972, 34.313279137 ], [ 35.753103237, 34.315025165 ], [ 35.7574401, 34.318808344 ], [ 35.761864398, 34.318804703000012 ], [ 35.762812064, 34.315961852999976 ], [ 35.763875795, 34.318658025 ], [ 35.760078992999979, 34.325189390999981 ], [ 35.750702202000014, 34.32846572699998 ], [ 35.75021442100001, 34.330410323000024 ], [ 35.751969807000023, 34.333475566 ], [ 35.747601506000024, 34.333637709000016 ], [ 35.745243142, 34.335300442 ], [ 35.744101944000022, 34.336917387000028 ], [ 35.74500357, 34.339437132 ], [ 35.746660319, 34.339759871000012 ], [ 35.744246410000017, 34.340565876000028 ], [ 35.744930919000012, 34.342570364999972 ], [ 35.741812773, 34.342241931 ], [ 35.738016795000021, 34.33825648200002 ], [ 35.734424763999982, 34.338091567999982 ], [ 35.731100919000028, 34.339565118999985 ], [ 35.729300826999975, 34.334972183 ], [ 35.727724670999976, 34.335571083 ], [ 35.72950909399998, 34.337434945999973 ], [ 35.728438794, 34.339234482 ], [ 35.730371183999978, 34.340477116999978 ], [ 35.72670556700001, 34.344079645000022 ], [ 35.726622570000018, 34.346894244999987 ], [ 35.728557406999983, 34.348017715000026 ], [ 35.73040531800001, 34.355153589999986 ], [ 35.728182181000022, 34.357033125999976 ], [ 35.728357672000016, 34.359875107 ], [ 35.724413016000028, 34.361493302999975 ], [ 35.729506899, 34.361465318 ], [ 35.729581777000021, 34.360559593 ], [ 35.733962422, 34.361715333 ], [ 35.73429682699998, 34.365275302999976 ], [ 35.736991710999973, 34.365811983000015 ], [ 35.735747159000027, 34.366177481000022 ], [ 35.735501883999973, 34.368465131999983 ], [ 35.735607158999983, 34.374981225999989 ], [ 35.737100936, 34.376623535000022 ], [ 35.751303678, 34.378933884 ], [ 35.758424086, 34.381389136 ], [ 35.756953388, 34.380009799 ], [ 35.762592528000027, 34.380130685999973 ], [ 35.763171613999987, 34.381474443 ], [ 35.770245206000027, 34.383057473 ], [ 35.770953132999978, 34.380215137 ], [ 35.778957658000024, 34.371703966999974 ], [ 35.778092947, 34.373049407 ], [ 35.784285475, 34.376763488 ], [ 35.783753707000017, 34.377993437999976 ], [ 35.785153924999975, 34.380259650000028 ], [ 35.793762083999979, 34.384118516 ], [ 35.798537039, 34.389327064999975 ], [ 35.806571089999977, 34.394021577999979 ], [ 35.802364591000014, 34.399253413 ], [ 35.799743689000024, 34.398764516000028 ], [ 35.798671109999987, 34.40028503100001 ], [ 35.801276862, 34.401285310999981 ], [ 35.802724764, 34.40056150800001 ], [ 35.802625096999975, 34.402236958 ], [ 35.807527600000014, 34.402401392 ], [ 35.812808026000027, 34.404829657 ], [ 35.812434902, 34.406258445999981 ], [ 35.814454504000025, 34.406638346000022 ], [ 35.814005909, 34.407508136999979 ], [ 35.814279141999975, 34.408160373999976 ], [ 35.816024307000021, 34.407694929 ], [ 35.815230833999976, 34.408615082999972 ], [ 35.81734366, 34.40898679999998 ], [ 35.816149629, 34.409158719 ], [ 35.815701997000019, 34.410134502 ], [ 35.817643611, 34.409238013999982 ], [ 35.818371571, 34.410299814999973 ], [ 35.816704707999975, 34.411047558 ], [ 35.816256660000022, 34.412801516 ], [ 35.818123900999979, 34.410931155000014 ], [ 35.817558682000026, 34.412846279 ], [ 35.818850565999981, 34.412205449 ], [ 35.818589345000021, 34.413412995999977 ], [ 35.819718836, 34.413174577 ], [ 35.821192102, 34.415418148000015 ], [ 35.819430336999972, 34.419144422999977 ], [ 35.8242806, 34.418485089 ], [ 35.828216810000015, 34.420070669999973 ], [ 35.831292890999975, 34.418818267 ] ] ], [ [ [ 35.825385179000023, 34.261601117999987 ], [ 35.833701069000028, 34.25970931 ], [ 35.837701673000026, 34.255784786 ], [ 35.850401573, 34.256519680999986 ], [ 35.856119268999976, 34.252008505999981 ], [ 35.855978175000018, 34.25054667 ], [ 35.846873925000011, 34.251122663999979 ], [ 35.842769111999985, 34.248951364999982 ], [ 35.834948726, 34.248386279999977 ], [ 35.827205117, 34.255752598000015 ], [ 35.829378371000018, 34.256307830000026 ], [ 35.825887663, 34.258855548999975 ], [ 35.825385179000023, 34.261601117999987 ] ] ] ] } },
{ "type": "Feature", "properties": { "adm2_name": "El Minieh-Dennie", "adm2_name1": "المنية الضنية", "adm2_pcode": "LB55", "adm1_name": "North", "adm1_name1": "الشمال", "adm1_pcode": "LB5", "center_lat": 34.39265866, "center_lon": 36.0540489 }, "geometry": { "type": "Polygon", "coordinates": [ [ [ 35.954734357, 34.512550416000011 ], [ 35.962019732999977, 34.50858836499998 ], [ 35.964488135000011, 34.499428621 ], [ 35.966708609000023, 34.496619787999975 ], [ 35.971019034, 34.496113358 ], [ 35.973655142999974, 34.494304522999983 ], [ 35.983420191, 34.501664192000021 ], [ 35.985402674, 34.496890787999973 ], [ 35.989581421000025, 34.492815869000026 ], [ 35.990110265, 34.487327030000017 ], [ 35.984363422, 34.485627428999976 ], [ 35.986608163000028, 34.48300001299998 ], [ 35.985189554999977, 34.482475809999983 ], [ 35.98539373, 34.478301525 ], [ 35.989470231999974, 34.471904822 ], [ 35.987863275, 34.469781946000012 ], [ 35.988853217999974, 34.46748806 ], [ 35.987528339999983, 34.466066136999984 ], [ 35.987813043000017, 34.462877479999975 ], [ 35.98916661200002, 34.461469781 ], [ 35.989058812, 34.457067398 ], [ 35.992308098000024, 34.450301793999984 ], [ 35.989495031999979, 34.446245690000012 ], [ 35.990734041999985, 34.441927281 ], [ 36.002143228000023, 34.440526178000027 ], [ 36.00427785, 34.43922892 ], [ 36.010501689000023, 34.440449193 ], [ 36.016649839000024, 34.439285102999975 ], [ 36.028427111999974, 34.443942228000026 ], [ 36.039333876, 34.441878366000026 ], [ 36.046850022, 34.44226815899998 ], [ 36.052631948, 34.446059250000019 ], [ 36.057859231, 34.445166867000012 ], [ 36.071490489999974, 34.447281916 ], [ 36.081963678000022, 34.443714301999989 ], [ 36.089258149999978, 34.443525927999985 ], [ 36.099681959, 34.446662834 ], [ 36.112406506000013, 34.44497422 ], [ 36.119428245, 34.44713262800002 ], [ 36.12870453, 34.440750396999988 ], [ 36.135768443000018, 34.433751786000016 ], [ 36.135891484000012, 34.431255108000016 ], [ 36.139805459, 34.428388043999973 ], [ 36.142499663000024, 34.42171143500002 ], [ 36.142249591999985, 34.415071219000026 ], [ 36.148335745, 34.408803772999988 ], [ 36.151454966000017, 34.402800481999975 ], [ 36.165608842999973, 34.391797536000013 ], [ 36.171044956, 34.393045691 ], [ 36.174679082000011, 34.390088312999978 ], [ 36.178574246999972, 34.390225035000014 ], [ 36.180689195000014, 34.388851532999979 ], [ 36.179554643000017, 34.376851510999984 ], [ 36.182256807999977, 34.371950794999975 ], [ 36.180963449999979, 34.369109149999986 ], [ 36.184028074000025, 34.363139186000012 ], [ 36.180141522999975, 34.351022778000015 ], [ 36.180147278999982, 34.346537720000015 ], [ 36.176081759999988, 34.343404341999985 ], [ 36.164967064999985, 34.341214716000025 ], [ 36.148757476000014, 34.313917931 ], [ 36.144171436000022, 34.312487406 ], [ 36.14073894, 34.309377634999976 ], [ 36.139948446, 34.300834413000018 ], [ 36.129971757000021, 34.310964508999973 ], [ 36.127396549000025, 34.308103007999989 ], [ 36.127790138000023, 34.304939930999979 ], [ 36.126675584, 34.303433666999979 ], [ 36.11625718099998, 34.307052594000027 ], [ 36.11669803, 34.302147988 ], [ 36.113467005000018, 34.29804062300002 ], [ 36.114947141000016, 34.291599776 ], [ 36.109346319, 34.286466172000019 ], [ 36.094890577, 34.282199311 ], [ 36.091633737999985, 34.284251225 ], [ 36.086466331999986, 34.283065893000014 ], [ 36.083102782000026, 34.283999411000025 ], [ 36.081048732999989, 34.280983893999974 ], [ 36.070449564, 34.278771676000019 ], [ 36.066566191, 34.27407857999998 ], [ 36.061282161, 34.272856981000018 ], [ 36.060833780999985, 34.275651354 ], [ 36.051592168000013, 34.280010600000026 ], [ 36.040476123000019, 34.280750305000026 ], [ 36.03772286200001, 34.27906995 ], [ 36.033883119999985, 34.280032236000011 ], [ 36.027746197, 34.292812708999975 ], [ 36.023827374, 34.297396893999974 ], [ 36.019946312, 34.294411401 ], [ 36.015236157, 34.293129355000019 ], [ 36.013731641, 34.296312689 ], [ 36.008539193999979, 34.298109308999983 ], [ 36.004222663, 34.30601748700002 ], [ 35.998560304000023, 34.309788459 ], [ 35.996655632, 34.313317504 ], [ 35.982590946000016, 34.319235815000013 ], [ 35.980016289, 34.32327994000002 ], [ 35.969321499999978, 34.327542489 ], [ 35.961978862000024, 34.333289687 ], [ 35.956955693, 34.332981815999972 ], [ 35.95466774099998, 34.334198696999977 ], [ 35.950389132, 34.342901096 ], [ 35.941504996999981, 34.349796567999988 ], [ 35.936010021000016, 34.350899804999983 ], [ 35.928966597999988, 34.355592716 ], [ 35.927961152000023, 34.360195104000013 ], [ 35.936166657, 34.36453013 ], [ 35.93444004700001, 34.367789151000011 ], [ 35.927407996, 34.368700344999979 ], [ 35.922458633000019, 34.371538989999976 ], [ 35.923651095000025, 34.371955916 ], [ 35.923221571, 34.374577692 ], [ 35.919692032, 34.376510001999975 ], [ 35.9206681, 34.378424398 ], [ 35.922999129, 34.379300482000019 ], [ 35.919554940000012, 34.388904705000016 ], [ 35.923986126999978, 34.38607676700002 ], [ 35.92601365500002, 34.393194890000018 ], [ 35.929330925999977, 34.390818849000027 ], [ 35.930091549999986, 34.387123971999983 ], [ 35.931736527999988, 34.38656609200001 ], [ 35.931470783, 34.384904654000024 ], [ 35.934186419000014, 34.384659011 ], [ 35.939198358, 34.391136056 ], [ 35.943217163999975, 34.39220252299998 ], [ 35.953796106000027, 34.399386726999978 ], [ 35.954347308000024, 34.400000090999981 ], [ 35.952492436999989, 34.399983747000022 ], [ 35.949208619, 34.403923889999987 ], [ 35.942591547, 34.40496079899998 ], [ 35.950791892999973, 34.414335994999988 ], [ 35.952297531999989, 34.414328931999989 ], [ 35.950017861, 34.416320902 ], [ 35.944421643999988, 34.417590538000013 ], [ 35.947691121999981, 34.419335374000013 ], [ 35.947722434000013, 34.422744035999983 ], [ 35.952231172999973, 34.421890813 ], [ 35.957598788999974, 34.423677882999982 ], [ 35.958075169999972, 34.422409653999978 ], [ 35.962553055, 34.422801715999981 ], [ 35.975896563999981, 34.427661521 ], [ 35.973834172000011, 34.433832385000017 ], [ 35.979924171999983, 34.435074434 ], [ 35.978063806000023, 34.437915153 ], [ 35.974732352999979, 34.43819491 ], [ 35.975514230999977, 34.440747839999972 ], [ 35.97915341700002, 34.442592339999976 ], [ 35.980338437, 34.444612273000018 ], [ 35.977280119, 34.450616206 ], [ 35.971074840000028, 34.451525995 ], [ 35.964422753, 34.450262232 ], [ 35.956736136000018, 34.454925001 ], [ 35.954300521999983, 34.454072928000016 ], [ 35.950550335, 34.451437831000021 ], [ 35.952266026000018, 34.44939404500002 ], [ 35.951305714, 34.445906035 ], [ 35.956681819999972, 34.442339951 ], [ 35.956497778000028, 34.441250802000013 ], [ 35.948935600000027, 34.440259366000021 ], [ 35.947638919999974, 34.436496627999986 ], [ 35.946504226, 34.436510702000021 ], [ 35.944609067999977, 34.433357745000023 ], [ 35.941191808999974, 34.436979077 ], [ 35.940491208000026, 34.434532538999974 ], [ 35.938677557, 34.435075358 ], [ 35.937184130999981, 34.440857881 ], [ 35.937751365, 34.443099695 ], [ 35.934123753, 34.451053404 ], [ 35.93483687600002, 34.452792982 ], [ 35.940655959000026, 34.45372439800002 ], [ 35.930547613999977, 34.45607617600001 ], [ 35.929798667, 34.457551396999975 ], [ 35.924703686999976, 34.456668186 ], [ 35.923587825000027, 34.456237241 ], [ 35.926869824, 34.450626998000018 ], [ 35.926167162000013, 34.449305462999973 ], [ 35.91873599500002, 34.447588778000011 ], [ 35.911161282000023, 34.447499843 ], [ 35.895905938, 34.449298395000028 ], [ 35.893128530000013, 34.451332173000026 ], [ 35.891968022000015, 34.454472193000015 ], [ 35.873614479000025, 34.442536046999976 ], [ 35.872985044000018, 34.436416689 ], [ 35.86831298200002, 34.434976727 ], [ 35.857076256000028, 34.435918136 ], [ 35.863305030999982, 34.437943367 ], [ 35.861640810999972, 34.437851298999988 ], [ 35.863065673, 34.438667620999979 ], [ 35.861454703, 34.440121827999974 ], [ 35.86340328, 34.443299028000013 ], [ 35.862547232999987, 34.44632579 ], [ 35.857262997000021, 34.452522149 ], [ 35.856291320000025, 34.456275179999977 ], [ 35.867864784, 34.46074842500002 ], [ 35.873835472999986, 34.460343017000014 ], [ 35.877119387, 34.462005363 ], [ 35.882414843, 34.462331256000027 ], [ 35.886846713000011, 34.465092724999977 ], [ 35.890883611, 34.464902108 ], [ 35.894858774999989, 34.46744308000001 ], [ 35.900840083999981, 34.466440094 ], [ 35.904411816, 34.467329463999988 ], [ 35.921126424000022, 34.480673484000022 ], [ 35.923438426000018, 34.48368310799998 ], [ 35.920717602000025, 34.486085409 ], [ 35.923951368000019, 34.484023334000028 ], [ 35.928478786000028, 34.488096606999989 ], [ 35.930347367000024, 34.49264008 ], [ 35.928772423999987, 34.493743567000024 ], [ 35.930658746, 34.492977943000028 ], [ 35.933526109000013, 34.493846170999973 ], [ 35.934478232, 34.495503665 ], [ 35.933349425000017, 34.497495077999986 ], [ 35.935738787999981, 34.495947722999972 ], [ 35.939401268999973, 34.497540844000014 ], [ 35.936645274999989, 34.500324983999974 ], [ 35.939620252, 34.498235556999987 ], [ 35.943066053999985, 34.503339192999988 ], [ 35.944090051999979, 34.507598519 ], [ 35.953225870999972, 34.509444595 ], [ 35.954734357, 34.512550416000011 ] ] ] } },
{ "type": "Feature", "properties": { "adm2_name": "Tripoli", "adm2_name1": "طرابلس", "adm2_pcode": "LB56", "adm1_name": "North", "adm1_name1": "الشمال", "adm1_pcode": "LB5", "center_lat": 34.42424927, "center_lon": 35.83670494 }, "geometry": { "type": "MultiPolygon", "coordinates": [ [ [ [ 35.825387028000023, 34.459874618000015 ], [ 35.826563295000028, 34.457820219999974 ], [ 35.830195429000014, 34.458845001999975 ], [ 35.82673251, 34.457523286000026 ], [ 35.829859517999978, 34.452015683000013 ], [ 35.83559461599998, 34.453495057 ], [ 35.829738927, 34.458094143999972 ], [ 35.835739158000024, 34.453687371 ], [ 35.838005677000012, 34.454974914 ], [ 35.839112569, 34.457622962000016 ], [ 35.843503640999984, 34.458571017 ], [ 35.844656734000012, 34.455808172 ], [ 35.845397, 34.45684204600002 ], [ 35.856291320000025, 34.456275179999977 ], [ 35.857715101, 34.451739899000017 ], [ 35.862547232999987, 34.44632579 ], [ 35.86340328, 34.443299028000013 ], [ 35.861458606999975, 34.439920357 ], [ 35.863065673, 34.438667620999979 ], [ 35.861640810999972, 34.437851298999988 ], [ 35.863305030999982, 34.437943367 ], [ 35.857076256000028, 34.435918136 ], [ 35.864866025000026, 34.435423443 ], [ 35.860884079000016, 34.433037228999979 ], [ 35.863651606000019, 34.430148665 ], [ 35.853515405999985, 34.425990139000021 ], [ 35.852620673, 34.423898631999975 ], [ 35.856411536999985, 34.418578575000026 ], [ 35.855724983000016, 34.415872104000016 ], [ 35.857951285000013, 34.41533019000002 ], [ 35.863293983, 34.407767289999981 ], [ 35.866178003000016, 34.40597251600002 ], [ 35.869110351000018, 34.406216842 ], [ 35.871282426, 34.403399547 ], [ 35.874708444000021, 34.402789507000023 ], [ 35.874068076000015, 34.401436832 ], [ 35.871373915, 34.401598256 ], [ 35.866400043999988, 34.392198913000016 ], [ 35.860412326000016, 34.393762641000023 ], [ 35.851378991999979, 34.38852596800001 ], [ 35.842987471000015, 34.398962632 ], [ 35.838786632999984, 34.407137111999987 ], [ 35.836802130000024, 34.407853022999973 ], [ 35.832117461999985, 34.418205888999978 ], [ 35.828460200999984, 34.420058754000024 ], [ 35.8242806, 34.418485089 ], [ 35.82054055499998, 34.419324860000017 ], [ 35.820264411999972, 34.425290631 ], [ 35.818777891000025, 34.426887884999985 ], [ 35.816809186, 34.426178941999979 ], [ 35.814157366000018, 34.429475459 ], [ 35.812816178, 34.429335472999981 ], [ 35.813332515000013, 34.431663234999974 ], [ 35.812183291, 34.432473216 ], [ 35.811808987, 34.436554160000014 ], [ 35.809827582000025, 34.437319003000027 ], [ 35.811396043, 34.439397874 ], [ 35.811223912, 34.441591857 ], [ 35.813752756999975, 34.444171192 ], [ 35.810220415, 34.447636120000027 ], [ 35.806596784000021, 34.446827014 ], [ 35.80604191499998, 34.448382297000023 ], [ 35.807179116999976, 34.449939727000014 ], [ 35.804137200000014, 34.451879104 ], [ 35.806128119, 34.451961418 ], [ 35.806897397, 34.454974455000013 ], [ 35.812669675999985, 34.455638309999983 ], [ 35.815697043, 34.457691160000024 ], [ 35.817949347000024, 34.455686102000016 ], [ 35.815744457999983, 34.456947963 ], [ 35.813192593, 34.455156993 ], [ 35.814068371000019, 34.454394589 ], [ 35.818686340999989, 34.451742996 ], [ 35.819262066000022, 34.453161105999982 ], [ 35.817191294999986, 34.45497511100001 ], [ 35.817469967000022, 34.455189416 ], [ 35.819408572999976, 34.453206056999989 ], [ 35.819061080999973, 34.451548413000012 ], [ 35.825025141000026, 34.451131229999987 ], [ 35.824419077000016, 34.452403264999987 ], [ 35.825527124000018, 34.451198635000026 ], [ 35.827640889, 34.452445017 ], [ 35.824890316999983, 34.457431042999985 ], [ 35.826290169, 34.457964792999974 ], [ 35.825387028000023, 34.459874618000015 ] ] ], [ [ [ 35.801918676000014, 34.399390673000028 ], [ 35.806571089999977, 34.394021577999979 ], [ 35.798537039, 34.389327064999975 ], [ 35.793762083999979, 34.384118516 ], [ 35.785153924999975, 34.380259650000028 ], [ 35.783753707000017, 34.377993437999976 ], [ 35.784285475, 34.376763488 ], [ 35.778092947, 34.373049407 ], [ 35.778957658000024, 34.371703966999974 ], [ 35.770672149, 34.380696011 ], [ 35.770245206000027, 34.383057473 ], [ 35.774655478, 34.383030874999974 ], [ 35.776741268000023, 34.385396195999988 ], [ 35.785381267, 34.388227315 ], [ 35.786770233000027, 34.389390487000014 ], [ 35.786009078, 34.390072705000023 ], [ 35.787984284, 34.39222192699998 ], [ 35.78755471, 34.390545932 ], [ 35.789961076999987, 34.391173286000026 ], [ 35.78910048900002, 34.392570149999983 ], [ 35.789756114999989, 34.392912496 ], [ 35.791734397000027, 34.39179225700002 ], [ 35.790951602, 34.393643618 ], [ 35.793939917999978, 34.393944309 ], [ 35.793263798, 34.394699242 ], [ 35.794968745, 34.394948074000013 ], [ 35.793615413999987, 34.395983301 ], [ 35.795427352, 34.397629196000025 ], [ 35.794006135000018, 34.396026598 ], [ 35.795104883000022, 34.395143150000024 ], [ 35.798581452, 34.397688077999987 ], [ 35.798549095, 34.399378472000024 ], [ 35.798744473, 34.39830682600001 ], [ 35.801918676000014, 34.399390673000028 ] ] ] ] } },
{ "type": "Feature", "properties": { "adm2_name": "Zgharta", "adm2_name1": "زغرتا", "adm2_pcode": "LB57", "adm1_name": "North", "adm1_name1": "الشمال", "adm1_pcode": "LB5", "center_lat": 34.36136009, "center_lon": 35.89272206 }, "geometry": { "type": "Polygon", "coordinates": [ [ [ 35.929318269000021, 34.457589236 ], [ 35.940655959000026, 34.45372439800002 ], [ 35.93483687600002, 34.452792982 ], [ 35.934111133999977, 34.451378784999974 ], [ 35.937751365, 34.443099695 ], [ 35.937605846999986, 34.43865508 ], [ 35.939661065999985, 34.434033999 ], [ 35.941191808999974, 34.436979077 ], [ 35.944609067999977, 34.433357745000023 ], [ 35.946504226, 34.436510702000021 ], [ 35.947638919999974, 34.436496627999986 ], [ 35.948935600000027, 34.440259366000021 ], [ 35.953204716000016, 34.441541117999975 ], [ 35.95636758500001, 34.441080500999988 ], [ 35.956681819999972, 34.442339951 ], [ 35.951305714, 34.445906035 ], [ 35.952266026000018, 34.44939404500002 ], [ 35.950550335, 34.451437831000021 ], [ 35.956736136000018, 34.454925001 ], [ 35.964422753, 34.450262232 ], [ 35.971074840000028, 34.451525995 ], [ 35.977280119, 34.450616206 ], [ 35.980406293999977, 34.445125415 ], [ 35.97915341700002, 34.442592339999976 ], [ 35.975157341999989, 34.439916922 ], [ 35.974732352999979, 34.43819491 ], [ 35.978063806000023, 34.437915153 ], [ 35.979924171999983, 34.435074434 ], [ 35.973834172000011, 34.433832385000017 ], [ 35.975896563999981, 34.427661521 ], [ 35.962553055, 34.422801715999981 ], [ 35.958075169999972, 34.422409653999978 ], [ 35.957598788999974, 34.423677882999982 ], [ 35.952231172999973, 34.421890813 ], [ 35.947722434000013, 34.422744035999983 ], [ 35.947691121999981, 34.419335374000013 ], [ 35.944421643999988, 34.417590538000013 ], [ 35.950017861, 34.416320902 ], [ 35.952297531999989, 34.414328931999989 ], [ 35.950791892999973, 34.414335994999988 ], [ 35.942591547, 34.40496079899998 ], [ 35.949998515, 34.403453784000021 ], [ 35.952492436999989, 34.399983747000022 ], [ 35.954347308000024, 34.400000090999981 ], [ 35.952110291, 34.397810338 ], [ 35.943217163999975, 34.39220252299998 ], [ 35.939198358, 34.391136056 ], [ 35.934186419000014, 34.384659011 ], [ 35.931470783, 34.384904654000024 ], [ 35.931736527999988, 34.38656609200001 ], [ 35.930091549999986, 34.387123971999983 ], [ 35.929330925999977, 34.390818849000027 ], [ 35.92601365500002, 34.393194890000018 ], [ 35.923986126999978, 34.38607676700002 ], [ 35.919554940000012, 34.388904705000016 ], [ 35.922999129, 34.379300482000019 ], [ 35.9206681, 34.378424398 ], [ 35.919692032, 34.376510001999975 ], [ 35.923221571, 34.374577692 ], [ 35.923651095000025, 34.371955916 ], [ 35.922458633000019, 34.371538989999976 ], [ 35.927407996, 34.368700344999979 ], [ 35.93444004700001, 34.367789151000011 ], [ 35.936166657, 34.36453013 ], [ 35.927961152000023, 34.360195104000013 ], [ 35.928015032000019, 34.356721166 ], [ 35.936010021000016, 34.350899804999983 ], [ 35.941504996999981, 34.349796567999988 ], [ 35.951264416000015, 34.342164492 ], [ 35.95466774099998, 34.334198696999977 ], [ 35.956955693, 34.332981815999972 ], [ 35.961978862000024, 34.333289687 ], [ 35.969321499999978, 34.327542489 ], [ 35.980016289, 34.32327994000002 ], [ 35.982590946000016, 34.319235815000013 ], [ 35.996655632, 34.313317504 ], [ 35.998560304000023, 34.309788459 ], [ 36.004222663, 34.30601748700002 ], [ 36.008539193999979, 34.298109308999983 ], [ 36.013731641, 34.296312689 ], [ 36.015236157, 34.293129355000019 ], [ 36.019946312, 34.294411401 ], [ 36.023827374, 34.297396893999974 ], [ 36.030028209000022, 34.288795166999989 ], [ 36.033411530000024, 34.279443898000011 ], [ 36.028423498, 34.279621556999984 ], [ 36.013785503, 34.276469815999974 ], [ 36.006770413000027, 34.270075569000028 ], [ 36.004108262999978, 34.269174310999972 ], [ 35.999222026999973, 34.269918385999972 ], [ 35.996581955000011, 34.26739210300002 ], [ 35.99079221300002, 34.265323626999987 ], [ 35.991882131000011, 34.267144729999984 ], [ 35.994160986, 34.267760736000014 ], [ 35.993818646000022, 34.269480408999982 ], [ 35.99039839, 34.267832866 ], [ 35.983995584000013, 34.270089316 ], [ 35.984518080999976, 34.266941748000022 ], [ 35.98076586000002, 34.269367223000017 ], [ 35.977699514, 34.268622215 ], [ 35.973175049000019, 34.27046271 ], [ 35.970059284, 34.274047613999983 ], [ 35.968446183000026, 34.272997025 ], [ 35.967142937, 34.275475915000015 ], [ 35.95926512, 34.274144569999976 ], [ 35.96010516299998, 34.276796113999978 ], [ 35.958686818, 34.279173836999973 ], [ 35.951784835000012, 34.280877705000023 ], [ 35.948510694999982, 34.278324236 ], [ 35.948239564, 34.276292981999973 ], [ 35.950669178, 34.27565648 ], [ 35.948103914, 34.272382392999987 ], [ 35.954007194999974, 34.268338336999989 ], [ 35.94580548, 34.268447851000019 ], [ 35.945199504000016, 34.266898503 ], [ 35.937195049000024, 34.265210121 ], [ 35.931648129, 34.278186899 ], [ 35.925626071000011, 34.27781960599998 ], [ 35.926075180999987, 34.275733263 ], [ 35.924471258999972, 34.275174009000011 ], [ 35.92385694799998, 34.277269696000019 ], [ 35.919867340999986, 34.279485363 ], [ 35.922320091000017, 34.281351350000023 ], [ 35.920516852999981, 34.284372674999986 ], [ 35.911610133000011, 34.28409243599998 ], [ 35.905762041, 34.285521139000025 ], [ 35.899609064, 34.288790912000024 ], [ 35.892184769999972, 34.287492018000023 ], [ 35.884518217999982, 34.288597579 ], [ 35.88251033, 34.289749234999988 ], [ 35.881198164000011, 34.294741054999974 ], [ 35.871649776000027, 34.294644807999987 ], [ 35.866381236, 34.298680783 ], [ 35.867061518000014, 34.302133196999989 ], [ 35.862075045999973, 34.309544143999972 ], [ 35.862439349, 34.311515018000023 ], [ 35.859424642000022, 34.313849232 ], [ 35.86107387200002, 34.318821074000027 ], [ 35.859647884000026, 34.322851319 ], [ 35.860422643999982, 34.329947783000023 ], [ 35.857990262999976, 34.331857825999975 ], [ 35.858544968, 34.333897546 ], [ 35.854954223, 34.339403866999987 ], [ 35.855788648999976, 34.343448969 ], [ 35.853476993000015, 34.347734956000011 ], [ 35.855659288000027, 34.361752462000027 ], [ 35.86455437799998, 34.375235393000025 ], [ 35.866497535, 34.38412016 ], [ 35.869211612000015, 34.386911983 ], [ 35.869161674, 34.389615681 ], [ 35.870628749, 34.39168242 ], [ 35.869807576000028, 34.395149337000021 ], [ 35.874708444000021, 34.402789507000023 ], [ 35.871282426, 34.403399547 ], [ 35.869110351000018, 34.406216842 ], [ 35.866178003000016, 34.40597251600002 ], [ 35.863293983, 34.407767289999981 ], [ 35.857951285000013, 34.41533019000002 ], [ 35.855724983000016, 34.415872104000016 ], [ 35.856476203, 34.418384327000012 ], [ 35.852620673, 34.423898631999975 ], [ 35.85307151, 34.425494590000028 ], [ 35.863651606000019, 34.430148665 ], [ 35.860884079000016, 34.433037228999979 ], [ 35.865024238, 34.435517804000028 ], [ 35.868966651, 34.435022676000017 ], [ 35.872985044000018, 34.436416689 ], [ 35.873614479000025, 34.442536046999976 ], [ 35.891968022000015, 34.454472193000015 ], [ 35.893128530000013, 34.451332173000026 ], [ 35.895905938, 34.449298395000028 ], [ 35.91873599500002, 34.447588778000011 ], [ 35.926923433000013, 34.450233325 ], [ 35.923587825000027, 34.456237241 ], [ 35.929318269000021, 34.457589236 ] ] ] } },
{ "type": "Feature", "properties": { "adm2_name": "Saida", "adm2_name1": "صيدا", "adm2_pcode": "LB61", "adm1_name": "South", "adm1_name1": "الجنوب", "adm1_pcode": "LB6", "center_lat": 33.45416403, "center_lon": 35.33824071 }, "geometry": { "type": "Polygon", "coordinates": [ [ [ 35.385821744999987, 33.589212389000011 ], [ 35.398593741000013, 33.587046038999972 ], [ 35.404232078, 33.584545638 ], [ 35.405996124000012, 33.581440972999985 ], [ 35.410506344999988, 33.583776895000028 ], [ 35.412060528999973, 33.583200009 ], [ 35.411335840999982, 33.581725849 ], [ 35.412204894000013, 33.581169983 ], [ 35.423727902, 33.580924411000012 ], [ 35.424358777, 33.579805043000022 ], [ 35.422805241999981, 33.579262981 ], [ 35.425676526000018, 33.577470651 ], [ 35.431205368, 33.576575406000018 ], [ 35.432131561, 33.575300724999977 ], [ 35.429527409, 33.575297928 ], [ 35.429064184000026, 33.574192607999976 ], [ 35.430559010000025, 33.572489940000025 ], [ 35.433049847, 33.57300362 ], [ 35.435445677000018, 33.57040208 ], [ 35.43601146200001, 33.568008201 ], [ 35.434342472000026, 33.566994044000012 ], [ 35.43613158, 33.563921499 ], [ 35.435941217, 33.561300614 ], [ 35.445228703, 33.559476626 ], [ 35.445968553, 33.557021326999973 ], [ 35.444966051999984, 33.556269633999989 ], [ 35.436340812000026, 33.556121212 ], [ 35.433705633999978, 33.552553941999975 ], [ 35.434986293, 33.551668746000018 ], [ 35.433050251, 33.552373326 ], [ 35.430342946999986, 33.551038824999978 ], [ 35.428368326, 33.552316153 ], [ 35.422952854000016, 33.549932664999972 ], [ 35.424042977, 33.544823623000013 ], [ 35.417781113, 33.540952178999987 ], [ 35.422337991, 33.53848461299998 ], [ 35.424111381999978, 33.535088866000024 ], [ 35.427505669000027, 33.532322588 ], [ 35.431508185999974, 33.532341562999989 ], [ 35.430189756, 33.529997190000017 ], [ 35.427004214000021, 33.528875431000017 ], [ 35.426779388999989, 33.523662060999982 ], [ 35.425038495000024, 33.523695686 ], [ 35.424429778, 33.522210072 ], [ 35.419471311, 33.522933653999985 ], [ 35.417329802999973, 33.525310319000027 ], [ 35.417173715, 33.522558473 ], [ 35.419144881000022, 33.519900904999986 ], [ 35.424334457999976, 33.519261486 ], [ 35.426853280999978, 33.516032457 ], [ 35.436063354, 33.513266505 ], [ 35.440406869000014, 33.507283742000027 ], [ 35.441161664999981, 33.509013966999987 ], [ 35.445805447, 33.509884633000013 ], [ 35.446145085000012, 33.512234144999979 ], [ 35.447475554, 33.511780712000018 ], [ 35.450031403000025, 33.51675681 ], [ 35.464032514999985, 33.513794119000011 ], [ 35.468866465000019, 33.514668683000025 ], [ 35.468332169, 33.516049061 ], [ 35.47025359700001, 33.514417966 ], [ 35.471203718000027, 33.515699642000016 ], [ 35.47326201300001, 33.514952258 ], [ 35.473755773999983, 33.516103102999978 ], [ 35.479078962000017, 33.515644493000025 ], [ 35.479266272000018, 33.517421360000014 ], [ 35.474995786000022, 33.524070253 ], [ 35.478611449000027, 33.524980218 ], [ 35.481992842000011, 33.528450462000023 ], [ 35.481822342999976, 33.529760273000022 ], [ 35.483365381999988, 33.530218973999979 ], [ 35.488439541999981, 33.527710136999985 ], [ 35.492292965, 33.528641099000026 ], [ 35.495625959999984, 33.526716143999977 ], [ 35.499584971, 33.526787435000017 ], [ 35.495677672, 33.521697456000027 ], [ 35.49973047200001, 33.516094281 ], [ 35.505134138000017, 33.51647721400002 ], [ 35.50660149700002, 33.514324534000025 ], [ 35.508708055999989, 33.514112375000025 ], [ 35.508820995, 33.511432576 ], [ 35.503655084, 33.509428991999982 ], [ 35.49852347, 33.510339048 ], [ 35.499214676, 33.509160212999973 ], [ 35.502409872999976, 33.508747925000023 ], [ 35.498765823999975, 33.507879951 ], [ 35.500453006999976, 33.504269744999988 ], [ 35.500266050999983, 33.492724740000028 ], [ 35.486637232000021, 33.486666556999978 ], [ 35.48455207, 33.48671376599998 ], [ 35.484097382000016, 33.489160395999988 ], [ 35.483235467999975, 33.488385121000022 ], [ 35.482767582, 33.494903850000014 ], [ 35.479482683000015, 33.495864394000023 ], [ 35.476979162000021, 33.495422341 ], [ 35.478675056999975, 33.493753674 ], [ 35.475690971, 33.49213434 ], [ 35.472263052000017, 33.492748329999984 ], [ 35.472323865000021, 33.491914715 ], [ 35.46798155, 33.491256491 ], [ 35.465740875, 33.486616745 ], [ 35.459199722999983, 33.490310658999988 ], [ 35.45676691, 33.487673808000011 ], [ 35.457906998, 33.485116232 ], [ 35.456957433000014, 33.484015124999985 ], [ 35.461119167999982, 33.482851025 ], [ 35.460861556999987, 33.481669712999974 ], [ 35.459725483, 33.480606726000019 ], [ 35.458277380000027, 33.481202187 ], [ 35.458779436999976, 33.478276116000018 ], [ 35.454938237000022, 33.475739665 ], [ 35.452813570999979, 33.476211154 ], [ 35.45240413, 33.477873288000012 ], [ 35.450322353999979, 33.477010281 ], [ 35.449603658, 33.477910498000028 ], [ 35.448772425000016, 33.479961147999973 ], [ 35.451035256000011, 33.481047853 ], [ 35.444959928, 33.478869029 ], [ 35.444424762999972, 33.480925441000011 ], [ 35.441027501, 33.480274353000027 ], [ 35.441238692000013, 33.482760514 ], [ 35.43144950300001, 33.488834022 ], [ 35.429514900000015, 33.487766954999984 ], [ 35.428304170999979, 33.481394215000023 ], [ 35.426719094000021, 33.481224855 ], [ 35.425424978000024, 33.479199317 ], [ 35.419746708, 33.479073604 ], [ 35.418192271, 33.476805383999988 ], [ 35.411672964, 33.477477164999982 ], [ 35.407322156000021, 33.475829549000025 ], [ 35.406220548000022, 33.47395415699998 ], [ 35.412052206999988, 33.471675247 ], [ 35.411566373000028, 33.470342897000023 ], [ 35.412935676000018, 33.468918228 ], [ 35.419045647000019, 33.469506781 ], [ 35.420332423, 33.468318597 ], [ 35.420835748, 33.464562075 ], [ 35.426407992, 33.463891526 ], [ 35.428262932999985, 33.461571224000011 ], [ 35.41864185999998, 33.455641693000018 ], [ 35.420065889999989, 33.449541781999983 ], [ 35.415405302000011, 33.450274383000021 ], [ 35.411669561999986, 33.453749816000027 ], [ 35.404143596999972, 33.455331182 ], [ 35.401391596999986, 33.457800985 ], [ 35.395649043999981, 33.458486219 ], [ 35.394902057000024, 33.454942392000021 ], [ 35.393278912000028, 33.454800153 ], [ 35.394783433999976, 33.452265554 ], [ 35.393508016, 33.452064537000012 ], [ 35.393968132999987, 33.447194812000021 ], [ 35.390154012999972, 33.447286513 ], [ 35.39139437, 33.444789956000022 ], [ 35.390059367999982, 33.444378801000028 ], [ 35.390920465000022, 33.442858919 ], [ 35.389513675999979, 33.44209258799998 ], [ 35.390217617000019, 33.438494467 ], [ 35.387245518999976, 33.435813328999984 ], [ 35.391476227, 33.431524665999973 ], [ 35.389859614999978, 33.420771777000027 ], [ 35.3941284, 33.419332184999973 ], [ 35.395716881999988, 33.41491535900002 ], [ 35.399376064000023, 33.411816064999982 ], [ 35.403076317, 33.410800052000013 ], [ 35.405544247000023, 33.406282143 ], [ 35.40445374, 33.403551935999985 ], [ 35.40119877, 33.402236099999982 ], [ 35.399481977, 33.40279211 ], [ 35.399583308999979, 33.401568407000013 ], [ 35.396232107, 33.399899134 ], [ 35.392909708, 33.401012929999979 ], [ 35.387405891000014, 33.397532448999982 ], [ 35.376214603, 33.397425546000022 ], [ 35.373831085, 33.395711549 ], [ 35.372251840999979, 33.391898208999976 ], [ 35.370359785, 33.391222630000016 ], [ 35.369794555999988, 33.384619772 ], [ 35.37750134800001, 33.377956674000018 ], [ 35.382699953999975, 33.377407995 ], [ 35.375094198, 33.375633804000017 ], [ 35.368503923, 33.375747692 ], [ 35.368341772, 33.376809858 ], [ 35.362238623999986, 33.377751718000013 ], [ 35.357917201000021, 33.382678995 ], [ 35.356296344999976, 33.382557835 ], [ 35.357380654, 33.384815589000027 ], [ 35.356271920999973, 33.386607903000026 ], [ 35.349473327, 33.388425762 ], [ 35.347135116, 33.391809678000016 ], [ 35.344694114999982, 33.392706057999987 ], [ 35.345607571000016, 33.395746894000013 ], [ 35.34397467399998, 33.395983463999983 ], [ 35.345135616999983, 33.398219639999979 ], [ 35.341747376, 33.400258372 ], [ 35.343408383, 33.401809803999981 ], [ 35.341826922999985, 33.402822435000019 ], [ 35.339032302000021, 33.401377824 ], [ 35.338736542, 33.398326641999972 ], [ 35.337729132, 33.397574796000015 ], [ 35.337535178999985, 33.398968566 ], [ 35.330629278, 33.394097916000021 ], [ 35.327702268, 33.394226941 ], [ 35.325648277000028, 33.396313763000023 ], [ 35.326298300000019, 33.399284672000022 ], [ 35.325024266000014, 33.401039842999978 ], [ 35.325273202, 33.395936275999986 ], [ 35.323604558, 33.396316421 ], [ 35.321457561999978, 33.393691287000024 ], [ 35.313593616999981, 33.38989206399998 ], [ 35.315716287999976, 33.387931889000015 ], [ 35.319717169, 33.387693534999983 ], [ 35.3176871, 33.386473360000025 ], [ 35.32105313, 33.384649146000015 ], [ 35.31248268500002, 33.382987663 ], [ 35.309150612999986, 33.379907831000025 ], [ 35.312424295000028, 33.378569626 ], [ 35.31779648600002, 33.379326014000014 ], [ 35.317903801, 33.376860345000011 ], [ 35.319648254000015, 33.376526236000018 ], [ 35.320066941999983, 33.373412329000018 ], [ 35.314696084, 33.364967709999974 ], [ 35.310928882999974, 33.36533848900001 ], [ 35.307419440999979, 33.368205225 ], [ 35.302511843, 33.36785661 ], [ 35.299546998999972, 33.369742771 ], [ 35.294786134999981, 33.368560216999981 ], [ 35.294496875999982, 33.366047227000024 ], [ 35.297907443999975, 33.365928091 ], [ 35.297754164000025, 33.366962420999982 ], [ 35.300367525000013, 33.367531899000028 ], [ 35.303992156, 33.367047981999974 ], [ 35.308302411999989, 33.364643597 ], [ 35.308885498999985, 33.362419779999982 ], [ 35.316262, 33.362412615999972 ], [ 35.318795318000014, 33.364546027000017 ], [ 35.323270940999976, 33.360464630000024 ], [ 35.322992576, 33.361814111 ], [ 35.325392177000026, 33.362163697000028 ], [ 35.327252075999979, 33.364092847999984 ], [ 35.331461682, 33.361110986000028 ], [ 35.332186818000025, 33.362159328000018 ], [ 35.338440283000011, 33.361149504000025 ], [ 35.339870774000019, 33.358450091 ], [ 35.341814043, 33.358637018000024 ], [ 35.344234589, 33.355249678 ], [ 35.347429485000021, 33.355994219000024 ], [ 35.346324046, 33.353462775000025 ], [ 35.348925242, 33.349634294999987 ], [ 35.355474849000018, 33.353117651 ], [ 35.356746148000013, 33.351750681 ], [ 35.360670133999974, 33.354533673 ], [ 35.365363173, 33.355675291000011 ], [ 35.366553263000014, 33.354199358000017 ], [ 35.363973521999981, 33.349284937 ], [ 35.365558301000021, 33.349039855 ], [ 35.365546919999986, 33.344374669 ], [ 35.362492308000014, 33.343444923 ], [ 35.362631323000016, 33.339032920000022 ], [ 35.358248375000016, 33.338011293000022 ], [ 35.359310648000019, 33.336496550999982 ], [ 35.357004483000026, 33.332055770000011 ], [ 35.350398408, 33.331412995999983 ], [ 35.343428306000021, 33.32635021599998 ], [ 35.342023860999973, 33.327561495 ], [ 35.33720742700001, 33.326548366 ], [ 35.333852455999988, 33.323131342000011 ], [ 35.332620341999984, 33.32376844800001 ], [ 35.332359586, 33.326014785999973 ], [ 35.328861965999977, 33.326505452999982 ], [ 35.326859357999979, 33.324666949 ], [ 35.327642314, 33.321756602 ], [ 35.326372239000023, 33.320177682 ], [ 35.323983898, 33.322196373999986 ], [ 35.318676247999974, 33.320138314000019 ], [ 35.318522044000019, 33.324248028 ], [ 35.316617634000011, 33.324422557 ], [ 35.310486867, 33.323482731000013 ], [ 35.30784279400001, 33.320414770000014 ], [ 35.306712134, 33.321573480999973 ], [ 35.307629266999982, 33.324008960000015 ], [ 35.302910951, 33.32551358500001 ], [ 35.298846001000015, 33.323585633 ], [ 35.293361813999979, 33.324628583999981 ], [ 35.288824853, 33.319260298000017 ], [ 35.287259485, 33.319991448 ], [ 35.286550143, 33.322758223 ], [ 35.28322672500002, 33.324045359000024 ], [ 35.275039263999986, 33.324125421000019 ], [ 35.270797472000027, 33.321782246 ], [ 35.268529657999977, 33.325444989 ], [ 35.266465423, 33.324873851 ], [ 35.266982858, 33.321868946 ], [ 35.265796130000012, 33.321195124999974 ], [ 35.263101873999972, 33.324947641999984 ], [ 35.261679207999975, 33.323777586 ], [ 35.259351808000019, 33.325693764999983 ], [ 35.258527370000024, 33.327340011999979 ], [ 35.259709919999978, 33.329537526000024 ], [ 35.25409562599998, 33.33143581500002 ], [ 35.255089585, 33.334294289000013 ], [ 35.252211489999979, 33.336574096 ], [ 35.254214170000012, 33.337661608000019 ], [ 35.256925954999986, 33.336749377999979 ], [ 35.257066826000028, 33.338106547 ], [ 35.251047643, 33.339771782000014 ], [ 35.244809434999979, 33.338643110000021 ], [ 35.245317748, 33.345100791999982 ], [ 35.244572853000022, 33.345326531000012 ], [ 35.244278071, 33.345750935000012 ], [ 35.245600223, 33.34575003499998 ], [ 35.247485513000015, 33.352870396000014 ], [ 35.247052708000012, 33.360021968000012 ], [ 35.250837655, 33.37027774500001 ], [ 35.249990234, 33.376372090000018 ], [ 35.251449379, 33.382363503000022 ], [ 35.252266137, 33.381542412999977 ], [ 35.253838340000016, 33.382381036000027 ], [ 35.255105446000016, 33.385791778 ], [ 35.253412458000014, 33.389843115000019 ], [ 35.256658290000018, 33.398394998000015 ], [ 35.260047799, 33.40344115 ], [ 35.262007359999984, 33.404167138 ], [ 35.261265918, 33.405395194999983 ], [ 35.264126616, 33.407663967000019 ], [ 35.26683488499998, 33.412674483999979 ], [ 35.264953110000022, 33.41514773199998 ], [ 35.266272212, 33.417055693 ], [ 35.267849852999973, 33.426413788 ], [ 35.272644921, 33.433416777 ], [ 35.274451043, 33.441036700999973 ], [ 35.276751604000026, 33.442412478999984 ], [ 35.276738337999973, 33.445872627000028 ], [ 35.28221586, 33.451813053000024 ], [ 35.288466594999989, 33.462873549999983 ], [ 35.292358777, 33.463226229999975 ], [ 35.294646952999983, 33.465150366999978 ], [ 35.297531086, 33.464085886000021 ], [ 35.300134902000025, 33.464861768 ], [ 35.303761705999989, 33.46855044199998 ], [ 35.303481721000026, 33.470717420000028 ], [ 35.305491432, 33.472398038 ], [ 35.303897995, 33.469984587999988 ], [ 35.306366792, 33.470336669 ], [ 35.305828048000024, 33.471425258000011 ], [ 35.309467433, 33.471057185 ], [ 35.309527030000027, 33.472132069999986 ], [ 35.311989262, 33.471577046 ], [ 35.31437371200002, 33.473072869000021 ], [ 35.317253301, 33.478872482999975 ], [ 35.320403875000011, 33.480500428000028 ], [ 35.325036606000026, 33.487451057999976 ], [ 35.329718868999976, 33.490560045 ], [ 35.330565021999973, 33.493043957999987 ], [ 35.334107269000015, 33.493854060999979 ], [ 35.334079569999972, 33.497060861000023 ], [ 35.336223083, 33.500669259 ], [ 35.336106142, 33.499865708000016 ], [ 35.342920285, 33.505378380000025 ], [ 35.340579332, 33.507024463 ], [ 35.341240809999988, 33.507745872999976 ], [ 35.342443047000017, 33.508141406999982 ], [ 35.341132903000016, 33.507009558 ], [ 35.343781004, 33.505869702999973 ], [ 35.34866721100002, 33.508285127000022 ], [ 35.351241319999986, 33.511139075000017 ], [ 35.355561109, 33.517544838999981 ], [ 35.359208895, 33.527194569000017 ], [ 35.364099452, 33.546776994000027 ], [ 35.364222637000012, 33.55539051300002 ], [ 35.365157692000025, 33.557073609999975 ], [ 35.366510244999972, 33.55571805400001 ], [ 35.368260623000026, 33.557722838000018 ], [ 35.366084881, 33.562791530000027 ], [ 35.366858249000018, 33.566121547000023 ], [ 35.368421364000028, 33.565803134000021 ], [ 35.370045176000019, 33.567918422 ], [ 35.368195203000028, 33.56417761199998 ], [ 35.371114428999988, 33.566240943000025 ], [ 35.370589384000027, 33.567239303 ], [ 35.371389892000025, 33.566155815 ], [ 35.371588121, 33.567256615000019 ], [ 35.37406775, 33.566607965 ], [ 35.38118341500001, 33.576419 ], [ 35.38326390200001, 33.582087461000015 ], [ 35.381720084, 33.582303930000023 ], [ 35.383352095000021, 33.584503865999977 ], [ 35.382422005000024, 33.585213136 ], [ 35.383785250000017, 33.586563543000011 ], [ 35.383440744999973, 33.584827189 ], [ 35.385821744999987, 33.589212389000011 ] ] ] } },
{ "type": "Feature", "properties": { "adm2_name": "Jezzine", "adm2_name1": "جزين", "adm2_pcode": "LB62", "adm1_name": "South", "adm1_name1": "الجنوب", "adm1_pcode": "LB6", "center_lat": 33.4740819, "center_lon": 35.57720333 }, "geometry": { "type": "MultiPolygon", "coordinates": [ [ [ [ 35.56705085599998, 33.596377854000025 ], [ 35.565983381000024, 33.594222474999981 ], [ 35.567694838000023, 33.591164639 ], [ 35.568716501999972, 33.592293674000018 ], [ 35.571985634999976, 33.590236546000028 ], [ 35.577934382000024, 33.590560579 ], [ 35.579376501000013, 33.588039798000011 ], [ 35.576288593000015, 33.58633679899998 ], [ 35.578514702, 33.583829193999975 ], [ 35.58162053, 33.585122307 ], [ 35.581920705000016, 33.590144172 ], [ 35.589437835000012, 33.58621387 ], [ 35.589884459000018, 33.587249247999978 ], [ 35.587031976999981, 33.588941015999978 ], [ 35.594872023999983, 33.592389513 ], [ 35.594993252, 33.589556008999978 ], [ 35.596050672, 33.592018893999978 ], [ 35.60348632900002, 33.579387578000023 ], [ 35.603474504000019, 33.571843890000025 ], [ 35.605403457000023, 33.571122668999976 ], [ 35.602541729999984, 33.56910131 ], [ 35.59924421, 33.561802473 ], [ 35.597036714000012, 33.561461082999983 ], [ 35.593332885, 33.55514337 ], [ 35.594251426000028, 33.555426415999989 ], [ 35.596093919999987, 33.550466948 ], [ 35.599830646999976, 33.549161366000021 ], [ 35.602275125, 33.546150461000025 ], [ 35.607774796, 33.544213077999984 ], [ 35.611128608, 33.540034989999981 ], [ 35.613082905999988, 33.529542584000012 ], [ 35.614227305999975, 33.525481257000024 ], [ 35.616573702999972, 33.523474589999978 ], [ 35.616453144, 33.521087753000018 ], [ 35.612136470999985, 33.513016 ], [ 35.614370323, 33.508219484 ], [ 35.609139307000021, 33.504474212 ], [ 35.613469996, 33.503099702999975 ], [ 35.619249352999987, 33.505002744000024 ], [ 35.620034203999978, 33.498279028000013 ], [ 35.617934296999977, 33.49212596000001 ], [ 35.623339305, 33.492454434000024 ], [ 35.624920503999988, 33.491019001999973 ], [ 35.623459216000015, 33.480342412000027 ], [ 35.621603610000022, 33.479418967000015 ], [ 35.619745739999985, 33.47548595 ], [ 35.621125658999972, 33.474228079 ], [ 35.621181868, 33.470918508000011 ], [ 35.619058436999978, 33.466809061999982 ], [ 35.619604142000014, 33.465755450000017 ], [ 35.617667442000027, 33.46290496 ], [ 35.614389575000018, 33.461338586000011 ], [ 35.614026175999982, 33.454219836999982 ], [ 35.61694959099998, 33.450645157999986 ], [ 35.614355343, 33.447351584999979 ], [ 35.615450168999985, 33.445811382999977 ], [ 35.614936968, 33.443298602000027 ], [ 35.612572302, 33.442390398999976 ], [ 35.609314817999973, 33.431364622999979 ], [ 35.613008157000024, 33.430993541000021 ], [ 35.615855103, 33.432764037000027 ], [ 35.624217306999981, 33.448288140999978 ], [ 35.629684552000015, 33.448875842 ], [ 35.633329569000011, 33.446301423000023 ], [ 35.635242645, 33.447012573999984 ], [ 35.637320268999986, 33.446048795000024 ], [ 35.631850746999987, 33.435047716999975 ], [ 35.62946745, 33.433185557 ], [ 35.629315725000026, 33.431413871000018 ], [ 35.631736919, 33.427903453999988 ], [ 35.631004739, 33.424864975999981 ], [ 35.624057611000012, 33.420493661000023 ], [ 35.62428330900002, 33.415647566000018 ], [ 35.622883865, 33.412073467000027 ], [ 35.61873619, 33.414121335 ], [ 35.617847134999977, 33.416422784000019 ], [ 35.610673529999985, 33.413513566 ], [ 35.607547405999981, 33.40331011 ], [ 35.601768911000022, 33.396695946000023 ], [ 35.597853573, 33.39620228299998 ], [ 35.596228214, 33.394741625 ], [ 35.594823344000019, 33.385478632 ], [ 35.592419369000027, 33.381861545999982 ], [ 35.584917843000028, 33.379412149000018 ], [ 35.579780685, 33.380545272 ], [ 35.576813372, 33.382623183000021 ], [ 35.568047325, 33.382054330000017 ], [ 35.564915026, 33.381187118000014 ], [ 35.562915839000027, 33.378388084999983 ], [ 35.558690758000012, 33.377753551000012 ], [ 35.554281944000024, 33.375179195999976 ], [ 35.548254881999981, 33.366772417999982 ], [ 35.549681099999987, 33.364515849999975 ], [ 35.548864122, 33.362332107999976 ], [ 35.54980735800001, 33.360310159 ], [ 35.547053332000019, 33.357947030999981 ], [ 35.546831822, 33.353898215000015 ], [ 35.541323638999984, 33.350587430000019 ], [ 35.537935485, 33.35177252699998 ], [ 35.538354228, 33.355922964 ], [ 35.539844360000018, 33.35732828099998 ], [ 35.53975910600002, 33.359378229000015 ], [ 35.540264719, 33.358723762000011 ], [ 35.538140941, 33.362533265000025 ], [ 35.537750597000013, 33.366589143 ], [ 35.53614574, 33.368684499999972 ], [ 35.531968754, 33.365798825000013 ], [ 35.52434370200001, 33.36604180400002 ], [ 35.523732187, 33.375659396 ], [ 35.523787256, 33.377553918 ], [ 35.525546201999987, 33.378320598000016 ], [ 35.524203505, 33.382388993 ], [ 35.524186514, 33.385074545 ], [ 35.525310031, 33.38516535399998 ], [ 35.524579459, 33.390356414999985 ], [ 35.529023124, 33.391047578999974 ], [ 35.527175193, 33.394294022999986 ], [ 35.528518330999987, 33.394772827 ], [ 35.533824158000016, 33.40644482 ], [ 35.537026828000023, 33.408974791 ], [ 35.543262095999978, 33.419472337 ], [ 35.537687536000021, 33.42185729800002 ], [ 35.534435529, 33.420858705 ], [ 35.529861671, 33.422563303 ], [ 35.529007509999985, 33.421862181 ], [ 35.52648432, 33.426785312 ], [ 35.524827945000027, 33.426548094999987 ], [ 35.523728452, 33.427942124000026 ], [ 35.523705166000013, 33.430559682000023 ], [ 35.526256891, 33.434395056000028 ], [ 35.524152559000015, 33.434989703999975 ], [ 35.529994465000016, 33.437793329999977 ], [ 35.531593851000025, 33.442198941000015 ], [ 35.534828963, 33.443569104 ], [ 35.536904887999981, 33.448647511 ], [ 35.539164758000027, 33.448733221999987 ], [ 35.540375289999986, 33.450241450000021 ], [ 35.530944449, 33.451384646 ], [ 35.533054653000022, 33.453111659 ], [ 35.530451011000025, 33.454346746999988 ], [ 35.531142143000011, 33.455501573 ], [ 35.521338031000028, 33.459207016999983 ], [ 35.524055407999981, 33.463287200000025 ], [ 35.523982423, 33.465197296999975 ], [ 35.525770469, 33.466150417999984 ], [ 35.525196841000025, 33.468010831000015 ], [ 35.52716992500001, 33.470390468 ], [ 35.526231608999979, 33.471959459 ], [ 35.527513294000016, 33.4733539 ], [ 35.532978736000018, 33.472643268000013 ], [ 35.534159885, 33.475978188999989 ], [ 35.540045733999989, 33.478619759000026 ], [ 35.538419971999986, 33.481141066000021 ], [ 35.541193869999972, 33.483190714999978 ], [ 35.543549096999982, 33.481049622 ], [ 35.545150722000017, 33.481890169999986 ], [ 35.544596292999984, 33.485458387 ], [ 35.54728552, 33.487216046000015 ], [ 35.541223143000025, 33.487851485000022 ], [ 35.539348716, 33.485776685000019 ], [ 35.538549756, 33.486318133 ], [ 35.546224564, 33.494206518 ], [ 35.548440658, 33.500206221999974 ], [ 35.552875777, 33.505670364000025 ], [ 35.551127662999988, 33.504827464000016 ], [ 35.535788868999987, 33.509334991 ], [ 35.52950230099998, 33.503538959000025 ], [ 35.532963275999975, 33.51039139400001 ], [ 35.528269556, 33.511338740999975 ], [ 35.526753770000028, 33.509333536999975 ], [ 35.525296433999983, 33.510985194 ], [ 35.523035387, 33.509328485000026 ], [ 35.524175007999986, 33.507463497 ], [ 35.522964726999987, 33.504948902000024 ], [ 35.520078323, 33.503345546999981 ], [ 35.519490524, 33.499507466000011 ], [ 35.515113541, 33.495670616999973 ], [ 35.512609968, 33.495363326000017 ], [ 35.510121955999978, 33.497227297999984 ], [ 35.509000749, 33.496185586000024 ], [ 35.502141391, 33.496360353 ], [ 35.499689349999983, 33.500684363 ], [ 35.500453006999976, 33.504269744999988 ], [ 35.498765823999975, 33.507879951 ], [ 35.502409872999976, 33.508747925000023 ], [ 35.499214676, 33.509160212999973 ], [ 35.49852347, 33.510339048 ], [ 35.504080722000026, 33.509551889000022 ], [ 35.508820995, 33.511432576 ], [ 35.508708055999989, 33.514112375000025 ], [ 35.50660149700002, 33.514324534000025 ], [ 35.505134138000017, 33.51647721400002 ], [ 35.499412738, 33.516361126999982 ], [ 35.495677672, 33.521697456000027 ], [ 35.499584971, 33.526787435000017 ], [ 35.495625959999984, 33.526716143999977 ], [ 35.492292965, 33.528641099000026 ], [ 35.488439541999981, 33.527710136999985 ], [ 35.482777401000021, 33.530266980000022 ], [ 35.478611449000027, 33.524980218 ], [ 35.474995786000022, 33.524070253 ], [ 35.479266272000018, 33.517421360000014 ], [ 35.479078962000017, 33.515644493000025 ], [ 35.473755773999983, 33.516103102999978 ], [ 35.47326201300001, 33.514952258 ], [ 35.471203718000027, 33.515699642000016 ], [ 35.47025359700001, 33.514417966 ], [ 35.468332169, 33.516049061 ], [ 35.468866465000019, 33.514668683000025 ], [ 35.464032514999985, 33.513794119000011 ], [ 35.450031403000025, 33.51675681 ], [ 35.447475554, 33.511780712000018 ], [ 35.446145085000012, 33.512234144999979 ], [ 35.445805447, 33.509884633000013 ], [ 35.441161664999981, 33.509013966999987 ], [ 35.440406869000014, 33.507283742000027 ], [ 35.436245229, 33.513154104000023 ], [ 35.426853280999978, 33.516032457 ], [ 35.425537857, 33.518664355 ], [ 35.419144881000022, 33.519900904999986 ], [ 35.417173715, 33.522558473 ], [ 35.417329802999973, 33.525310319000027 ], [ 35.421632702000011, 33.522357758999988 ], [ 35.426201355999979, 33.52324164800001 ], [ 35.427004214000021, 33.528875431000017 ], [ 35.430189756, 33.529997190000017 ], [ 35.431508185999974, 33.532341562999989 ], [ 35.427505669000027, 33.532322588 ], [ 35.424111381999978, 33.535088866000024 ], [ 35.422337991, 33.53848461299998 ], [ 35.417781113, 33.540952178999987 ], [ 35.423866294, 33.544555162999984 ], [ 35.424044203, 33.547380353 ], [ 35.422678220000023, 33.549263395000025 ], [ 35.424797551999973, 33.551297589 ], [ 35.428368326, 33.552316153 ], [ 35.430342946999986, 33.551038824999978 ], [ 35.433050251, 33.552373326 ], [ 35.434986293, 33.551668746000018 ], [ 35.433705633999978, 33.552553941999975 ], [ 35.436340812000026, 33.556121212 ], [ 35.445831785, 33.556635148999987 ], [ 35.445228703, 33.559476626 ], [ 35.435941217, 33.561300614 ], [ 35.43613158, 33.563921499 ], [ 35.434342472000026, 33.566994044000012 ], [ 35.43601146200001, 33.568008201 ], [ 35.435445677000018, 33.57040208 ], [ 35.440161838, 33.572064389 ], [ 35.438914015000023, 33.573408885999982 ], [ 35.439410888999987, 33.574565571999983 ], [ 35.443770167000025, 33.573016981000023 ], [ 35.445480459, 33.57101608 ], [ 35.446213898, 33.571777208000015 ], [ 35.444985558999974, 33.573128273 ], [ 35.446696051, 33.574389838 ], [ 35.44666987, 33.572629801 ], [ 35.448582842, 33.571993545999987 ], [ 35.451779812999973, 33.566698739 ], [ 35.456891596999981, 33.569014152000022 ], [ 35.45970377499998, 33.564868452999974 ], [ 35.466250845, 33.564640847000021 ], [ 35.466693995000014, 33.56633647000001 ], [ 35.46919417700002, 33.566429442000015 ], [ 35.471147158, 33.568473182999981 ], [ 35.47313214899998, 33.563045015 ], [ 35.475936865, 33.566205473000025 ], [ 35.477006556, 33.574426368 ], [ 35.478491639000026, 33.571731829999976 ], [ 35.481636938, 33.573056485999984 ], [ 35.483806427, 33.571078484999987 ], [ 35.487476104999985, 33.573719429999983 ], [ 35.49786279, 33.573174779 ], [ 35.499125616000015, 33.574232710999979 ], [ 35.501003229999981, 33.573440209000012 ], [ 35.504390597999986, 33.575946104000025 ], [ 35.508071062, 33.575165588 ], [ 35.517973632, 33.581855581000013 ], [ 35.523271892000025, 33.581811716 ], [ 35.525542799999982, 33.579920464999987 ], [ 35.532173582999974, 33.581439691000014 ], [ 35.53433779400001, 33.579630668999982 ], [ 35.543176825999979, 33.584355301000016 ], [ 35.544575058000021, 33.586585717 ], [ 35.54779520400001, 33.587313483 ], [ 35.547514327999977, 33.590263527 ], [ 35.553528444, 33.589707686999986 ], [ 35.555306409000025, 33.594924742999979 ], [ 35.558043880000014, 33.594078834000015 ], [ 35.561492247999979, 33.59735626600002 ], [ 35.563164783, 33.596221969 ], [ 35.565855288000023, 33.597832504999985 ], [ 35.56705085599998, 33.596377854000025 ] ] ], [ [ [ 35.482767582, 33.494903850000014 ], [ 35.483235467999975, 33.488385121000022 ], [ 35.484097382000016, 33.489160395999988 ], [ 35.484944902, 33.486179516999982 ], [ 35.483338339, 33.485188420999975 ], [ 35.486044107999987, 33.481045381 ], [ 35.479239713000027, 33.476516028999981 ], [ 35.479378325000027, 33.475047484000015 ], [ 35.47180179999998, 33.48331878099998 ], [ 35.465740875, 33.486616745 ], [ 35.468967573999976, 33.491830171 ], [ 35.475690971, 33.49213434 ], [ 35.478675056999975, 33.493753674 ], [ 35.476979162000021, 33.495422341 ], [ 35.482767582, 33.494903850000014 ] ] ] ] } },
{ "type": "Feature", "properties": { "adm2_name": "Sour", "adm2_name1": "صور", "adm2_pcode": "LB63", "adm1_name": "South", "adm1_name1": "الجنوب", "adm1_pcode": "LB6", "center_lat": 33.21240652, "center_lon": 35.29010671 }, "geometry": { "type": "Polygon", "coordinates": [ [ [ 35.250790051000024, 33.339773219999984 ], [ 35.257290238, 33.337515289 ], [ 35.252211489999979, 33.336574096 ], [ 35.255089585, 33.334294289000013 ], [ 35.25409562599998, 33.33143581500002 ], [ 35.259709919999978, 33.329537526000024 ], [ 35.258527370000024, 33.327340011999979 ], [ 35.259351808000019, 33.325693764999983 ], [ 35.261679207999975, 33.323777586 ], [ 35.263101873999972, 33.324947641999984 ], [ 35.265998755, 33.321132811999973 ], [ 35.266982858, 33.321868946 ], [ 35.266465423, 33.324873851 ], [ 35.268529657999977, 33.325444989 ], [ 35.270797472000027, 33.321782246 ], [ 35.275039263999986, 33.324125421000019 ], [ 35.28322672500002, 33.324045359000024 ], [ 35.286550143, 33.322758223 ], [ 35.287259485, 33.319991448 ], [ 35.288824853, 33.319260298000017 ], [ 35.293361813999979, 33.324628583999981 ], [ 35.298846001000015, 33.323585633 ], [ 35.302910951, 33.32551358500001 ], [ 35.307629266999982, 33.324008960000015 ], [ 35.306712134, 33.321573480999973 ], [ 35.30784279400001, 33.320414770000014 ], [ 35.310486867, 33.323482731000013 ], [ 35.316617634000011, 33.324422557 ], [ 35.318522044000019, 33.324248028 ], [ 35.318676247999974, 33.320138314000019 ], [ 35.323983898, 33.322196373999986 ], [ 35.326372239000023, 33.320177682 ], [ 35.327642314, 33.321756602 ], [ 35.326859357999979, 33.324666949 ], [ 35.328669924, 33.326420642000016 ], [ 35.332359586, 33.326014785999973 ], [ 35.332620341999984, 33.32376844800001 ], [ 35.333852455999988, 33.323131342000011 ], [ 35.33720742700001, 33.326548366 ], [ 35.342023860999973, 33.327561495 ], [ 35.343444569999974, 33.325233665999974 ], [ 35.341159785, 33.317560991 ], [ 35.343771469999979, 33.316738878000024 ], [ 35.34574620799998, 33.320622839 ], [ 35.349379903999989, 33.320554878999985 ], [ 35.350034259999973, 33.318939044999979 ], [ 35.347065749000024, 33.314269373 ], [ 35.355026426, 33.31323268 ], [ 35.357065964000014, 33.31181740400001 ], [ 35.358134027, 33.308034631999988 ], [ 35.362118074000023, 33.31086310400002 ], [ 35.366090986000017, 33.309026158 ], [ 35.367456100000027, 33.311996122999972 ], [ 35.368979335, 33.312547337000012 ], [ 35.372660111000016, 33.309945808 ], [ 35.374418159000015, 33.304879273999973 ], [ 35.376966708999987, 33.306242106000013 ], [ 35.385673758, 33.305508858 ], [ 35.388314734, 33.310631758 ], [ 35.390723467999976, 33.311071379999987 ], [ 35.394168163000018, 33.30817916 ], [ 35.398453473000018, 33.307422014 ], [ 35.404207582000026, 33.300525917000016 ], [ 35.408770488000016, 33.30289527399998 ], [ 35.408192605000011, 33.304906787 ], [ 35.409681288, 33.304137622999974 ], [ 35.414275766, 33.308277383000018 ], [ 35.418439461999981, 33.308936228 ], [ 35.418035971, 33.311066558999983 ], [ 35.421194131, 33.311637339000015 ], [ 35.42125938800001, 33.31561574 ], [ 35.428577362999988, 33.315276690000019 ], [ 35.431201484999974, 33.313100893000012 ], [ 35.426560844999983, 33.308163868 ], [ 35.426014624, 33.303505906999987 ], [ 35.424427209999976, 33.303053182999975 ], [ 35.424642044999985, 33.304328137000027 ], [ 35.422521975, 33.304986225 ], [ 35.418489817000022, 33.302546553000013 ], [ 35.419038565, 33.300875696999981 ], [ 35.416559525000025, 33.298913291000019 ], [ 35.416445290000013, 33.296392222 ], [ 35.41329581399998, 33.297678642 ], [ 35.412019799, 33.296661006000022 ], [ 35.414001858, 33.295056443000021 ], [ 35.414414695, 33.292250570000022 ], [ 35.410267942000019, 33.293315447999987 ], [ 35.411326584, 33.288976601 ], [ 35.414833606, 33.284703389000015 ], [ 35.41879909, 33.283501730000012 ], [ 35.419215612000016, 33.286782534999986 ], [ 35.426165314, 33.284528597000019 ], [ 35.426362055000027, 33.28565289300002 ], [ 35.430366188999983, 33.285678175999976 ], [ 35.431117729999983, 33.283629738 ], [ 35.429821162999986, 33.278658323 ], [ 35.427479077999976, 33.276889695000023 ], [ 35.429201181, 33.272258317000023 ], [ 35.426148542000021, 33.272069612999985 ], [ 35.425260047999984, 33.268064040000013 ], [ 35.420108382000024, 33.271366783000019 ], [ 35.416676433000021, 33.270774236000022 ], [ 35.416069390000018, 33.269316275999984 ], [ 35.421058936, 33.265737168999976 ], [ 35.417210313, 33.264385602 ], [ 35.410789485, 33.259580228 ], [ 35.412107371, 33.258570578 ], [ 35.411736583, 33.255627297999979 ], [ 35.415678438999976, 33.248333882999987 ], [ 35.416553083999986, 33.242489063999983 ], [ 35.413297729000021, 33.241602037 ], [ 35.411548886999981, 33.2389382 ], [ 35.407891791, 33.237351247999982 ], [ 35.404829555999981, 33.239548429000024 ], [ 35.404099617999975, 33.242005697000025 ], [ 35.399794805999989, 33.242575099000021 ], [ 35.395388743000012, 33.249760283 ], [ 35.391437071999974, 33.24710411 ], [ 35.387812087999976, 33.242435151999985 ], [ 35.386091008999983, 33.237015563 ], [ 35.386958839999977, 33.231230020999988 ], [ 35.385452167999972, 33.226922251000019 ], [ 35.376898939, 33.225330432000021 ], [ 35.368615513, 33.22687154800002 ], [ 35.360644921000016, 33.222600659000022 ], [ 35.357783396, 33.218651916 ], [ 35.358720069000015, 33.21625006 ], [ 35.361454103000028, 33.214526648 ], [ 35.365790370000013, 33.214918822000016 ], [ 35.37661006899998, 33.211180829999989 ], [ 35.379847091999977, 33.207806914 ], [ 35.379152660999978, 33.206680618 ], [ 35.374088192999977, 33.205047476 ], [ 35.371562542, 33.208260005 ], [ 35.370727500999976, 33.205484434000027 ], [ 35.364483523999979, 33.206238685000017 ], [ 35.363276532999976, 33.202503055000022 ], [ 35.364562514, 33.201842194999983 ], [ 35.363773749000018, 33.198949108000022 ], [ 35.354565923, 33.197747189999973 ], [ 35.342472736, 33.199959765000017 ], [ 35.342602434000014, 33.197272344 ], [ 35.348877426, 33.193580333999989 ], [ 35.349080641, 33.189294849000021 ], [ 35.346208935, 33.184623742999975 ], [ 35.332912906, 33.171423764 ], [ 35.329880103999983, 33.171151855 ], [ 35.324902375000022, 33.174936794000018 ], [ 35.320392584999979, 33.17556241 ], [ 35.314614506, 33.178756954 ], [ 35.313085888999979, 33.178054853 ], [ 35.315451371999984, 33.171065500999987 ], [ 35.320853560999979, 33.167814998999972 ], [ 35.322739037000019, 33.165301613 ], [ 35.317786072, 33.162610334000021 ], [ 35.310830615999976, 33.161712681999973 ], [ 35.310303590999979, 33.155395408 ], [ 35.302635603999988, 33.144406872 ], [ 35.298920872999986, 33.12898151600001 ], [ 35.303388297000026, 33.11124378300002 ], [ 35.296322112999974, 33.107038424999985 ], [ 35.294639177000022, 33.108060943999988 ], [ 35.288082061000011, 33.105795259 ], [ 35.281358907000026, 33.101212149999981 ], [ 35.269564483000011, 33.099992312999973 ], [ 35.237908049999987, 33.092131097999982 ], [ 35.230455909, 33.094276546 ], [ 35.226556857999981, 33.098531679000018 ], [ 35.211794261000023, 33.09980224100002 ], [ 35.206779080999979, 33.094272443000023 ], [ 35.20849820799998, 33.090838211 ], [ 35.206860332000019, 33.088332200000025 ], [ 35.20015994, 33.087625686000024 ], [ 35.19311350800001, 33.085137227000018 ], [ 35.190101077, 33.089249527 ], [ 35.185689551, 33.089499519000015 ], [ 35.178009439, 33.093871192 ], [ 35.172002233, 33.093318717999978 ], [ 35.170050193, 33.091164430999982 ], [ 35.15537064, 33.08591508 ], [ 35.155823482000017, 33.091449867999984 ], [ 35.135116402999984, 33.091070474 ], [ 35.103779181999982, 33.094083352999974 ], [ 35.106985775999988, 33.104796381000028 ], [ 35.111560339, 33.109808766000015 ], [ 35.112865014000022, 33.113030413999979 ], [ 35.115949050999973, 33.115437865999979 ], [ 35.130332071999987, 33.120583425 ], [ 35.135712952, 33.125204165000014 ], [ 35.142858319000027, 33.126183468000022 ], [ 35.142867815999978, 33.128009003999978 ], [ 35.144917847999977, 33.126577042 ], [ 35.146461613999975, 33.12994784 ], [ 35.149847663, 33.131703938999976 ], [ 35.153500607000012, 33.137962338000023 ], [ 35.155112541, 33.144056606 ], [ 35.158232758999986, 33.14529029 ], [ 35.157522649999976, 33.147393309999984 ], [ 35.159149257000024, 33.152413968000019 ], [ 35.164919979, 33.158879363999972 ], [ 35.166829388, 33.164080362 ], [ 35.168588537, 33.165186071 ], [ 35.177681243999984, 33.164658354999972 ], [ 35.18714882, 33.171713231000012 ], [ 35.190344955, 33.178834042 ], [ 35.191749849000018, 33.179384158 ], [ 35.194681042000013, 33.188027291000026 ], [ 35.195899450000013, 33.197081264000019 ], [ 35.203336799999988, 33.200423527 ], [ 35.206063175999986, 33.207129844 ], [ 35.21156709600001, 33.229861802000016 ], [ 35.210860321999974, 33.231997084 ], [ 35.212425237, 33.243180833999986 ], [ 35.211742400999981, 33.253406058 ], [ 35.208777753999982, 33.260607984999979 ], [ 35.207036405, 33.262080441000023 ], [ 35.206098164000025, 33.260989911000024 ], [ 35.205395721, 33.261812543000019 ], [ 35.206683686000019, 33.26255134500002 ], [ 35.205653313000028, 33.263988784999981 ], [ 35.204656422000028, 33.262968791 ], [ 35.20338963, 33.265893279000011 ], [ 35.200767836000011, 33.267349973000023 ], [ 35.197313424000015, 33.26802821299998 ], [ 35.190808498000024, 33.26694769300002 ], [ 35.191820598999982, 33.26955264999998 ], [ 35.190321007000023, 33.271554290999973 ], [ 35.192081170999984, 33.274962394 ], [ 35.190284924000025, 33.275216600000022 ], [ 35.193637192999972, 33.276338611000028 ], [ 35.198126926999976, 33.275177813000028 ], [ 35.194886689999976, 33.275239315000022 ], [ 35.19628233200001, 33.273975619999987 ], [ 35.197908747999975, 33.274815967999984 ], [ 35.199120693, 33.272952423 ], [ 35.201825504, 33.272714275 ], [ 35.209461637, 33.27633416499998 ], [ 35.218017013, 33.287510613 ], [ 35.218006354000011, 33.293607588999976 ], [ 35.220497001000012, 33.298543553 ], [ 35.223115176000022, 33.309757874000013 ], [ 35.225912560999973, 33.311549287 ], [ 35.227637341, 33.310768186000018 ], [ 35.229028789999973, 33.313095533000023 ], [ 35.227298621999978, 33.314091193000024 ], [ 35.232034361999979, 33.31566598 ], [ 35.233165467999982, 33.317923742 ], [ 35.232649668000022, 33.322919277999972 ], [ 35.237156269000025, 33.324585242000012 ], [ 35.241520821, 33.328551435 ], [ 35.24350747699998, 33.334420774000023 ], [ 35.244988721000027, 33.334303436000027 ], [ 35.244433257000026, 33.335744588000011 ], [ 35.243753465999987, 33.334893930000021 ], [ 35.244809434999979, 33.338643110000021 ], [ 35.250790051000024, 33.339773219999984 ] ] ] } }
]
}
