{
"type": "FeatureCollection",
"name": "lebanon-settlements",
"crs": { "type": "name", "properties": { "name": "urn:ogc:def:crs:OGC:1.3:CRS84" } },
"features": [
{ "type": "Feature", "properties": { "name_en": "Raoucheh", "name_ar": "روشه", "place_type": "village", "unique_id": "CAS_LBN11087", "district": "Beirut", "governorate": "Beirut" }, "geometry": { "type": "Point", "coordinates": [ 35.4734, 33.8877 ] } },
{ "type": "Feature", "properties": { "name_en": "Ain El Tine", "name_ar": "عين التينة", "place_type": "village", "unique_id": "CAS_LBN11004", "district": "Beirut", "governorate": "Beirut" }, "geometry": { "type": "Point", "coordinates": [ 35.474884, 33.887895 ] } },
{ "type": "Feature", "properties": { "name_en": "Qoraitem", "name_ar": "قريطم", "place_type": "village", "unique_id": "CAS_LBN11045", "district": "Beirut", "governorate": "Beirut" }, "geometry": { "type": "Point", "coordinates": [ 35.476941, 33.891766 ] } },
{ "type": "Feature", "properties": { "name_en": "Manara", "name_ar": "المنارة", "place_type": "village", "unique_id": "CAS_LBN11078", "district": "Beirut", "governorate": "Beirut" }, "geometry": { "type": "Point", "coordinates": [ 35.4713, 33.8929 ] } },
{ "type": "Feature", "properties": { "name_en": "El Manara", "name_ar": "منارة", "place_type": "village", "unique_id": "CAS_LBN11020", "district": "Beirut", "governorate": "Beirut" }, "geometry": { "type": "Point", "coordinates": [ 35.471631, 33.897569 ] } },
{ "type": "Feature", "properties": { "name_en": "بلس بلازا 1", "name_ar": "بلس بلازا 1", "place_type": "village", "unique_id": "OSM_node/10046808524", "district": "Beirut", "governorate": "Beirut" }, "geometry": { "type": "Point", "coordinates": [ 35.476453, 33.897897199999989 ] } },
{ "type": "Feature", "properties": { "name_en": "Universite Americaine", "name_ar": "الجامعة الاميركية", "place_type": "village", "unique_id": "CAS_LBN11056", "district": "Beirut", "governorate": "Beirut" }, "geometry": { "type": "Point", "coordinates": [ 35.477803, 33.900805 ] } },
{ "type": "Feature", "properties": { "name_en": "Ras Beirut", "name_ar": "راس بيروت", "place_type": "village", "unique_id": "CAS_LBN11047", "district": "Beirut", "governorate": "Beirut" }, "geometry": { "type": "Point", "coordinates": [ 35.478189, 33.894594 ] } },
{ "type": "Feature", "properties": { "name_en": "El Hamra", "name_ar": "حمرا", "place_type": "village", "unique_id": "CAS_LBN11018", "district": "Beirut", "governorate": "Beirut" }, "geometry": { "type": "Point", "coordinates": [ 35.481959, 33.896312 ] } },
{ "type": "Feature", "properties": { "name_en": "Ramlet el Bayda", "name_ar": "الرملة البيضا", "place_type": "village", "unique_id": "CAS_LBN11091", "district": "Beirut", "governorate": "Beirut" }, "geometry": { "type": "Point", "coordinates": [ 35.481987, 33.871411 ] } },
{ "type": "Feature", "properties": { "name_en": "Snoubra", "name_ar": "صنوبره", "place_type": "village", "unique_id": "CAS_LBN11089", "district": "Beirut", "governorate": "Beirut" }, "geometry": { "type": "Point", "coordinates": [ 35.4844, 33.8929 ] } },
{ "type": "Feature", "properties": { "name_en": "Unesco", "name_ar": "الاونسكو", "place_type": "village", "unique_id": "CAS_LBN11055", "district": "Beirut", "governorate": "Beirut" }, "geometry": { "type": "Point", "coordinates": [ 35.485084, 33.881108 ] } },
{ "type": "Feature", "properties": { "name_en": "Ain Mreisse", "name_ar": "عين المريسه", "place_type": "village", "unique_id": "CAS_LBN11003", "district": "Beirut", "governorate": "Beirut" }, "geometry": { "type": "Point", "coordinates": [ 35.485097, 33.900039 ] } },
{ "type": "Feature", "properties": { "name_en": "Tallet Druze", "name_ar": "تلة الدروز", "place_type": "village", "unique_id": "CAS_LBN11090", "district": "Beirut", "governorate": "Beirut" }, "geometry": { "type": "Point", "coordinates": [ 35.4852, 33.8902 ] } },
{ "type": "Feature", "properties": { "name_en": "Tallet el Khayat", "name_ar": "تلة الخياط", "place_type": "village", "unique_id": "CAS_LBN11053", "district": "Beirut", "governorate": "Beirut" }, "geometry": { "type": "Point", "coordinates": [ 35.487021, 33.884993 ] } },
{ "type": "Feature", "properties": { "name_en": "Dar Al Fatwa", "name_ar": "دارالفتوى", "place_type": "village", "unique_id": "CAS_LBN11013", "district": "Beirut", "governorate": "Beirut" }, "geometry": { "type": "Point", "coordinates": [ 35.488312, 33.887658 ] } },
{ "type": "Feature", "properties": { "name_en": "Sanayeh", "name_ar": "الصنائع", "place_type": "village", "unique_id": "CAS_LBN11051", "district": "Beirut", "governorate": "Beirut" }, "geometry": { "type": "Point", "coordinates": [ 35.489636, 33.893361 ] } },
{ "type": "Feature", "properties": { "name_en": "Jounblat", "name_ar": "جنبلاط", "place_type": "village", "unique_id": "CAS_LBN11030", "district": "Beirut", "governorate": "Beirut" }, "geometry": { "type": "Point", "coordinates": [ 35.490426, 33.898622 ] } },
{ "type": "Feature", "properties": { "name_en": "El Zarif", "name_ar": "ظريف", "place_type": "village", "unique_id": "CAS_LBN11026", "district": "Beirut", "governorate": "Beirut" }, "geometry": { "type": "Point", "coordinates": [ 35.491177, 33.890825 ] } },
{ "type": "Feature", "properties": { "name_en": "El Wata", "name_ar": "الوطى", "place_type": "village", "unique_id": "CAS_LBN11021", "district": "Beirut", "governorate": "Beirut" }, "geometry": { "type": "Point", "coordinates": [ 35.491269, 33.879037 ] } },
{ "type": "Feature", "properties": { "name_en": "Mar Elias", "name_ar": "مار الياس", "place_type": "village", "unique_id": "CAS_LBN11032", "district": "Beirut", "governorate": "Beirut" }, "geometry": { "type": "Point", "coordinates": [ 35.491534, 33.882305 ] } },
{ "type": "Feature", "properties": { "name_en": "Moussaitbe", "name_ar": "مصيطبة", "place_type": "village", "unique_id": "CAS_LBN11040", "district": "Beirut", "governorate": "Beirut" }, "geometry": { "type": "Point", "coordinates": [ 35.493108, 33.884142 ] } },
{ "type": "Feature", "properties": { "name_en": "Minet el Hosn", "name_ar": "مينا الحصن", "place_type": "village", "unique_id": "CAS_LBN11039", "district": "Beirut", "governorate": "Beirut" }, "geometry": { "type": "Point", "coordinates": [ 35.495529, 33.89963 ] } },
{ "type": "Feature", "properties": { "name_en": "Qantari", "name_ar": "قنطاري", "place_type": "village", "unique_id": "CAS_LBN11044", "district": "Beirut", "governorate": "Beirut" }, "geometry": { "type": "Point", "coordinates": [ 35.49561, 33.89534 ] } },
{ "type": "Feature", "properties": { "name_en": "Jamia", "name_ar": "الجامعة", "place_type": "village", "unique_id": "CAS_LBN11071", "district": "Beirut", "governorate": "Beirut" }, "geometry": { "type": "Point", "coordinates": [ 35.496, 33.877 ] } },
{ "type": "Feature", "properties": { "name_en": "Patriarcat", "name_ar": "بطركية", "place_type": "village", "unique_id": "CAS_LBN11086", "district": "Beirut", "governorate": "Beirut" }, "geometry": { "type": "Point", "coordinates": [ 35.4968, 33.8911 ] } },
{ "type": "Feature", "properties": { "name_en": "Al Hikmat", "name_ar": "حكمة", "place_type": "village", "unique_id": "CAS_LBN11059", "district": "Beirut", "governorate": "Beirut" }, "geometry": { "type": "Point", "coordinates": [ 35.4977, 33.885 ] } },
{ "type": "Feature", "properties": { "name_en": "Zoqaq el Blat", "name_ar": "زقاق البلاط", "place_type": "village", "unique_id": "CAS_LBN11058", "district": "Beirut", "governorate": "Beirut" }, "geometry": { "type": "Point", "coordinates": [ 35.497924, 33.891806 ] } },
{ "type": "Feature", "properties": { "name_en": "Bourj Abi Haidar", "name_ar": "برج أبو حيدر", "place_type": "village", "unique_id": "CAS_LBN11010", "district": "Beirut", "governorate": "Beirut" }, "geometry": { "type": "Point", "coordinates": [ 35.498565, 33.882855 ] } },
{ "type": "Feature", "properties": { "name_en": "Bab Idriss", "name_ar": "باب إدريس", "place_type": "village", "unique_id": "CAS_LBN11005", "district": "Beirut", "governorate": "Beirut" }, "geometry": { "type": "Point", "coordinates": [ 35.498826, 33.899034 ] } },
{ "type": "Feature", "properties": { "name_en": "Grand Serail", "name_ar": "سراي الكبير", "place_type": "village", "unique_id": "CAS_LBN11028", "district": "Beirut", "governorate": "Beirut" }, "geometry": { "type": "Point", "coordinates": [ 35.49912, 33.895916 ] } },
{ "type": "Feature", "properties": { "name_en": "Beirut", "name_ar": "بيروت", "place_type": "city", "unique_id": "CAS_LBN11009", "district": "Beirut", "governorate": "Beirut" }, "geometry": { "type": "Point", "coordinates": [ 35.500906, 33.888167 ] } },
{ "type": "Feature", "properties": { "name_en": "Basta Faouka", "name_ar": "بسطا الفوقا", "place_type": "village", "unique_id": "CAS_LBN11007", "district": "Beirut", "governorate": "Beirut" }, "geometry": { "type": "Point", "coordinates": [ 35.501487, 33.883405 ] } },
{ "type": "Feature", "properties": { "name_en": "Malaab", "name_ar": "ملعب", "place_type": "village", "unique_id": "CAS_LBN11077", "district": "Beirut", "governorate": "Beirut" }, "geometry": { "type": "Point", "coordinates": [ 35.5015, 33.8757 ] } },
{ "type": "Feature", "properties": { "name_en": "Tariq El Jdide", "name_ar": "طريق الجديدة", "place_type": "village", "unique_id": "CAS_LBN11054", "district": "Beirut", "governorate": "Beirut" }, "geometry": { "type": "Point", "coordinates": [ 35.502193, 33.873788 ] } },
{ "type": "Feature", "properties": { "name_en": "Basta Tahta", "name_ar": "بسطا التحتا", "place_type": "village", "unique_id": "CAS_LBN11060", "district": "Beirut", "governorate": "Beirut" }, "geometry": { "type": "Point", "coordinates": [ 35.502618, 33.889023 ] } },
{ "type": "Feature", "properties": { "name_en": "Bachoura", "name_ar": "باشورة", "place_type": "village", "unique_id": "CAS_LBN11006", "district": "Beirut", "governorate": "Beirut" }, "geometry": { "type": "Point", "coordinates": [ 35.5029, 33.890572 ] } },
{ "type": "Feature", "properties": { "name_en": "Mazraa", "name_ar": "المزرعة", "place_type": "village", "unique_id": "CAS_LBN11037", "district": "Beirut", "governorate": "Beirut" }, "geometry": { "type": "Point", "coordinates": [ 35.502908, 33.878703 ] } },
{ "type": "Feature", "properties": { "name_en": "El Majidiye Beirut", "name_ar": "مجيدية (بيروت)", "place_type": "village", "unique_id": "CAS_LBN11019", "district": "Beirut", "governorate": "Beirut" }, "geometry": { "type": "Point", "coordinates": [ 35.503514, 33.899046 ] } },
{ "type": "Feature", "properties": { "name_en": "Place de l'Etoile", "name_ar": "ساحة النجمة", "place_type": "village", "unique_id": "CAS_LBN11042", "district": "Beirut", "governorate": "Beirut" }, "geometry": { "type": "Point", "coordinates": [ 35.503889, 33.896434 ] } },
{ "type": "Feature", "properties": { "name_en": "El Aamliye", "name_ar": "عاملية", "place_type": "village", "unique_id": "CAS_LBN11016", "district": "Beirut", "governorate": "Beirut" }, "geometry": { "type": "Point", "coordinates": [ 35.503897, 33.882933 ] } },
{ "type": "Feature", "properties": { "name_en": "El Horge", "name_ar": "حرش", "place_type": "village", "unique_id": "CAS_LBN11064", "district": "Beirut", "governorate": "Beirut" }, "geometry": { "type": "Point", "coordinates": [ 35.51, 33.871 ] } },
{ "type": "Feature", "properties": { "name_en": "Parc", "name_ar": "سباق الخيل", "place_type": "village", "unique_id": "CAS_LBN11085", "district": "Beirut", "governorate": "Beirut" }, "geometry": { "type": "Point", "coordinates": [ 35.5129, 33.8733 ] } },
{ "type": "Feature", "properties": { "name_en": "Champ de courses", "name_ar": "ميدان سباق الخيل", "place_type": "village", "unique_id": "CAS_LBN11011", "district": "Beirut", "governorate": "Beirut" }, "geometry": { "type": "Point", "coordinates": [ 35.509438, 33.876949 ] } },
{ "type": "Feature", "properties": { "name_en": "Palais De Justice", "name_ar": "قصر العدل", "place_type": "village", "unique_id": "CAS_LBN11084", "district": "Beirut", "governorate": "Beirut" }, "geometry": { "type": "Point", "coordinates": [ 35.519391860999974, 33.878062680000028 ] } },
{ "type": "Feature", "properties": { "name_en": "Najmeh", "name_ar": "النجمة", "place_type": "village", "unique_id": "CAS_LBN11082", "district": "Beirut", "governorate": "Beirut" }, "geometry": { "type": "Point", "coordinates": [ 35.5148, 33.8783 ] } },
{ "type": "Feature", "properties": { "name_en": "Aadlyeh", "name_ar": "العدلية", "place_type": "village", "unique_id": "CAS_LBN11001", "district": "Beirut", "governorate": "Beirut" }, "geometry": { "type": "Point", "coordinates": [ 35.520618173, 33.879239989999974 ] } },
{ "type": "Feature", "properties": { "name_en": "Hotel Dieu", "name_ar": "اوتيل ديو", "place_type": "village", "unique_id": "CAS_LBN11029", "district": "Beirut", "governorate": "Beirut" }, "geometry": { "type": "Point", "coordinates": [ 35.518346, 33.881238 ] } },
{ "type": "Feature", "properties": { "name_en": "Ras El Nabaa", "name_ar": "راس النبع", "place_type": "village", "unique_id": "CAS_LBN11048", "district": "Beirut", "governorate": "Beirut" }, "geometry": { "type": "Point", "coordinates": [ 35.506863, 33.881453 ] } },
{ "type": "Feature", "properties": { "name_en": "Corniche El Naher", "name_ar": "كورنيش النهر", "place_type": "village", "unique_id": "CAS_LBN11062", "district": "Beirut", "governorate": "Beirut" }, "geometry": { "type": "Point", "coordinates": [ 35.525426, 33.88168 ] } },
{ "type": "Feature", "properties": { "name_en": "Sioufi", "name_ar": "السيوفي", "place_type": "village", "unique_id": "CAS_LBN11088", "district": "Beirut", "governorate": "Beirut" }, "geometry": { "type": "Point", "coordinates": [ 35.5268, 33.8838 ] } },
{ "type": "Feature", "properties": { "name_en": "Nasra", "name_ar": "الناصرة", "place_type": "village", "unique_id": "CAS_LBN11083", "district": "Beirut", "governorate": "Beirut" }, "geometry": { "type": "Point", "coordinates": [ 35.5117, 33.8851 ] } },
{ "type": "Feature", "properties": { "name_en": "Achrafiye", "name_ar": "الاشرفية", "place_type": "village", "unique_id": "CAS_LBN11002", "district": "Beirut", "governorate": "Beirut" }, "geometry": { "type": "Point", "coordinates": [ 35.519117, 33.885175 ] } },
{ "type": "Feature", "properties": { "name_en": "El Ghabe", "name_ar": "غابي", "place_type": "village", "unique_id": "CAS_LBN11017", "district": "Beirut", "governorate": "Beirut" }, "geometry": { "type": "Point", "coordinates": [ 35.524943, 33.887586 ] } },
{ "type": "Feature", "properties": { "name_en": "Fourn el Hayek", "name_ar": "فرن الحايك", "place_type": "village", "unique_id": "CAS_LBN11027", "district": "Beirut", "governorate": "Beirut" }, "geometry": { "type": "Point", "coordinates": [ 35.512327, 33.889315 ] } },
{ "type": "Feature", "properties": { "name_en": "Universite St Joseph", "name_ar": "جامعة القديس يوسف", "place_type": "village", "unique_id": "CAS_LBN11057", "district": "Beirut", "governorate": "Beirut" }, "geometry": { "type": "Point", "coordinates": [ 35.508758, 33.890644 ] } },
{ "type": "Feature", "properties": { "name_en": "Mar Mitr", "name_ar": "مار متر", "place_type": "village", "unique_id": "CAS_LBN11034", "district": "Beirut", "governorate": "Beirut" }, "geometry": { "type": "Point", "coordinates": [ 35.520098, 33.890694 ] } },
{ "type": "Feature", "properties": { "name_en": "Saife", "name_ar": "صيفي", "place_type": "village", "unique_id": "CAS_LBN11050", "district": "Beirut", "governorate": "Beirut" }, "geometry": { "type": "Point", "coordinates": [ 35.507786, 33.891517 ] } },
{ "type": "Feature", "properties": { "name_en": "Mar Nqoula", "name_ar": "مار نقولا", "place_type": "village", "unique_id": "CAS_LBN11036", "district": "Beirut", "governorate": "Beirut" }, "geometry": { "type": "Point", "coordinates": [ 35.514845, 33.892174 ] } },
{ "type": "Feature", "properties": { "name_en": "Mar Maroun", "name_ar": "مار مارون", "place_type": "village", "unique_id": "CAS_LBN11033", "district": "Beirut", "governorate": "Beirut" }, "geometry": { "type": "Point", "coordinates": [ 35.508838, 33.892544 ] } },
{ "type": "Feature", "properties": { "name_en": "La Sagesse", "name_ar": "الحكمة", "place_type": "village", "unique_id": "CAS_LBN11031", "district": "Beirut", "governorate": "Beirut" }, "geometry": { "type": "Point", "coordinates": [ 35.521509, 33.892968 ] } },
{ "type": "Feature", "properties": { "name_en": "Moustachfa er Roum", "name_ar": "مستشفى الروم", "place_type": "village", "unique_id": "CAS_LBN11041", "district": "Beirut", "governorate": "Beirut" }, "geometry": { "type": "Point", "coordinates": [ 35.523009, 33.893743 ] } },
{ "type": "Feature", "properties": { "name_en": "Remeil", "name_ar": "رميل", "place_type": "village", "unique_id": "CAS_LBN11049", "district": "Beirut", "governorate": "Beirut" }, "geometry": { "type": "Point", "coordinates": [ 35.517292, 33.894665 ] } },
{ "type": "Feature", "properties": { "name_en": "Ej Jeitaoui", "name_ar": "جعيتاوي", "place_type": "village", "unique_id": "CAS_LBN11014", "district": "Beirut", "governorate": "Beirut" }, "geometry": { "type": "Point", "coordinates": [ 35.526921, 33.894887 ] } },
{ "type": "Feature", "properties": { "name_en": "Gemmayze", "name_ar": "جميزة", "place_type": "village", "unique_id": "CAS_LBN11066", "district": "Beirut", "governorate": "Beirut" }, "geometry": { "type": "Point", "coordinates": [ 35.5095, 33.8951 ] } },
{ "type": "Feature", "properties": { "name_en": "Qobaiyat", "name_ar": "قبيات", "place_type": "village", "unique_id": "CAS_LBN11022", "district": "Beirut", "governorate": "Beirut" }, "geometry": { "type": "Point", "coordinates": [ 35.529177, 33.896162 ] } },
{ "type": "Feature", "properties": { "name_en": "Mar Mkhayel", "name_ar": "مار مخايل", "place_type": "village", "unique_id": "CAS_LBN11035", "district": "Beirut", "governorate": "Beirut" }, "geometry": { "type": "Point", "coordinates": [ 35.519892, 33.896461 ] } },
{ "type": "Feature", "properties": { "name_en": "Medouar", "name_ar": "مدور", "place_type": "village", "unique_id": "CAS_LBN11038", "district": "Beirut", "governorate": "Beirut" }, "geometry": { "type": "Point", "coordinates": [ 35.527267, 33.898147 ] } },
{ "type": "Feature", "properties": { "name_en": "Marfaa", "name_ar": "مرفأ", "place_type": "village", "unique_id": "CAS_LBN11081", "district": "Beirut", "governorate": "Beirut" }, "geometry": { "type": "Point", "coordinates": [ 35.5124, 33.8989 ] } },
{ "type": "Feature", "properties": { "name_en": "Khodr", "name_ar": "الخضر", "place_type": "village", "unique_id": "CAS_LBN11074", "district": "Beirut", "governorate": "Beirut" }, "geometry": { "type": "Point", "coordinates": [ 35.5312, 33.9021 ] } },
{ "type": "Feature", "properties": { "name_en": "Jisr", "name_ar": "جسر", "place_type": "village", "unique_id": "CAS_LBN11072", "district": "Beirut", "governorate": "Beirut" }, "geometry": { "type": "Point", "coordinates": [ 35.5371, 33.9029 ] } },
{ "type": "Feature", "properties": { "name_en": "Beirut Central District", "name_ar": "وسط بيروت", "place_type": "village", "unique_id": "CAS_LBN11061", "district": "Beirut", "governorate": "Beirut" }, "geometry": { "type": "Point", "coordinates": [ 35.5063, 33.9052 ] } },
{ "type": "Feature", "properties": { "name_en": "Tamnine El Faouqa", "name_ar": "تمنين الفوقا", "place_type": "village", "unique_id": "CAS_LBN21161", "district": "Baalbek", "governorate": "Baalbek-El Hermel" }, "geometry": { "type": "Point", "coordinates": [ 35.978117, 33.904239 ] } },
{ "type": "Feature", "properties": { "name_en": "Qsarnaba", "name_ar": "قصرنابا", "place_type": "village", "unique_id": "CAS_LBN21141", "district": "Baalbek", "governorate": "Baalbek-El Hermel" }, "geometry": { "type": "Point", "coordinates": [ 35.989208, 33.912983 ] } },
{ "type": "Feature", "properties": { "name_en": "Tammine et Tahta", "name_ar": "تمنين التحتا", "place_type": "village", "unique_id": "CAS_LBN21160", "district": "Baalbek", "governorate": "Baalbek-El Hermel" }, "geometry": { "type": "Point", "coordinates": [ 35.989975, 33.883386 ] } },
{ "type": "Feature", "properties": { "name_en": "El Laouze", "name_ar": "اللوزة", "place_type": "village", "unique_id": "CAS_LBN21038", "district": "Baalbek", "governorate": "Baalbek-El Hermel" }, "geometry": { "type": "Point", "coordinates": [ 35.99807, 33.903396 ] } },
{ "type": "Feature", "properties": { "name_en": "Bednayel", "name_ar": "بدنايل", "place_type": "village", "unique_id": "CAS_LBN21014", "district": "Baalbek", "governorate": "Baalbek-El Hermel" }, "geometry": { "type": "Point", "coordinates": [ 36.004383, 33.918703 ] } },
{ "type": "Feature", "properties": { "name_en": "Bednayel", "name_ar": "بدنايل", "place_type": "village", "unique_id": "OSM_node/7504527880", "district": "Baalbek", "governorate": "Baalbek-El Hermel" }, "geometry": { "type": "Point", "coordinates": [ 36.0069234, 33.913830800000028 ] } },
{ "type": "Feature", "properties": { "name_en": "Masnaa", "name_ar": "المصنع", "place_type": "village", "unique_id": "CAS_LBN21087", "district": "Baalbek", "governorate": "Baalbek-El Hermel" }, "geometry": { "type": "Point", "coordinates": [ 36.008817, 33.909972 ] } },
{ "type": "Feature", "properties": { "name_en": "Beit Chama", "name_ar": "بيت شاما", "place_type": "village", "unique_id": "CAS_LBN21015", "district": "Baalbek", "governorate": "Baalbek-El Hermel" }, "geometry": { "type": "Point", "coordinates": [ 36.022671, 33.925238 ] } },
{ "type": "Feature", "properties": { "name_en": "Mazraat al Takch", "name_ar": "مزرعة بيت طقش", "place_type": "village", "unique_id": "CAS_LBN21091", "district": "Baalbek", "governorate": "Baalbek-El Hermel" }, "geometry": { "type": "Point", "coordinates": [ 36.034556, 33.928906 ] } },
{ "type": "Feature", "properties": { "name_en": "Houch Er Rafqa", "name_ar": "حوش الرافقة", "place_type": "village", "unique_id": "CAS_LBN21063", "district": "Baalbek", "governorate": "Baalbek-El Hermel" }, "geometry": { "type": "Point", "coordinates": [ 36.040967, 33.918628 ] } },
{ "type": "Feature", "properties": { "name_en": "Kfar Dane", "name_ar": "كفر دان", "place_type": "village", "unique_id": "CAS_LBN21072", "district": "Baalbek", "governorate": "Baalbek-El Hermel" }, "geometry": { "type": "Point", "coordinates": [ 36.045283, 34.0113 ] } },
{ "type": "Feature", "properties": { "name_en": "Mathanet Mousrayeh", "name_ar": "مطحنة مصراية", "place_type": "village", "unique_id": "CAS_LBN21089", "district": "Baalbek", "governorate": "Baalbek-El Hermel" }, "geometry": { "type": "Point", "coordinates": [ 36.048709, 33.920693 ] } },
{ "type": "Feature", "properties": { "name_en": "Mazraat Ed Dallil", "name_ar": "مزرعة الضليل", "place_type": "village", "unique_id": "CAS_LBN21094", "district": "Baalbek", "governorate": "Baalbek-El Hermel" }, "geometry": { "type": "Point", "coordinates": [ 36.049957, 34.040755 ] } },
{ "type": "Feature", "properties": { "name_en": "Haouch Snaid", "name_ar": "حوش سنيد", "place_type": "village", "unique_id": "CAS_LBN21053", "district": "Baalbek", "governorate": "Baalbek-El Hermel" }, "geometry": { "type": "Point", "coordinates": [ 36.065667, 33.941225 ] } },
{ "type": "Feature", "properties": { "name_en": "Haouch En Nabi", "name_ar": "حوش النبي", "place_type": "village", "unique_id": "CAS_LBN21052", "district": "Baalbek", "governorate": "Baalbek-El Hermel" }, "geometry": { "type": "Point", "coordinates": [ 36.066659, 33.930251 ] } },
{ "type": "Feature", "properties": { "name_en": "Haouch Snaid", "name_ar": "حوش سنيد", "place_type": "village", "unique_id": "OSM_node/12292316601", "district": "Baalbek", "governorate": "Baalbek-El Hermel" }, "geometry": { "type": "Point", "coordinates": [ 36.067042300000026, 33.926678700000025 ] } },
{ "type": "Feature", "properties": { "name_en": "Mazraat Al Souaydane", "name_ar": "مزرعة آل سويدان", "place_type": "village", "unique_id": "CAS_LBN21191", "district": "Baalbek", "governorate": "Baalbek-El Hermel" }, "geometry": { "type": "Point", "coordinates": [ 36.067628, 33.977151 ] } },
{ "type": "Feature", "properties": { "name_en": "Freij", "name_ar": "فريج", "place_type": "village", "unique_id": "CAS_LBN21045", "district": "Baalbek", "governorate": "Baalbek-El Hermel" }, "geometry": { "type": "Point", "coordinates": [ 36.072261, 33.942444 ] } },
{ "type": "Feature", "properties": { "name_en": "Saidet ed Dalil", "name_ar": "سيدة الضليل", "place_type": "village", "unique_id": "CAS_LBN21149", "district": "Baalbek", "governorate": "Baalbek-El Hermel" }, "geometry": { "type": "Point", "coordinates": [ 36.075808, 34.031873 ] } },
{ "type": "Feature", "properties": { "name_en": "Saraain et Tahta", "name_ar": "سرعين التحتا", "place_type": "village", "unique_id": "CAS_LBN21151", "district": "Baalbek", "governorate": "Baalbek-El Hermel" }, "geometry": { "type": "Point", "coordinates": [ 36.077722, 33.879869 ] } },
{ "type": "Feature", "properties": { "name_en": "Sifri", "name_ar": "سفري", "place_type": "village", "unique_id": "CAS_LBN21153", "district": "Baalbek", "governorate": "Baalbek-El Hermel" }, "geometry": { "type": "Point", "coordinates": [ 36.079004, 33.92202 ] } },
{ "type": "Feature", "properties": { "name_en": "Saaide", "name_ar": "سعيدة", "place_type": "village", "unique_id": "CAS_LBN21147", "district": "Baalbek", "governorate": "Baalbek-El Hermel" }, "geometry": { "type": "Point", "coordinates": [ 36.0806, 34.025928 ] } },
{ "type": "Feature", "properties": { "name_en": "Mrah ej Jeddaoui", "name_ar": "مراح الجداوي", "place_type": "village", "unique_id": "CAS_LBN21112", "district": "Baalbek", "governorate": "Baalbek-El Hermel" }, "geometry": { "type": "Point", "coordinates": [ 36.049273, 34.074201 ] } },
{ "type": "Feature", "properties": { "name_en": "Mrah el Blata", "name_ar": "مراح البلاطة", "place_type": "village", "unique_id": "CAS_LBN21118", "district": "Baalbek", "governorate": "Baalbek-El Hermel" }, "geometry": { "type": "Point", "coordinates": [ 36.055275, 34.075736 ] } },
{ "type": "Feature", "properties": { "name_en": "Mrah ech Chmis", "name_ar": "مراح الشميس", "place_type": "village", "unique_id": "CAS_LBN21109", "district": "Baalbek", "governorate": "Baalbek-El Hermel" }, "geometry": { "type": "Point", "coordinates": [ 36.044925, 34.077857 ] } },
{ "type": "Feature", "properties": { "name_en": "Hfayer", "name_ar": "حفاير", "place_type": "village", "unique_id": "CAS_LBN21060", "district": "Baalbek", "governorate": "Baalbek-El Hermel" }, "geometry": { "type": "Point", "coordinates": [ 36.070088, 34.078957 ] } },
{ "type": "Feature", "properties": { "name_en": "Flaoui", "name_ar": "فلاوي", "place_type": "village", "unique_id": "CAS_LBN21044", "district": "Baalbek", "governorate": "Baalbek-El Hermel" }, "geometry": { "type": "Point", "coordinates": [ 36.056705, 34.082556 ] } },
{ "type": "Feature", "properties": { "name_en": "Chlifa", "name_ar": "شليفا", "place_type": "village", "unique_id": "CAS_LBN21027", "district": "Baalbek", "governorate": "Baalbek-El Hermel" }, "geometry": { "type": "Point", "coordinates": [ 36.099117, 34.085619 ] } },
{ "type": "Feature", "properties": { "name_en": "Zarayeb Choukr", "name_ar": "زرايب شكر", "place_type": "village", "unique_id": "CAS_LBN21170", "district": "Baalbek", "governorate": "Baalbek-El Hermel" }, "geometry": { "type": "Point", "coordinates": [ 36.060811, 34.092918 ] } },
{ "type": "Feature", "properties": { "name_en": "Mrah Najib", "name_ar": "مراح نجيب", "place_type": "village", "unique_id": "CAS_LBN21123", "district": "Baalbek", "governorate": "Baalbek-El Hermel" }, "geometry": { "type": "Point", "coordinates": [ 36.068155, 34.093134 ] } },
{ "type": "Feature", "properties": { "name_en": "Zarayeb", "name_ar": "زرايب", "place_type": "village", "unique_id": "CAS_LBN21169", "district": "Baalbek", "governorate": "Baalbek-El Hermel" }, "geometry": { "type": "Point", "coordinates": [ 36.045256, 34.094072 ] } },
{ "type": "Feature", "properties": { "name_en": "Maql el Bouadte", "name_ar": "مقل البوادتي", "place_type": "village", "unique_id": "CAS_LBN21085", "district": "Baalbek", "governorate": "Baalbek-El Hermel" }, "geometry": { "type": "Point", "coordinates": [ 36.051463, 34.094786 ] } },
{ "type": "Feature", "properties": { "name_en": "Mazraat Matar", "name_ar": "مزرعة مطر", "place_type": "village", "unique_id": "CAS_LBN21097", "district": "Baalbek", "governorate": "Baalbek-El Hermel" }, "geometry": { "type": "Point", "coordinates": [ 36.090319, 34.098518 ] } },
{ "type": "Feature", "properties": { "name_en": "Mazraat Es Saiyed", "name_ar": "مزرعة السيد", "place_type": "village", "unique_id": "CAS_LBN21096", "district": "Baalbek", "governorate": "Baalbek-El Hermel" }, "geometry": { "type": "Point", "coordinates": [ 36.085686, 34.101717 ] } },
{ "type": "Feature", "properties": { "name_en": "El Marmagha", "name_ar": "مرماغا", "place_type": "village", "unique_id": "CAS_LBN21040", "district": "Baalbek", "governorate": "Baalbek-El Hermel" }, "geometry": { "type": "Point", "coordinates": [ 36.04791, 34.10489 ] } },
{ "type": "Feature", "properties": { "name_en": "Dar el Ouassaa", "name_ar": "دار الواسعة", "place_type": "village", "unique_id": "CAS_LBN21030", "district": "Baalbek", "governorate": "Baalbek-El Hermel" }, "geometry": { "type": "Point", "coordinates": [ 36.056356, 34.106717 ] } },
{ "type": "Feature", "properties": { "name_en": "Betdaai", "name_ar": "بتدعي", "place_type": "village", "unique_id": "CAS_LBN21020", "district": "Baalbek", "governorate": "Baalbek-El Hermel" }, "geometry": { "type": "Point", "coordinates": [ 36.107739, 34.11268 ] } },
{ "type": "Feature", "properties": { "name_en": "Mazraat Beit el Ghoussain", "name_ar": "مزرعة بيت الغصين", "place_type": "village", "unique_id": "CAS_LBN21092", "district": "Baalbek", "governorate": "Baalbek-El Hermel" }, "geometry": { "type": "Point", "coordinates": [ 36.083762, 34.115355 ] } },
{ "type": "Feature", "properties": { "name_en": "Mrah Bou Chahine", "name_ar": "مراح بو شاهين", "place_type": "village", "unique_id": "CAS_LBN21108", "district": "Baalbek", "governorate": "Baalbek-El Hermel" }, "geometry": { "type": "Point", "coordinates": [ 36.089735, 34.115441 ] } },
{ "type": "Feature", "properties": { "name_en": "Mrah Kloude", "name_ar": "مراح القلود", "place_type": "village", "unique_id": "CAS_LBN21122", "district": "Baalbek", "governorate": "Baalbek-El Hermel" }, "geometry": { "type": "Point", "coordinates": [ 36.068086, 34.128742 ] } },
{ "type": "Feature", "properties": { "name_en": "Yammoune", "name_ar": "يمونة", "place_type": "village", "unique_id": "CAS_LBN21166", "district": "Baalbek", "governorate": "Baalbek-El Hermel" }, "geometry": { "type": "Point", "coordinates": [ 36.027094, 34.129228 ] } },
{ "type": "Feature", "properties": { "name_en": "El Qerrami", "name_ar": "قرامي", "place_type": "village", "unique_id": "CAS_LBN21041", "district": "Baalbek", "governorate": "Baalbek-El Hermel" }, "geometry": { "type": "Point", "coordinates": [ 36.100751, 34.14223 ] } },
{ "type": "Feature", "properties": { "name_en": "Blaiqa", "name_ar": "بليقة", "place_type": "village", "unique_id": "CAS_LBN21021", "district": "Baalbek", "governorate": "Baalbek-El Hermel" }, "geometry": { "type": "Point", "coordinates": [ 36.099088, 34.15026 ] } },
{ "type": "Feature", "properties": { "name_en": "Beit Habchi", "name_ar": "بيت حبشي", "place_type": "village", "unique_id": "CAS_LBN21017", "district": "Baalbek", "governorate": "Baalbek-El Hermel" }, "geometry": { "type": "Point", "coordinates": [ 36.098703, 34.153892 ] } },
{ "type": "Feature", "properties": { "name_en": "Mchaitiye", "name_ar": "مشيتية", "place_type": "village", "unique_id": "CAS_LBN21099", "district": "Baalbek", "governorate": "Baalbek-El Hermel" }, "geometry": { "type": "Point", "coordinates": [ 36.083518, 34.155393 ] } },
{ "type": "Feature", "properties": { "name_en": "Ainata", "name_ar": "عيناتا", "place_type": "village", "unique_id": "CAS_LBN21008", "district": "Baalbek", "governorate": "Baalbek-El Hermel" }, "geometry": { "type": "Point", "coordinates": [ 36.080333, 34.186642 ] } },
{ "type": "Feature", "properties": { "name_en": "Mahatta", "name_ar": "المحطة", "place_type": "village", "unique_id": "CAS_LBN51300", "district": "Baalbek", "governorate": "Baalbek-El Hermel" }, "geometry": { "type": "Point", "coordinates": [ 36.101389, 34.198889 ] } },
{ "type": "Feature", "properties": { "name_en": "Mkaybel Al Kala'", "name_ar": "مقيال القلعة", "place_type": "village", "unique_id": "CAS_LBN21102", "district": "Baalbek", "governorate": "Baalbek-El Hermel" }, "geometry": { "type": "Point", "coordinates": [ 36.0911, 34.217714 ] } },
{ "type": "Feature", "properties": { "name_en": "Saraain el Faouqa", "name_ar": "سرعين الفوقا", "place_type": "village", "unique_id": "CAS_LBN21150", "district": "Baalbek", "governorate": "Baalbek-El Hermel" }, "geometry": { "type": "Point", "coordinates": [ 36.091864, 33.878733 ] } },
{ "type": "Feature", "properties": { "name_en": "Hizzine", "name_ar": "حزين", "place_type": "village", "unique_id": "CAS_LBN21061", "district": "Baalbek", "governorate": "Baalbek-El Hermel" }, "geometry": { "type": "Point", "coordinates": [ 36.093422, 33.969373 ] } },
{ "type": "Feature", "properties": { "name_en": "Ain es Saouda", "name_ar": "عين السودا", "place_type": "village", "unique_id": "CAS_LBN21007", "district": "Baalbek", "governorate": "Baalbek-El Hermel" }, "geometry": { "type": "Point", "coordinates": [ 36.097429, 33.997412 ] } },
{ "type": "Feature", "properties": { "name_en": "Talia", "name_ar": "طليا", "place_type": "village", "unique_id": "CAS_LBN21157", "district": "Baalbek", "governorate": "Baalbek-El Hermel" }, "geometry": { "type": "Point", "coordinates": [ 36.102134, 33.934146 ] } },
{ "type": "Feature", "properties": { "name_en": "Aallaq", "name_ar": "علاق", "place_type": "village", "unique_id": "CAS_LBN21001", "district": "Baalbek", "governorate": "Baalbek-El Hermel" }, "geometry": { "type": "Point", "coordinates": [ 36.10378, 34.028003 ] } },
{ "type": "Feature", "properties": { "name_en": "Janta", "name_ar": "جنتا", "place_type": "village", "unique_id": "CAS_LBN21068", "district": "Baalbek", "governorate": "Baalbek-El Hermel" }, "geometry": { "type": "Point", "coordinates": [ 36.106472, 33.857422 ] } },
{ "type": "Feature", "properties": { "name_en": "Ain Es Saouda", "name_ar": "عين السوداء", "place_type": "village", "unique_id": "OSM_node/7707969519", "district": "Baalbek", "governorate": "Baalbek-El Hermel" }, "geometry": { "type": "Point", "coordinates": [ 36.1080981, 34.002314599999977 ] } },
{ "type": "Feature", "properties": { "name_en": "Nabi Chit", "name_ar": "نبي شيت", "place_type": "village", "unique_id": "CAS_LBN21128", "district": "Baalbek", "governorate": "Baalbek-El Hermel" }, "geometry": { "type": "Point", "coordinates": [ 36.111767, 33.872392 ] } },
{ "type": "Feature", "properties": { "name_en": "Haouch Ed Dahab", "name_ar": "حوش الدهب", "place_type": "village", "unique_id": "CAS_LBN21051", "district": "Baalbek", "governorate": "Baalbek-El Hermel" }, "geometry": { "type": "Point", "coordinates": [ 36.119245, 34.025278 ] } },
{ "type": "Feature", "properties": { "name_en": "Haouch Barada", "name_ar": "حوش بردى", "place_type": "village", "unique_id": "CAS_LBN21050", "district": "Baalbek", "governorate": "Baalbek-El Hermel" }, "geometry": { "type": "Point", "coordinates": [ 36.119533, 34.011073 ] } },
{ "type": "Feature", "properties": { "name_en": "Khodor", "name_ar": "خضر", "place_type": "village", "unique_id": "CAS_LBN21079", "district": "Baalbek", "governorate": "Baalbek-El Hermel" }, "geometry": { "type": "Point", "coordinates": [ 36.119542, 33.903714 ] } },
{ "type": "Feature", "properties": { "name_en": "Yahfoufa", "name_ar": "يحفوفا", "place_type": "village", "unique_id": "CAS_LBN21165", "district": "Baalbek", "governorate": "Baalbek-El Hermel" }, "geometry": { "type": "Point", "coordinates": [ 36.121681, 33.858239 ] } },
{ "type": "Feature", "properties": { "name_en": "Majdaloun", "name_ar": "مجدلون", "place_type": "village", "unique_id": "CAS_LBN21084", "district": "Baalbek", "governorate": "Baalbek-El Hermel" }, "geometry": { "type": "Point", "coordinates": [ 36.133761, 33.990358 ] } },
{ "type": "Feature", "properties": { "name_en": "Haouch Tall Safiye", "name_ar": "حوش تل صفية", "place_type": "village", "unique_id": "CAS_LBN21054", "district": "Baalbek", "governorate": "Baalbek-El Hermel" }, "geometry": { "type": "Point", "coordinates": [ 36.139097, 34.02475 ] } },
{ "type": "Feature", "properties": { "name_en": "Haour Taala", "name_ar": "حور تعلا", "place_type": "village", "unique_id": "CAS_LBN21057", "district": "Baalbek", "governorate": "Baalbek-El Hermel" }, "geometry": { "type": "Point", "coordinates": [ 36.140464, 33.918383 ] } },
{ "type": "Feature", "properties": { "name_en": "Adous", "name_ar": "عدّوس", "place_type": "village", "unique_id": "OSM_node/11764858822", "district": "Baalbek", "governorate": "Baalbek-El Hermel" }, "geometry": { "type": "Point", "coordinates": [ 36.150051299999973, 34.018527300000017 ] } },
{ "type": "Feature", "properties": { "name_en": "Britel", "name_ar": "بريتال", "place_type": "village", "unique_id": "CAS_LBN21023", "district": "Baalbek", "governorate": "Baalbek-El Hermel" }, "geometry": { "type": "Point", "coordinates": [ 36.15115, 33.934719 ] } },
{ "type": "Feature", "properties": { "name_en": "Al Ansar Baalbek", "name_ar": "الأنصار بعلبك", "place_type": "village", "unique_id": "CAS_LBN21192", "district": "Baalbek", "governorate": "Baalbek-El Hermel" }, "geometry": { "type": "Point", "coordinates": [ 36.153205, 33.974487 ] } },
{ "type": "Feature", "properties": { "name_en": "Aadous", "name_ar": "عدّوس", "place_type": "village", "unique_id": "CAS_LBN21173", "district": "Baalbek", "governorate": "Baalbek-El Hermel" }, "geometry": { "type": "Point", "coordinates": [ 36.157195, 34.030683 ] } },
{ "type": "Feature", "properties": { "name_en": "Khraibe", "name_ar": "خريبة", "place_type": "village", "unique_id": "CAS_LBN21080", "district": "Baalbek", "governorate": "Baalbek-El Hermel" }, "geometry": { "type": "Point", "coordinates": [ 36.162275, 33.870047 ] } },
{ "type": "Feature", "properties": { "name_en": "Taibe Baalbek", "name_ar": "طيبة بعلبك", "place_type": "village", "unique_id": "CAS_LBN21156", "district": "Baalbek", "governorate": "Baalbek-El Hermel" }, "geometry": { "type": "Point", "coordinates": [ 36.165553, 33.958447 ] } },
{ "type": "Feature", "properties": { "name_en": "Iaat", "name_ar": "ايعات", "place_type": "village", "unique_id": "CAS_LBN21064", "district": "Baalbek", "governorate": "Baalbek-El Hermel" }, "geometry": { "type": "Point", "coordinates": [ 36.171422, 34.036919 ] } },
{ "type": "Feature", "properties": { "name_en": "Douris", "name_ar": "دوريس", "place_type": "village", "unique_id": "CAS_LBN21033", "district": "Baalbek", "governorate": "Baalbek-El Hermel" }, "geometry": { "type": "Point", "coordinates": [ 36.17845, 33.987769 ] } },
{ "type": "Feature", "properties": { "name_en": "Maarboun", "name_ar": "معربون", "place_type": "village", "unique_id": "CAS_LBN21083", "district": "Baalbek", "governorate": "Baalbek-El Hermel" }, "geometry": { "type": "Point", "coordinates": [ 36.187892, 33.8505 ] } },
{ "type": "Feature", "properties": { "name_en": "Ham", "name_ar": "حام", "place_type": "village", "unique_id": "CAS_LBN21049", "district": "Baalbek", "governorate": "Baalbek-El Hermel" }, "geometry": { "type": "Point", "coordinates": [ 36.201111, 33.87435 ] } },
{ "type": "Feature", "properties": { "name_en": "Ain El Bnaiye", "name_ar": "عين البنية", "place_type": "village", "unique_id": "CAS_LBN21006", "district": "Baalbek", "governorate": "Baalbek-El Hermel" }, "geometry": { "type": "Point", "coordinates": [ 36.225872, 33.911644 ] } },
{ "type": "Feature", "properties": { "name_en": "Nabi Sbat", "name_ar": "النبي سباط", "place_type": "village", "unique_id": "CAS_LBN21131", "district": "Baalbek", "governorate": "Baalbek-El Hermel" }, "geometry": { "type": "Point", "coordinates": [ 36.234679, 33.936565 ] } },
{ "type": "Feature", "properties": { "name_en": "Jabal Ech Chaaibe", "name_ar": "جبل الشعيبة", "place_type": "village", "unique_id": "CAS_LBN21066", "district": "Baalbek", "governorate": "Baalbek-El Hermel" }, "geometry": { "type": "Point", "coordinates": [ 36.236922, 33.928612 ] } },
{ "type": "Feature", "properties": { "name_en": "Ain Ej Jaouze", "name_ar": "عين الجوزة", "place_type": "village", "unique_id": "CAS_LBN21005", "district": "Baalbek", "governorate": "Baalbek-El Hermel" }, "geometry": { "type": "Point", "coordinates": [ 36.313958, 33.839022 ] } },
{ "type": "Feature", "properties": { "name_en": "Tfail", "name_ar": "طفيل", "place_type": "village", "unique_id": "CAS_LBN21163", "district": "Baalbek", "governorate": "Baalbek-El Hermel" }, "geometry": { "type": "Point", "coordinates": [ 36.366867, 33.849994 ] } },
{ "type": "Feature", "properties": { "name_en": "Hosn ech Chadoura", "name_ar": "حصن الشادورا", "place_type": "village", "unique_id": "CAS_LBN21062", "district": "Baalbek", "governorate": "Baalbek-El Hermel" }, "geometry": { "type": "Point", "coordinates": [ 36.244665, 33.950994 ] } },
{ "type": "Feature", "properties": { "name_en": "Aamchki", "name_ar": "عمشكي", "place_type": "village", "unique_id": "CAS_LBN21009", "district": "Baalbek", "governorate": "Baalbek-El Hermel" }, "geometry": { "type": "Point", "coordinates": [ 36.26385, 33.990317 ] } },
{ "type": "Feature", "properties": { "name_en": "Ain Bourday", "name_ar": "عين بورداي", "place_type": "village", "unique_id": "CAS_LBN21004", "district": "Baalbek", "governorate": "Baalbek-El Hermel" }, "geometry": { "type": "Point", "coordinates": [ 36.200833, 33.991283 ] } },
{ "type": "Feature", "properties": { "name_en": "Baalbek", "name_ar": "بعلبك", "place_type": "city", "unique_id": "CAS_LBN21010", "district": "Baalbek", "governorate": "Baalbek-El Hermel" }, "geometry": { "type": "Point", "coordinates": [ 36.207957, 34.005186 ] } },
{ "type": "Feature", "properties": { "name_en": "Nahle", "name_ar": "نحله", "place_type": "village", "unique_id": "CAS_LBN21132", "district": "Baalbek", "governorate": "Baalbek-El Hermel" }, "geometry": { "type": "Point", "coordinates": [ 36.25985, 34.042269 ] } },
{ "type": "Feature", "properties": { "name_en": "Younine", "name_ar": "يونين", "place_type": "village", "unique_id": "CAS_LBN21167", "district": "Baalbek", "governorate": "Baalbek-El Hermel" }, "geometry": { "type": "Point", "coordinates": [ 36.274936, 34.078458 ] } },
{ "type": "Feature", "properties": { "name_en": "Maqne", "name_ar": "مقنة", "place_type": "village", "unique_id": "CAS_LBN21086", "district": "Baalbek", "governorate": "Baalbek-El Hermel" }, "geometry": { "type": "Point", "coordinates": [ 36.207675, 34.079319 ] } },
{ "type": "Feature", "properties": { "name_en": "Khermateh", "name_ar": "خورماتا", "place_type": "village", "unique_id": "CAS_LBN21074", "district": "Baalbek", "governorate": "Baalbek-El Hermel" }, "geometry": { "type": "Point", "coordinates": [ 36.259931, 34.097158 ] } },
{ "type": "Feature", "properties": { "name_en": "Khourmata", "name_ar": "خورماتا", "place_type": "village", "unique_id": "OSM_node/5829105207", "district": "Baalbek", "governorate": "Baalbek-El Hermel" }, "geometry": { "type": "Point", "coordinates": [ 36.252795400000025, 34.087301500000024 ] } },
{ "type": "Feature", "properties": { "name_en": "Mrah Beit el Qazah", "name_ar": "مراح بيت القزح", "place_type": "village", "unique_id": "CAS_LBN21105", "district": "Baalbek", "governorate": "Baalbek-El Hermel" }, "geometry": { "type": "Point", "coordinates": [ 36.114492, 34.125289 ] } },
{ "type": "Feature", "properties": { "name_en": "Beit es Satiti", "name_ar": "بيت الستيته", "place_type": "village", "unique_id": "CAS_LBN21016", "district": "Baalbek", "governorate": "Baalbek-El Hermel" }, "geometry": { "type": "Point", "coordinates": [ 36.117254, 34.140026 ] } },
{ "type": "Feature", "properties": { "name_en": "Bsayleh al Fawka", "name_ar": "بصيلة الفوقا", "place_type": "village", "unique_id": "CAS_LBN21024", "district": "Baalbek", "governorate": "Baalbek-El Hermel" }, "geometry": { "type": "Point", "coordinates": [ 36.117413, 34.13527 ] } },
{ "type": "Feature", "properties": { "name_en": "Bsayleh al Tahta", "name_ar": "بصيلة التحتا", "place_type": "village", "unique_id": "CAS_LBN21025", "district": "Baalbek", "governorate": "Baalbek-El Hermel" }, "geometry": { "type": "Point", "coordinates": [ 36.120189, 34.131933 ] } },
{ "type": "Feature", "properties": { "name_en": "Zrazir", "name_ar": "زرازير", "place_type": "village", "unique_id": "CAS_LBN21172", "district": "Baalbek", "governorate": "Baalbek-El Hermel" }, "geometry": { "type": "Point", "coordinates": [ 36.122471, 34.153398 ] } },
{ "type": "Feature", "properties": { "name_en": "Deir El Ahmar", "name_ar": "دير الاحمر", "place_type": "village", "unique_id": "CAS_LBN21031", "district": "Baalbek", "governorate": "Baalbek-El Hermel" }, "geometry": { "type": "Point", "coordinates": [ 36.127639, 34.124889 ] } },
{ "type": "Feature", "properties": { "name_en": "Bechouat", "name_ar": "بشوات", "place_type": "village", "unique_id": "CAS_LBN21013", "district": "Baalbek", "governorate": "Baalbek-El Hermel" }, "geometry": { "type": "Point", "coordinates": [ 36.134339, 34.150356 ] } },
{ "type": "Feature", "properties": { "name_en": "Mrah El Aassi", "name_ar": "مراح العاصي", "place_type": "village", "unique_id": "CAS_LBN21116", "district": "Baalbek", "governorate": "Baalbek-El Hermel" }, "geometry": { "type": "Point", "coordinates": [ 36.1385, 34.178158 ] } },
{ "type": "Feature", "properties": { "name_en": "Barqa", "name_ar": "برقا", "place_type": "village", "unique_id": "CAS_LBN21012", "district": "Baalbek", "governorate": "Baalbek-El Hermel" }, "geometry": { "type": "Point", "coordinates": [ 36.141167, 34.171569 ] } },
{ "type": "Feature", "properties": { "name_en": "Mrah Soukkar", "name_ar": "مراح سكر", "place_type": "village", "unique_id": "CAS_LBN21126", "district": "Baalbek", "governorate": "Baalbek-El Hermel" }, "geometry": { "type": "Point", "coordinates": [ 36.143971, 34.178037 ] } },
{ "type": "Feature", "properties": { "name_en": "Mrah Semaan", "name_ar": "مراح سمعان", "place_type": "village", "unique_id": "CAS_LBN21125", "district": "Baalbek", "governorate": "Baalbek-El Hermel" }, "geometry": { "type": "Point", "coordinates": [ 36.152283, 34.179447 ] } },
{ "type": "Feature", "properties": { "name_en": "Mehairfe", "name_ar": "محيرفة", "place_type": "village", "unique_id": "CAS_LBN21100", "district": "Baalbek", "governorate": "Baalbek-El Hermel" }, "geometry": { "type": "Point", "coordinates": [ 36.152876, 34.139447 ] } },
{ "type": "Feature", "properties": { "name_en": "Mrah El Aaouja", "name_ar": "مراح العوجا", "place_type": "village", "unique_id": "CAS_LBN21114", "district": "Baalbek", "governorate": "Baalbek-El Hermel" }, "geometry": { "type": "Point", "coordinates": [ 36.158942, 34.18023 ] } },
{ "type": "Feature", "properties": { "name_en": "Knaisse", "name_ar": "كنيسة", "place_type": "village", "unique_id": "CAS_LBN21081", "district": "Baalbek", "governorate": "Baalbek-El Hermel" }, "geometry": { "type": "Point", "coordinates": [ 36.163522, 34.115764 ] } },
{ "type": "Feature", "properties": { "name_en": "Safra", "name_ar": "صفرا", "place_type": "village", "unique_id": "CAS_LBN21148", "district": "Baalbek", "governorate": "Baalbek-El Hermel" }, "geometry": { "type": "Point", "coordinates": [ 36.165283, 34.148092 ] } },
{ "type": "Feature", "properties": { "name_en": "Ram", "name_ar": "الرام", "place_type": "village", "unique_id": "CAS_LBN21142", "district": "Baalbek", "governorate": "Baalbek-El Hermel" }, "geometry": { "type": "Point", "coordinates": [ 36.177355, 34.171011 ] } },
{ "type": "Feature", "properties": { "name_en": "Joubaniyeh", "name_ar": "جوبانية", "place_type": "village", "unique_id": "CAS_LBN21070", "district": "Baalbek", "governorate": "Baalbek-El Hermel" }, "geometry": { "type": "Point", "coordinates": [ 36.180633, 34.182628 ] } },
{ "type": "Feature", "properties": { "name_en": "Riha", "name_ar": "ريحا", "place_type": "village", "unique_id": "CAS_LBN21146", "district": "Baalbek", "governorate": "Baalbek-El Hermel" }, "geometry": { "type": "Point", "coordinates": [ 36.189945, 34.153319 ] } },
{ "type": "Feature", "properties": { "name_en": "Qiddam", "name_ar": "القدام", "place_type": "village", "unique_id": "CAS_LBN21139", "district": "Baalbek", "governorate": "Baalbek-El Hermel" }, "geometry": { "type": "Point", "coordinates": [ 36.194719, 34.182511 ] } },
{ "type": "Feature", "properties": { "name_en": "Qarha", "name_ar": "قرحا", "place_type": "village", "unique_id": "CAS_LBN21138", "district": "Baalbek", "governorate": "Baalbek-El Hermel" }, "geometry": { "type": "Point", "coordinates": [ 36.206547, 34.166669 ] } },
{ "type": "Feature", "properties": { "name_en": "Karm Aaqil", "name_ar": "كرم عقيل", "place_type": "hamlet", "unique_id": "OSM_node/5829411590", "district": "Baalbek", "governorate": "Baalbek-El Hermel" }, "geometry": { "type": "Point", "coordinates": [ 36.224016800000015, 34.141882 ] } },
{ "type": "Feature", "properties": { "name_en": "Nabha", "name_ar": "نبحا", "place_type": "village", "unique_id": "CAS_LBN21127", "district": "Baalbek", "governorate": "Baalbek-El Hermel" }, "geometry": { "type": "Point", "coordinates": [ 36.224861, 34.183364 ] } },
{ "type": "Feature", "properties": { "name_en": "Nabha Al Mohfara", "name_ar": "نبحا المحفارة", "place_type": "village", "unique_id": "CAS_LBN21193", "district": "Baalbek", "governorate": "Baalbek-El Hermel" }, "geometry": { "type": "Point", "coordinates": [ 36.226788, 34.178369 ] } },
{ "type": "Feature", "properties": { "name_en": "Qlaile", "name_ar": "قليلة", "place_type": "village", "unique_id": "CAS_LBN21140", "district": "Baalbek", "governorate": "Baalbek-El Hermel" }, "geometry": { "type": "Point", "coordinates": [ 36.227072, 34.198589 ] } },
{ "type": "Feature", "properties": { "name_en": "Chaat", "name_ar": "شعت", "place_type": "village", "unique_id": "CAS_LBN21026", "district": "Baalbek", "governorate": "Baalbek-El Hermel" }, "geometry": { "type": "Point", "coordinates": [ 36.231183, 34.142203 ] } },
{ "type": "Feature", "properties": { "name_en": "Mrah EL Harfouch", "name_ar": "مراح الحرفوش", "place_type": "village", "unique_id": "CAS_LBN21119", "district": "Baalbek", "governorate": "Baalbek-El Hermel" }, "geometry": { "type": "Point", "coordinates": [ 36.241817, 34.194517 ] } },
{ "type": "Feature", "properties": { "name_en": "Harfouch", "name_ar": "حرفوش", "place_type": "village", "unique_id": "CAS_LBN21059", "district": "Baalbek", "governorate": "Baalbek-El Hermel" }, "geometry": { "type": "Point", "coordinates": [ 36.243997, 34.199658 ] } },
{ "type": "Feature", "properties": { "name_en": "Mrah El Aabed", "name_ar": "مراه العبد", "place_type": "village", "unique_id": "CAS_LBN21113", "district": "Baalbek", "governorate": "Baalbek-El Hermel" }, "geometry": { "type": "Point", "coordinates": [ 36.264408, 34.240025 ] } },
{ "type": "Feature", "properties": { "name_en": "Harabta", "name_ar": "حربتا", "place_type": "village", "unique_id": "CAS_LBN21058", "district": "Baalbek", "governorate": "Baalbek-El Hermel" }, "geometry": { "type": "Point", "coordinates": [ 36.265403, 34.207858 ] } },
{ "type": "Feature", "properties": { "name_en": "Daouret en Naml", "name_ar": "دورة النمل", "place_type": "village", "unique_id": "CAS_LBN21029", "district": "Baalbek", "governorate": "Baalbek-El Hermel" }, "geometry": { "type": "Point", "coordinates": [ 36.269878, 34.259171 ] } },
{ "type": "Feature", "properties": { "name_en": "Wadi el Oss", "name_ar": "وادي القصص", "place_type": "village", "unique_id": "CAS_LBN21134", "district": "Baalbek", "governorate": "Baalbek-El Hermel" }, "geometry": { "type": "Point", "coordinates": [ 36.273773, 34.242202 ] } },
{ "type": "Feature", "properties": { "name_en": "Aabla", "name_ar": "عبلة", "place_type": "village", "unique_id": "OSM_node/5237036556", "district": "Baalbek", "governorate": "Baalbek-El Hermel" }, "geometry": { "type": "Point", "coordinates": [ 36.274078200000019, 34.1510867 ] } },
{ "type": "Feature", "properties": { "name_en": "Sbouba", "name_ar": "صبوبا", "place_type": "village", "unique_id": "CAS_LBN21152", "district": "Baalbek", "governorate": "Baalbek-El Hermel" }, "geometry": { "type": "Point", "coordinates": [ 36.274319, 34.222083 ] } },
{ "type": "Feature", "properties": { "name_en": "Rasm El Hadet", "name_ar": "رسم الحدث", "place_type": "village", "unique_id": "CAS_LBN21145", "district": "Baalbek", "governorate": "Baalbek-El Hermel" }, "geometry": { "type": "Point", "coordinates": [ 36.274536, 34.141386 ] } },
{ "type": "Feature", "properties": { "name_en": "Mrah ech Choaab", "name_ar": "مراح الشعاب", "place_type": "village", "unique_id": "CAS_LBN21110", "district": "Baalbek", "governorate": "Baalbek-El Hermel" }, "geometry": { "type": "Point", "coordinates": [ 36.281894, 34.232511 ] } },
{ "type": "Feature", "properties": { "name_en": "Halbata", "name_ar": "حلباتا", "place_type": "village", "unique_id": "CAS_LBN21048", "district": "Baalbek", "governorate": "Baalbek-El Hermel" }, "geometry": { "type": "Point", "coordinates": [ 36.28745, 34.254925 ] } },
{ "type": "Feature", "properties": { "name_en": "Kharayeb", "name_ar": "الخرائب", "place_type": "village", "unique_id": "CAS_LBN21073", "district": "Baalbek", "governorate": "Baalbek-El Hermel" }, "geometry": { "type": "Point", "coordinates": [ 36.301544, 34.240658 ] } },
{ "type": "Feature", "properties": { "name_en": "Toufiqiye", "name_ar": "التوفيقية", "place_type": "village", "unique_id": "CAS_LBN21164", "district": "Baalbek", "governorate": "Baalbek-El Hermel" }, "geometry": { "type": "Point", "coordinates": [ 36.315811, 34.17615 ] } },
{ "type": "Feature", "properties": { "name_en": "Hai el Mathane", "name_ar": "حي المطحنة", "place_type": "village", "unique_id": "CAS_LBN21047", "district": "Baalbek", "governorate": "Baalbek-El Hermel" }, "geometry": { "type": "Point", "coordinates": [ 36.321156, 34.207835 ] } },
{ "type": "Feature", "properties": { "name_en": "En Nouqra", "name_ar": "نقرة", "place_type": "village", "unique_id": "CAS_LBN21042", "district": "Baalbek", "governorate": "Baalbek-El Hermel" }, "geometry": { "type": "Point", "coordinates": [ 36.326373, 34.153741 ] } },
{ "type": "Feature", "properties": { "name_en": "Moqraq", "name_ar": "المقرق", "place_type": "village", "unique_id": "CAS_LBN21103", "district": "Baalbek", "governorate": "Baalbek-El Hermel" }, "geometry": { "type": "Point", "coordinates": [ 36.334232, 34.173603 ] } },
{ "type": "Feature", "properties": { "name_en": "Tall Sougha", "name_ar": "تل سغى", "place_type": "village", "unique_id": "CAS_LBN21158", "district": "Baalbek", "governorate": "Baalbek-El Hermel" }, "geometry": { "type": "Point", "coordinates": [ 36.335068, 34.225215 ] } },
{ "type": "Feature", "properties": { "name_en": "Bejjaje", "name_ar": "بجاجة", "place_type": "village", "unique_id": "CAS_LBN21019", "district": "Baalbek", "governorate": "Baalbek-El Hermel" }, "geometry": { "type": "Point", "coordinates": [ 36.35058, 34.227808 ] } },
{ "type": "Feature", "properties": { "name_en": "Laboue", "name_ar": "لبوة", "place_type": "village", "unique_id": "CAS_LBN21082", "district": "Baalbek", "governorate": "Baalbek-El Hermel" }, "geometry": { "type": "Point", "coordinates": [ 36.355578, 34.195428 ] } },
{ "type": "Feature", "properties": { "name_en": "Nabi Osmane", "name_ar": "نبي عثمان", "place_type": "village", "unique_id": "CAS_LBN21129", "district": "Baalbek", "governorate": "Baalbek-El Hermel" }, "geometry": { "type": "Point", "coordinates": [ 36.372272, 34.210747 ] } },
{ "type": "Feature", "properties": { "name_en": "El Ain", "name_ar": "العين", "place_type": "village", "unique_id": "CAS_LBN21035", "district": "Baalbek", "governorate": "Baalbek-El Hermel" }, "geometry": { "type": "Point", "coordinates": [ 36.37803, 34.226047 ] } },
{ "type": "Feature", "properties": { "name_en": "Aarsal", "name_ar": "عرسال", "place_type": "village", "unique_id": "CAS_LBN21002", "district": "Baalbek", "governorate": "Baalbek-El Hermel" }, "geometry": { "type": "Point", "coordinates": [ 36.419592, 34.179236 ] } },
{ "type": "Feature", "properties": { "name_en": "Khirbet Younine", "name_ar": "خربة يونين", "place_type": "village", "unique_id": "CAS_LBN21078", "district": "Baalbek", "governorate": "Baalbek-El Hermel" }, "geometry": { "type": "Point", "coordinates": [ 36.492949, 34.157397 ] } },
{ "type": "Feature", "properties": { "name_en": "Khirbet Daoud Baalbek", "name_ar": "خربة داوود بعلبك", "place_type": "village", "unique_id": "CAS_LBN21075", "district": "Baalbek", "governorate": "Baalbek-El Hermel" }, "geometry": { "type": "Point", "coordinates": [ 36.546076, 34.212584 ] } },
{ "type": "Feature", "properties": { "name_en": "Tallet ed Deir", "name_ar": "تلة الدير", "place_type": "village", "unique_id": "CAS_LBN21159", "district": "Baalbek", "governorate": "Baalbek-El Hermel" }, "geometry": { "type": "Point", "coordinates": [ 36.341885, 34.2311 ] } },
{ "type": "Feature", "properties": { "name_en": "Jabboule", "name_ar": "جبولة", "place_type": "village", "unique_id": "CAS_LBN21067", "district": "Baalbek", "governorate": "Baalbek-El Hermel" }, "geometry": { "type": "Point", "coordinates": [ 36.337631, 34.232678 ] } },
{ "type": "Feature", "properties": { "name_en": "Khirbet et Tine", "name_ar": "خربة التينه", "place_type": "village", "unique_id": "CAS_LBN21076", "district": "Baalbek", "governorate": "Baalbek-El Hermel" }, "geometry": { "type": "Point", "coordinates": [ 36.534319, 34.23316 ] } },
{ "type": "Feature", "properties": { "name_en": "Zabboud", "name_ar": "زبود", "place_type": "village", "unique_id": "CAS_LBN21168", "district": "Baalbek", "governorate": "Baalbek-El Hermel" }, "geometry": { "type": "Point", "coordinates": [ 36.318747, 34.240622 ] } },
{ "type": "Feature", "properties": { "name_en": "Fakehe", "name_ar": "فاكهة", "place_type": "village", "unique_id": "CAS_LBN21043", "district": "Baalbek", "governorate": "Baalbek-El Hermel" }, "geometry": { "type": "Point", "coordinates": [ 36.402849, 34.244703 ] } },
{ "type": "Feature", "properties": { "name_en": "Jdaide Fekehe", "name_ar": "جديدة الفاكهة", "place_type": "village", "unique_id": "CAS_LBN21069", "district": "Baalbek", "governorate": "Baalbek-El Hermel" }, "geometry": { "type": "Point", "coordinates": [ 36.387072, 34.247797 ] } },
{ "type": "Feature", "properties": { "name_en": "El Maalqa", "name_ar": "معلقة الجديدة", "place_type": "village", "unique_id": "CAS_LBN21039", "district": "Baalbek", "governorate": "Baalbek-El Hermel" }, "geometry": { "type": "Point", "coordinates": [ 36.389611, 34.251503 ] } },
{ "type": "Feature", "properties": { "name_en": "Ras Baalbek", "name_ar": "راس بعلبك", "place_type": "village", "unique_id": "CAS_LBN21144", "district": "Baalbek", "governorate": "Baalbek-El Hermel" }, "geometry": { "type": "Point", "coordinates": [ 36.419356, 34.259117 ] } },
{ "type": "Feature", "properties": { "name_en": "Ras Baalbek ech Charqi", "name_ar": "راس بعلبك الشرقي", "place_type": "village", "unique_id": "CAS_LBN21185", "district": "Baalbek", "governorate": "Baalbek-El Hermel" }, "geometry": { "type": "Point", "coordinates": [ 36.51198, 34.261473 ] } },
{ "type": "Feature", "properties": { "name_en": "Haouerte", "name_ar": "حوارته", "place_type": "village", "unique_id": "CAS_LBN21056", "district": "Baalbek", "governorate": "Baalbek-El Hermel" }, "geometry": { "type": "Point", "coordinates": [ 36.572993, 34.262427 ] } },
{ "type": "Feature", "properties": { "name_en": "Khirbet Haouerte", "name_ar": "خربة حوارته", "place_type": "village", "unique_id": "CAS_LBN21077", "district": "Baalbek", "governorate": "Baalbek-El Hermel" }, "geometry": { "type": "Point", "coordinates": [ 36.575093, 34.267923 ] } },
{ "type": "Feature", "properties": { "name_en": "Mrah Rafi", "name_ar": "مراح رافي", "place_type": "village", "unique_id": "CAS_LBN21124", "district": "Baalbek", "governorate": "Baalbek-El Hermel" }, "geometry": { "type": "Point", "coordinates": [ 36.469965, 34.294667 ] } },
{ "type": "Feature", "properties": { "name_en": "Mhattat Ras Baalbeck", "name_ar": "المحطة راس بعلبك", "place_type": "village", "unique_id": "CAS_LBN21101", "district": "Baalbek", "governorate": "Baalbek-El Hermel" }, "geometry": { "type": "Point", "coordinates": [ 36.424417, 34.297424 ] } },
{ "type": "Feature", "properties": { "name_en": "Baayoun", "name_ar": "قاع بعيون", "place_type": "village", "unique_id": "CAS_LBN21011", "district": "Baalbek", "governorate": "Baalbek-El Hermel" }, "geometry": { "type": "Point", "coordinates": [ 36.567454, 34.299721 ] } },
{ "type": "Feature", "properties": { "name_en": "Ras Baalbek es Sahel", "name_ar": "راس بعلبك السهل", "place_type": "village", "unique_id": "CAS_LBN21186", "district": "Baalbek", "governorate": "Baalbek-El Hermel" }, "geometry": { "type": "Point", "coordinates": [ 36.414133, 34.303173 ] } },
{ "type": "Feature", "properties": { "name_en": "Ras al Assy", "name_ar": "راس العاصي", "place_type": "village", "unique_id": "CAS_LBN21143", "district": "Baalbek", "governorate": "Baalbek-El Hermel" }, "geometry": { "type": "Point", "coordinates": [ 36.387156, 34.35245 ] } },
{ "type": "Feature", "properties": { "name_en": "Qaa Ouadi el Khanzir", "name_ar": "قاع وادي الخنزير", "place_type": "village", "unique_id": "CAS_LBN21184", "district": "Baalbek", "governorate": "Baalbek-El Hermel" }, "geometry": { "type": "Point", "coordinates": [ 36.454659, 34.377788 ] } },
{ "type": "Feature", "properties": { "name_en": "El Qaa", "name_ar": "القاع", "place_type": "village", "unique_id": "CAS_LBN21135", "district": "Baalbek", "governorate": "Baalbek-El Hermel" }, "geometry": { "type": "Point", "coordinates": [ 36.473242, 34.344283 ] } },
{ "type": "Feature", "properties": { "name_en": "Qaa Jouar Maqiyeh", "name_ar": "قاع جوار مكية", "place_type": "village", "unique_id": "CAS_LBN21190", "district": "Baalbek", "governorate": "Baalbek-El Hermel" }, "geometry": { "type": "Point", "coordinates": [ 36.512361, 34.387604 ] } },
{ "type": "Feature", "properties": { "name_en": "El Barake", "name_ar": "البركة", "place_type": "village", "unique_id": "CAS_LBN21036", "district": "Baalbek", "governorate": "Baalbek-El Hermel" }, "geometry": { "type": "Point", "coordinates": [ 36.10663, 34.235414 ] } },
{ "type": "Feature", "properties": { "name_en": "El Aaiara", "name_ar": "عيارة", "place_type": "village", "unique_id": "CAS_LBN21034", "district": "Baalbek", "governorate": "Baalbek-El Hermel" }, "geometry": { "type": "Point", "coordinates": [ 36.111134, 34.238621 ] } },
{ "type": "Feature", "properties": { "name_en": "El Faqrat", "name_ar": "فقرات", "place_type": "village", "unique_id": "CAS_LBN21037", "district": "Baalbek", "governorate": "Baalbek-El Hermel" }, "geometry": { "type": "Point", "coordinates": [ 36.122224, 34.2514 ] } },
{ "type": "Feature", "properties": { "name_en": "Aayoun Orghoush", "name_ar": "عيون ارغش", "place_type": "village", "unique_id": "CAS_LBN21003", "district": "Baalbek", "governorate": "Baalbek-El Hermel" }, "geometry": { "type": "Point", "coordinates": [ 36.128314, 34.263163 ] } },
{ "type": "Feature", "properties": { "name_en": "Mazraat Beit Slaibi", "name_ar": "مزرعة بيت صليبي", "place_type": "village", "unique_id": "CAS_LBN21093", "district": "Baalbek", "governorate": "Baalbek-El Hermel" }, "geometry": { "type": "Point", "coordinates": [ 35.98503, 33.972348 ] } },
{ "type": "Feature", "properties": { "name_en": "Beit Mchik", "name_ar": "مزرعة بيت مشيك", "place_type": "village", "unique_id": "CAS_LBN21018", "district": "Baalbek", "governorate": "Baalbek-El Hermel" }, "geometry": { "type": "Point", "coordinates": [ 35.988392, 34.064294 ] } },
{ "type": "Feature", "properties": { "name_en": "Mrah es Sirghane", "name_ar": "مراح السرغانه", "place_type": "village", "unique_id": "CAS_LBN21120", "district": "Baalbek", "governorate": "Baalbek-El Hermel" }, "geometry": { "type": "Point", "coordinates": [ 35.99257, 34.013048 ] } },
{ "type": "Feature", "properties": { "name_en": "Masnaa es Zohr", "name_ar": "مصنع الزهر", "place_type": "village", "unique_id": "CAS_LBN21088", "district": "Baalbek", "governorate": "Baalbek-El Hermel" }, "geometry": { "type": "Point", "coordinates": [ 35.994618, 34.019712 ] } },
{ "type": "Feature", "properties": { "name_en": "Wadi el Assouad", "name_ar": "وادي الاسود", "place_type": "village", "unique_id": "CAS_LBN21133", "district": "Baalbek", "governorate": "Baalbek-El Hermel" }, "geometry": { "type": "Point", "coordinates": [ 35.997209, 34.039689 ] } },
{ "type": "Feature", "properties": { "name_en": "Qalb es Sabaa", "name_ar": "مزرعة قلد السبع", "place_type": "village", "unique_id": "CAS_LBN21137", "district": "Baalbek", "governorate": "Baalbek-El Hermel" }, "geometry": { "type": "Point", "coordinates": [ 36.000433, 34.031781 ] } },
{ "type": "Feature", "properties": { "name_en": "Masnaa El Dahr", "name_ar": "مصنع الضهر", "place_type": "village", "unique_id": "OSM_node/9198110481", "district": "Baalbek", "governorate": "Baalbek-El Hermel" }, "geometry": { "type": "Point", "coordinates": [ 36.0037825, 34.009363599999972 ] } },
{ "type": "Feature", "properties": { "name_en": "Siret Hanna", "name_ar": "سيرة هنا", "place_type": "village", "unique_id": "CAS_LBN21154", "district": "Baalbek", "governorate": "Baalbek-El Hermel" }, "geometry": { "type": "Point", "coordinates": [ 36.004092, 34.026742 ] } },
{ "type": "Feature", "properties": { "name_en": "Slouqi", "name_ar": "سلوقي", "place_type": "village", "unique_id": "CAS_LBN21155", "district": "Baalbek", "governorate": "Baalbek-El Hermel" }, "geometry": { "type": "Point", "coordinates": [ 36.00552, 33.953435 ] } },
{ "type": "Feature", "properties": { "name_en": "Mrah el Ahmar", "name_ar": "مراح الاحمر", "place_type": "village", "unique_id": "CAS_LBN21117", "district": "Baalbek", "governorate": "Baalbek-El Hermel" }, "geometry": { "type": "Point", "coordinates": [ 36.01084, 34.042826 ] } },
{ "type": "Feature", "properties": { "name_en": "Chmistar", "name_ar": "شمسطار", "place_type": "village", "unique_id": "CAS_LBN21028", "district": "Baalbek", "governorate": "Baalbek-El Hermel" }, "geometry": { "type": "Point", "coordinates": [ 36.017356, 33.964086 ] } },
{ "type": "Feature", "properties": { "name_en": "البغلة", "name_ar": "البغلة", "place_type": "hamlet", "unique_id": "OSM_node/13525288070", "district": "Baalbek", "governorate": "Baalbek-El Hermel" }, "geometry": { "type": "Point", "coordinates": [ 36.017673699999989, 34.005338100000017 ] } },
{ "type": "Feature", "properties": { "name_en": "Zeribet es Sabha", "name_ar": "زريبة الصبحا", "place_type": "village", "unique_id": "CAS_LBN21171", "district": "Baalbek", "governorate": "Baalbek-El Hermel" }, "geometry": { "type": "Point", "coordinates": [ 36.017851, 34.040618 ] } },
{ "type": "Feature", "properties": { "name_en": "Mrah Beit Aassaf", "name_ar": "مراح بيت عساف", "place_type": "village", "unique_id": "CAS_LBN21104", "district": "Baalbek", "governorate": "Baalbek-El Hermel" }, "geometry": { "type": "Point", "coordinates": [ 36.020347, 34.063884 ] } },
{ "type": "Feature", "properties": { "name_en": "Mazraat al Ramassy", "name_ar": "مزرعة الرماسا", "place_type": "village", "unique_id": "CAS_LBN21090", "district": "Baalbek", "governorate": "Baalbek-El Hermel" }, "geometry": { "type": "Point", "coordinates": [ 36.021982, 34.042764 ] } },
{ "type": "Feature", "properties": { "name_en": "Taraiya", "name_ar": "طاريا", "place_type": "village", "unique_id": "CAS_LBN21162", "district": "Baalbek", "governorate": "Baalbek-El Hermel" }, "geometry": { "type": "Point", "coordinates": [ 36.022039, 33.98345 ] } },
{ "type": "Feature", "properties": { "name_en": "Hadet Hermel", "name_ar": "حدت الهرمل", "place_type": "village", "unique_id": "CAS_LBN21046", "district": "Baalbek", "governorate": "Baalbek-El Hermel" }, "geometry": { "type": "Point", "coordinates": [ 36.027744, 34.001347 ] } },
{ "type": "Feature", "properties": { "name_en": "Beit Mchik", "name_ar": "بيت مشيخ", "place_type": "village", "unique_id": "OSM_node/6591996634", "district": "Baalbek", "governorate": "Baalbek-El Hermel" }, "geometry": { "type": "Point", "coordinates": [ 36.0280651, 34.043855099999973 ] } },
{ "type": "Feature", "properties": { "name_en": "Kfar Dabach", "name_ar": "كفر دبش", "place_type": "village", "unique_id": "CAS_LBN21071", "district": "Baalbek", "governorate": "Baalbek-El Hermel" }, "geometry": { "type": "Point", "coordinates": [ 36.033613, 33.945338 ] } },
{ "type": "Feature", "properties": { "name_en": "Mazraat ed Dhour", "name_ar": "مزرعة الضهور", "place_type": "village", "unique_id": "CAS_LBN21095", "district": "Baalbek", "governorate": "Baalbek-El Hermel" }, "geometry": { "type": "Point", "coordinates": [ 36.033885, 34.035148 ] } },
{ "type": "Feature", "properties": { "name_en": "Mrah ej Jamal", "name_ar": "مراح", "place_type": "village", "unique_id": "CAS_LBN21111", "district": "Baalbek", "governorate": "Baalbek-El Hermel" }, "geometry": { "type": "Point", "coordinates": [ 36.035288, 34.054568 ] } },
{ "type": "Feature", "properties": { "name_en": "Nabi Rachade", "name_ar": "نبي رشاده", "place_type": "village", "unique_id": "CAS_LBN21130", "district": "Baalbek", "governorate": "Baalbek-El Hermel" }, "geometry": { "type": "Point", "coordinates": [ 36.037947, 33.994986 ] } },
{ "type": "Feature", "properties": { "name_en": "Mrah Haissoun", "name_ar": "مراح حيصون", "place_type": "village", "unique_id": "CAS_LBN21121", "district": "Baalbek", "governorate": "Baalbek-El Hermel" }, "geometry": { "type": "Point", "coordinates": [ 36.039179, 34.039615 ] } },
{ "type": "Feature", "properties": { "name_en": "Mazraat Oumm Aali", "name_ar": "مزرعة ام علي", "place_type": "village", "unique_id": "CAS_LBN21098", "district": "Baalbek", "governorate": "Baalbek-El Hermel" }, "geometry": { "type": "Point", "coordinates": [ 36.039328, 34.045172 ] } },
{ "type": "Feature", "properties": { "name_en": "Jabaa", "name_ar": "جبعا", "place_type": "village", "unique_id": "CAS_LBN21065", "district": "Baalbek", "governorate": "Baalbek-El Hermel" }, "geometry": { "type": "Point", "coordinates": [ 36.039514, 34.007956 ] } },
{ "type": "Feature", "properties": { "name_en": "Mrah Bou Brahim", "name_ar": "مراح بو براهيم", "place_type": "village", "unique_id": "CAS_LBN21107", "district": "Baalbek", "governorate": "Baalbek-El Hermel" }, "geometry": { "type": "Point", "coordinates": [ 36.039593, 34.067743 ] } },
{ "type": "Feature", "properties": { "name_en": "Mrah Beit Slim", "name_ar": "مراح بيت سليم", "place_type": "village", "unique_id": "CAS_LBN21106", "district": "Baalbek", "governorate": "Baalbek-El Hermel" }, "geometry": { "type": "Point", "coordinates": [ 36.039837, 34.058188 ] } },
{ "type": "Feature", "properties": { "name_en": "Boudai", "name_ar": "بوداي", "place_type": "village", "unique_id": "CAS_LBN21022", "district": "Baalbek", "governorate": "Baalbek-El Hermel" }, "geometry": { "type": "Point", "coordinates": [ 36.059211, 34.061519 ] } },
{ "type": "Feature", "properties": { "name_en": "Biyout es Souh", "name_ar": "بيوت السوح", "place_type": "village", "unique_id": "CAS_LBN22013", "district": "El Hermel", "governorate": "Baalbek-El Hermel" }, "geometry": { "type": "Point", "coordinates": [ 36.229214, 34.344241 ] } },
{ "type": "Feature", "properties": { "name_en": "Bou Sawaya", "name_ar": "بو صوايا", "place_type": "village", "unique_id": "CAS_LBN22014", "district": "El Hermel", "governorate": "Baalbek-El Hermel" }, "geometry": { "type": "Point", "coordinates": [ 36.1915, 34.357493 ] } },
{ "type": "Feature", "properties": { "name_en": "Biyout er Rouais", "name_ar": "بيوت الرويس", "place_type": "village", "unique_id": "CAS_LBN22012", "district": "El Hermel", "governorate": "Baalbek-El Hermel" }, "geometry": { "type": "Point", "coordinates": [ 36.236687, 34.36231 ] } },
{ "type": "Feature", "properties": { "name_en": "Biyout Aawad", "name_ar": "بيوت عواد", "place_type": "village", "unique_id": "CAS_LBN22009", "district": "El Hermel", "governorate": "Baalbek-El Hermel" }, "geometry": { "type": "Point", "coordinates": [ 36.234765, 34.372437 ] } },
{ "type": "Feature", "properties": { "name_en": "Beit Aallaou", "name_ar": "بيت علاّو", "place_type": "village", "unique_id": "CAS_LBN22005", "district": "El Hermel", "governorate": "Baalbek-El Hermel" }, "geometry": { "type": "Point", "coordinates": [ 36.232055, 34.377955 ] } },
{ "type": "Feature", "properties": { "name_en": "Biyout el Hajj Hassan", "name_ar": "بيوت الحاج حسن", "place_type": "village", "unique_id": "CAS_LBN22011", "district": "El Hermel", "governorate": "Baalbek-El Hermel" }, "geometry": { "type": "Point", "coordinates": [ 36.223204, 34.37951 ] } },
{ "type": "Feature", "properties": { "name_en": "Beit Aallam", "name_ar": "بيت علام", "place_type": "village", "unique_id": "CAS_LBN22004", "district": "El Hermel", "governorate": "Baalbek-El Hermel" }, "geometry": { "type": "Point", "coordinates": [ 36.240564, 34.387164 ] } },
{ "type": "Feature", "properties": { "name_en": "Ain el bayda", "name_ar": "عين البيضاء", "place_type": "village", "unique_id": "CAS_LBN22091", "district": "El Hermel", "governorate": "Baalbek-El Hermel" }, "geometry": { "type": "Point", "coordinates": [ 36.230330558999981, 34.393088918999979 ] } },
{ "type": "Feature", "properties": { "name_en": "El Qraita", "name_ar": "قريتي", "place_type": "village", "unique_id": "CAS_LBN22026", "district": "El Hermel", "governorate": "Baalbek-El Hermel" }, "geometry": { "type": "Point", "coordinates": [ 36.243007, 34.373823 ] } },
{ "type": "Feature", "properties": { "name_en": "Es Souaidiye", "name_ar": "سويدية", "place_type": "village", "unique_id": "CAS_LBN22027", "district": "El Hermel", "governorate": "Baalbek-El Hermel" }, "geometry": { "type": "Point", "coordinates": [ 36.240676, 34.405835 ] } },
{ "type": "Feature", "properties": { "name_en": "Hermel Jbab", "name_ar": "هرمل جباب", "place_type": "village", "unique_id": "CAS_LBN22088", "district": "El Hermel", "governorate": "Baalbek-El Hermel" }, "geometry": { "type": "Point", "coordinates": [ 36.230415, 34.355306 ] } },
{ "type": "Feature", "properties": { "name_en": "Jouret el Mzar", "name_ar": "جورة المزار", "place_type": "village", "unique_id": "CAS_LBN22040", "district": "El Hermel", "governorate": "Baalbek-El Hermel" }, "geometry": { "type": "Point", "coordinates": [ 36.22715, 34.337339 ] } },
{ "type": "Feature", "properties": { "name_en": "Ras Baalbek el Gharbi", "name_ar": "راس بعلبك الغربي", "place_type": "village", "unique_id": "CAS_LBN22089", "district": "El Hermel", "governorate": "Baalbek-El Hermel" }, "geometry": { "type": "Point", "coordinates": [ 36.229374, 34.319054 ] } },
{ "type": "Feature", "properties": { "name_en": "Beit es Semmaqa", "name_ar": "بيت السماقة", "place_type": "village", "unique_id": "CAS_LBN22006", "district": "El Hermel", "governorate": "Baalbek-El Hermel" }, "geometry": { "type": "Point", "coordinates": [ 36.334217, 34.479509 ] } },
{ "type": "Feature", "properties": { "name_en": "Jouar El Hachich", "name_ar": "جوار الحشيش", "place_type": "village", "unique_id": "CAS_LBN22039", "district": "El Hermel", "governorate": "Baalbek-El Hermel" }, "geometry": { "type": "Point", "coordinates": [ 36.324869, 34.488058 ] } },
{ "type": "Feature", "properties": { "name_en": "Hmaire", "name_ar": "حميرة", "place_type": "village", "unique_id": "CAS_LBN22036", "district": "El Hermel", "governorate": "Baalbek-El Hermel" }, "geometry": { "type": "Point", "coordinates": [ 36.328811, 34.495017 ] } },
{ "type": "Feature", "properties": { "name_en": "Boustane", "name_ar": "بستان", "place_type": "village", "unique_id": "CAS_LBN22017", "district": "El Hermel", "governorate": "Baalbek-El Hermel" }, "geometry": { "type": "Point", "coordinates": [ 36.327714, 34.511997 ] } },
{ "type": "Feature", "properties": { "name_en": "Fissane", "name_ar": "فيسان", "place_type": "village", "unique_id": "CAS_LBN22029", "district": "El Hermel", "governorate": "Baalbek-El Hermel" }, "geometry": { "type": "Point", "coordinates": [ 36.345722, 34.476178 ] } },
{ "type": "Feature", "properties": { "name_en": "Haouchariye", "name_ar": "هوشرية", "place_type": "village", "unique_id": "CAS_LBN22031", "district": "El Hermel", "governorate": "Baalbek-El Hermel" }, "geometry": { "type": "Point", "coordinates": [ 36.395303, 34.495542 ] } },
{ "type": "Feature", "properties": { "name_en": "Hariqa el hermel", "name_ar": "حريقة الهرمل", "place_type": "village", "unique_id": "CAS_LBN22033", "district": "El Hermel", "governorate": "Baalbek-El Hermel" }, "geometry": { "type": "Point", "coordinates": [ 36.378103, 34.491722 ] } },
{ "type": "Feature", "properties": { "name_en": "Kouakh", "name_ar": "كواخ", "place_type": "village", "unique_id": "CAS_LBN22041", "district": "El Hermel", "governorate": "Baalbek-El Hermel" }, "geometry": { "type": "Point", "coordinates": [ 36.388858, 34.466675 ] } },
{ "type": "Feature", "properties": { "name_en": "Mazraat Et Talle", "name_ar": "مراح التلة", "place_type": "village", "unique_id": "CAS_LBN22046", "district": "El Hermel", "governorate": "Baalbek-El Hermel" }, "geometry": { "type": "Point", "coordinates": [ 36.38047, 34.490246 ] } },
{ "type": "Feature", "properties": { "name_en": "Mrah Ech Chaab", "name_ar": "مراح الشعاب الهرمل", "place_type": "village", "unique_id": "CAS_LBN22052", "district": "El Hermel", "governorate": "Baalbek-El Hermel" }, "geometry": { "type": "Point", "coordinates": [ 36.382994, 34.496194 ] } },
{ "type": "Feature", "properties": { "name_en": "Mrah El Ain", "name_ar": "مراح العين", "place_type": "village", "unique_id": "CAS_LBN22056", "district": "El Hermel", "governorate": "Baalbek-El Hermel" }, "geometry": { "type": "Point", "coordinates": [ 36.334717, 34.471286 ] } },
{ "type": "Feature", "properties": { "name_en": "Mrah el Arab", "name_ar": "مراح العرب", "place_type": "village", "unique_id": "CAS_LBN22057", "district": "El Hermel", "governorate": "Baalbek-El Hermel" }, "geometry": { "type": "Point", "coordinates": [ 36.353375, 34.47804 ] } },
{ "type": "Feature", "properties": { "name_en": "Mrah El Dalil", "name_ar": "مراح الدليل", "place_type": "village", "unique_id": "CAS_LBN22058", "district": "El Hermel", "governorate": "Baalbek-El Hermel" }, "geometry": { "type": "Point", "coordinates": [ 36.369332, 34.48116 ] } },
{ "type": "Feature", "properties": { "name_en": "Mrah esh Shmis", "name_ar": "مراح الشميس الهرمل", "place_type": "village", "unique_id": "CAS_LBN22066", "district": "El Hermel", "governorate": "Baalbek-El Hermel" }, "geometry": { "type": "Point", "coordinates": [ 36.373479, 34.487654 ] } },
{ "type": "Feature", "properties": { "name_en": "Mrah Ez Zakbe", "name_ar": "مراح الزكبة", "place_type": "village", "unique_id": "CAS_LBN22067", "district": "El Hermel", "governorate": "Baalbek-El Hermel" }, "geometry": { "type": "Point", "coordinates": [ 36.392863, 34.479513 ] } },
{ "type": "Feature", "properties": { "name_en": "Qanafez", "name_ar": "قنافذ", "place_type": "village", "unique_id": "CAS_LBN22077", "district": "El Hermel", "governorate": "Baalbek-El Hermel" }, "geometry": { "type": "Point", "coordinates": [ 36.406328, 34.493792 ] } },
{ "type": "Feature", "properties": { "name_en": "Qasr", "name_ar": "القصر", "place_type": "village", "unique_id": "CAS_LBN22078", "district": "El Hermel", "governorate": "Baalbek-El Hermel" }, "geometry": { "type": "Point", "coordinates": [ 36.440553, 34.480933 ] } },
{ "type": "Feature", "properties": { "name_en": "Salhat El Ma", "name_ar": "سهلات المي", "place_type": "village", "unique_id": "CAS_LBN22081", "district": "El Hermel", "governorate": "Baalbek-El Hermel" }, "geometry": { "type": "Point", "coordinates": [ 36.414947, 34.470811 ] } },
{ "type": "Feature", "properties": { "name_en": "Mrah El Dalil", "name_ar": "مراح الدليل", "place_type": "village", "unique_id": "OSM_node/7647648808", "district": "El Hermel", "governorate": "Baalbek-El Hermel" }, "geometry": { "type": "Point", "coordinates": [ 36.385515699999985, 34.4867385 ] } },
{ "type": "Feature", "properties": { "name_en": "Al Majwiyah", "name_ar": "المجوية", "place_type": "village", "unique_id": "OSM_node/573532899", "district": "El Hermel", "governorate": "Baalbek-El Hermel" }, "geometry": { "type": "Point", "coordinates": [ 36.366312600000015, 34.498107800000014 ] } },
{ "type": "Feature", "properties": { "name_en": "Biyout el Ain", "name_ar": "بيوت العين", "place_type": "village", "unique_id": "CAS_LBN22010", "district": "El Hermel", "governorate": "Baalbek-El Hermel" }, "geometry": { "type": "Point", "coordinates": [ 36.245892, 34.404327 ] } },
{ "type": "Feature", "properties": { "name_en": "El Mdawesh", "name_ar": "مداوش", "place_type": "village", "unique_id": "CAS_LBN22024", "district": "El Hermel", "governorate": "Baalbek-El Hermel" }, "geometry": { "type": "Point", "coordinates": [ 36.247906, 34.397283 ] } },
{ "type": "Feature", "properties": { "name_en": "Marj Hine", "name_ar": "مرجحين", "place_type": "village", "unique_id": "CAS_LBN22044", "district": "El Hermel", "governorate": "Baalbek-El Hermel" }, "geometry": { "type": "Point", "coordinates": [ 36.253463, 34.408281 ] } },
{ "type": "Feature", "properties": { "name_en": "Jawz", "name_ar": "جوز", "place_type": "village", "unique_id": "CAS_LBN22037", "district": "El Hermel", "governorate": "Baalbek-El Hermel" }, "geometry": { "type": "Point", "coordinates": [ 36.274325, 34.461939 ] } },
{ "type": "Feature", "properties": { "name_en": "Berghoch", "name_ar": "برغش", "place_type": "village", "unique_id": "CAS_LBN22008", "district": "El Hermel", "governorate": "Baalbek-El Hermel" }, "geometry": { "type": "Point", "coordinates": [ 36.300625, 34.392253 ] } },
{ "type": "Feature", "properties": { "name_en": "Mrah Naaouas", "name_ar": "مراح النواس", "place_type": "village", "unique_id": "CAS_LBN22069", "district": "El Hermel", "governorate": "Baalbek-El Hermel" }, "geometry": { "type": "Point", "coordinates": [ 36.306694, 34.339017 ] } },
{ "type": "Feature", "properties": { "name_en": "Souaisse", "name_ar": "السويسة", "place_type": "village", "unique_id": "CAS_LBN22083", "district": "El Hermel", "governorate": "Baalbek-El Hermel" }, "geometry": { "type": "Point", "coordinates": [ 36.307125, 34.463047 ] } },
{ "type": "Feature", "properties": { "name_en": "Brissa", "name_ar": "بريصا", "place_type": "village", "unique_id": "CAS_LBN22019", "district": "El Hermel", "governorate": "Baalbek-El Hermel" }, "geometry": { "type": "Point", "coordinates": [ 36.315075, 34.44355 ] } },
{ "type": "Feature", "properties": { "name_en": "Wadi Bnit", "name_ar": "وادي بنيت", "place_type": "village", "unique_id": "CAS_LBN22079", "district": "El Hermel", "governorate": "Baalbek-El Hermel" }, "geometry": { "type": "Point", "coordinates": [ 36.315603, 34.329903 ] } },
{ "type": "Feature", "properties": { "name_en": "Ouadi et Tourkmane", "name_ar": "وادي التركمان", "place_type": "village", "unique_id": "CAS_LBN22075", "district": "El Hermel", "governorate": "Baalbek-El Hermel" }, "geometry": { "type": "Point", "coordinates": [ 36.317995, 34.376569 ] } },
{ "type": "Feature", "properties": { "name_en": "Mrah el Qorne", "name_ar": "مراح القرنة", "place_type": "village", "unique_id": "CAS_LBN22063", "district": "El Hermel", "governorate": "Baalbek-El Hermel" }, "geometry": { "type": "Point", "coordinates": [ 36.31996, 34.327732 ] } },
{ "type": "Feature", "properties": { "name_en": "Quadi el Karm", "name_ar": "وادي الكرم", "place_type": "village", "unique_id": "CAS_LBN22080", "district": "El Hermel", "governorate": "Baalbek-El Hermel" }, "geometry": { "type": "Point", "coordinates": [ 36.320319, 34.34185 ] } },
{ "type": "Feature", "properties": { "name_en": "Mrah El Mougher", "name_ar": "مراح المغر", "place_type": "village", "unique_id": "CAS_LBN22062", "district": "El Hermel", "governorate": "Baalbek-El Hermel" }, "geometry": { "type": "Point", "coordinates": [ 36.321783, 34.392547 ] } },
{ "type": "Feature", "properties": { "name_en": "Haret El Maasser", "name_ar": "حارة المعاصر", "place_type": "village", "unique_id": "CAS_LBN22032", "district": "El Hermel", "governorate": "Baalbek-El Hermel" }, "geometry": { "type": "Point", "coordinates": [ 36.324386, 34.429383 ] } },
{ "type": "Feature", "properties": { "name_en": "Zouaitini Zighrine", "name_ar": "الزويتينه زغرين", "place_type": "village", "unique_id": "CAS_LBN22087", "district": "El Hermel", "governorate": "Baalbek-El Hermel" }, "geometry": { "type": "Point", "coordinates": [ 36.325542, 34.356769 ] } },
{ "type": "Feature", "properties": { "name_en": "Zighrine", "name_ar": "زغرين", "place_type": "village", "unique_id": "CAS_LBN22085", "district": "El Hermel", "governorate": "Baalbek-El Hermel" }, "geometry": { "type": "Point", "coordinates": [ 36.327539, 34.410942 ] } },
{ "type": "Feature", "properties": { "name_en": "Ouadi Er Ratle", "name_ar": "وادي الرطل", "place_type": "village", "unique_id": "CAS_LBN22074", "district": "El Hermel", "governorate": "Baalbek-El Hermel" }, "geometry": { "type": "Point", "coordinates": [ 36.329433, 34.396014 ] } },
{ "type": "Feature", "properties": { "name_en": "Ain al Jadideh", "name_ar": "عين الجديدة الهرمل", "place_type": "village", "unique_id": "CAS_LBN22002", "district": "El Hermel", "governorate": "Baalbek-El Hermel" }, "geometry": { "type": "Point", "coordinates": [ 36.33205, 34.449528 ] } },
{ "type": "Feature", "properties": { "name_en": "Mrah Yassine", "name_ar": "مراح ياسين", "place_type": "village", "unique_id": "CAS_LBN22071", "district": "El Hermel", "governorate": "Baalbek-El Hermel" }, "geometry": { "type": "Point", "coordinates": [ 36.333619, 34.337919 ] } },
{ "type": "Feature", "properties": { "name_en": "El Baaoul", "name_ar": "البعول", "place_type": "village", "unique_id": "CAS_LBN22016", "district": "El Hermel", "governorate": "Baalbek-El Hermel" }, "geometry": { "type": "Point", "coordinates": [ 36.333886, 34.417931 ] } },
{ "type": "Feature", "properties": { "name_en": "Mrah el Mahlise", "name_ar": "مراح المحليسة", "place_type": "village", "unique_id": "CAS_LBN22060", "district": "El Hermel", "governorate": "Baalbek-El Hermel" }, "geometry": { "type": "Point", "coordinates": [ 36.259983, 34.280532 ] } },
{ "type": "Feature", "properties": { "name_en": "Mrah el Aaqabe", "name_ar": "مراح العقبة", "place_type": "village", "unique_id": "CAS_LBN22055", "district": "El Hermel", "governorate": "Baalbek-El Hermel" }, "geometry": { "type": "Point", "coordinates": [ 36.274186, 34.284363 ] } },
{ "type": "Feature", "properties": { "name_en": "Maaisr", "name_ar": "معيصرة", "place_type": "village", "unique_id": "CAS_LBN22042", "district": "El Hermel", "governorate": "Baalbek-El Hermel" }, "geometry": { "type": "Point", "coordinates": [ 36.2917, 34.276358 ] } },
{ "type": "Feature", "properties": { "name_en": "Faara", "name_ar": "فعرا", "place_type": "village", "unique_id": "CAS_LBN22028", "district": "El Hermel", "governorate": "Baalbek-El Hermel" }, "geometry": { "type": "Point", "coordinates": [ 36.304049, 34.285978 ] } },
{ "type": "Feature", "properties": { "name_en": "Mrah el Qraita", "name_ar": "مراح القريتا", "place_type": "village", "unique_id": "CAS_LBN22064", "district": "El Hermel", "governorate": "Baalbek-El Hermel" }, "geometry": { "type": "Point", "coordinates": [ 36.318186, 34.293792 ] } },
{ "type": "Feature", "properties": { "name_en": "Qalaat Bakdach", "name_ar": "قلعة بكداش", "place_type": "village", "unique_id": "CAS_LBN21136", "district": "El Hermel", "governorate": "Baalbek-El Hermel" }, "geometry": { "type": "Point", "coordinates": [ 36.36299, 34.300471 ] } },
{ "type": "Feature", "properties": { "name_en": "Mnaira", "name_ar": "منيرة", "place_type": "village", "unique_id": "CAS_LBN22048", "district": "El Hermel", "governorate": "Baalbek-El Hermel" }, "geometry": { "type": "Point", "coordinates": [ 36.317933, 34.311903 ] } },
{ "type": "Feature", "properties": { "name_en": "Mrah Houssain Taane", "name_ar": "مراح حسين طعان", "place_type": "village", "unique_id": "CAS_LBN22068", "district": "El Hermel", "governorate": "Baalbek-El Hermel" }, "geometry": { "type": "Point", "coordinates": [ 36.298617, 34.303075 ] } },
{ "type": "Feature", "properties": { "name_en": "Ouadi en Nayra", "name_ar": "وادي النيرة", "place_type": "village", "unique_id": "CAS_LBN22073", "district": "El Hermel", "governorate": "Baalbek-El Hermel" }, "geometry": { "type": "Point", "coordinates": [ 36.311675, 34.312006 ] } },
{ "type": "Feature", "properties": { "name_en": "Ras Baalbek Ouadi Faara", "name_ar": "راس بعلبك وادي فعرا", "place_type": "village", "unique_id": "CAS_LBN22090", "district": "El Hermel", "governorate": "Baalbek-El Hermel" }, "geometry": { "type": "Point", "coordinates": [ 36.353071, 34.296955 ] } },
{ "type": "Feature", "properties": { "name_en": "Wadi Faara", "name_ar": "وادي فعرا", "place_type": "village", "unique_id": "CAS_LBN22076", "district": "El Hermel", "governorate": "Baalbek-El Hermel" }, "geometry": { "type": "Point", "coordinates": [ 36.306635, 34.284407 ] } },
{ "type": "Feature", "properties": { "name_en": "Mazraat Beit el Fqih", "name_ar": "مزرعة بيت الفقيه", "place_type": "village", "unique_id": "CAS_LBN22047", "district": "El Hermel", "governorate": "Baalbek-El Hermel" }, "geometry": { "type": "Point", "coordinates": [ 36.340197, 34.349231 ] } },
{ "type": "Feature", "properties": { "name_en": "Mrah Beit Aalaoui", "name_ar": "مراح بيت علاو", "place_type": "village", "unique_id": "CAS_LBN22050", "district": "El Hermel", "governorate": "Baalbek-El Hermel" }, "geometry": { "type": "Point", "coordinates": [ 36.340867, 34.367831 ] } },
{ "type": "Feature", "properties": { "name_en": "Mrah ech Chnain", "name_ar": "مراح شنين", "place_type": "village", "unique_id": "CAS_LBN22054", "district": "El Hermel", "governorate": "Baalbek-El Hermel" }, "geometry": { "type": "Point", "coordinates": [ 36.342607, 34.399776 ] } },
{ "type": "Feature", "properties": { "name_en": "Mrah es Siyaid", "name_ar": "مراح السياد", "place_type": "village", "unique_id": "CAS_LBN22065", "district": "El Hermel", "governorate": "Baalbek-El Hermel" }, "geometry": { "type": "Point", "coordinates": [ 36.343058, 34.372781 ] } },
{ "type": "Feature", "properties": { "name_en": "Mrah Bou Kamar al Dine", "name_ar": "مراح بو قمر الدين", "place_type": "village", "unique_id": "CAS_LBN22051", "district": "El Hermel", "governorate": "Baalbek-El Hermel" }, "geometry": { "type": "Point", "coordinates": [ 36.343881, 34.392133 ] } },
{ "type": "Feature", "properties": { "name_en": "Sharbine el Faouqa", "name_ar": "شربين الفوقا", "place_type": "village", "unique_id": "CAS_LBN22082", "district": "El Hermel", "governorate": "Baalbek-El Hermel" }, "geometry": { "type": "Point", "coordinates": [ 36.347322, 34.452228 ] } },
{ "type": "Feature", "properties": { "name_en": "Mrah Sejoud", "name_ar": "مراح سجد", "place_type": "village", "unique_id": "CAS_LBN22070", "district": "El Hermel", "governorate": "Baalbek-El Hermel" }, "geometry": { "type": "Point", "coordinates": [ 36.347358, 34.423769 ] } },
{ "type": "Feature", "properties": { "name_en": "Mrah Aabbas", "name_ar": "مراح عباس", "place_type": "village", "unique_id": "CAS_LBN22049", "district": "El Hermel", "governorate": "Baalbek-El Hermel" }, "geometry": { "type": "Point", "coordinates": [ 36.350108, 34.397639 ] } },
{ "type": "Feature", "properties": { "name_en": "Mrah El Mouchref", "name_ar": "مراح المشرف", "place_type": "village", "unique_id": "CAS_LBN22061", "district": "El Hermel", "governorate": "Baalbek-El Hermel" }, "geometry": { "type": "Point", "coordinates": [ 36.358861, 34.432525 ] } },
{ "type": "Feature", "properties": { "name_en": "Zighrine Et Tahta", "name_ar": "زغرين التحتى", "place_type": "village", "unique_id": "CAS_LBN22086", "district": "El Hermel", "governorate": "Baalbek-El Hermel" }, "geometry": { "type": "Point", "coordinates": [ 36.358903, 34.425283 ] } },
{ "type": "Feature", "properties": { "name_en": "Charbine", "name_ar": "شربين", "place_type": "village", "unique_id": "CAS_LBN22020", "district": "El Hermel", "governorate": "Baalbek-El Hermel" }, "geometry": { "type": "Point", "coordinates": [ 36.362211, 34.458042 ] } },
{ "type": "Feature", "properties": { "name_en": "Deir Mar Maroun Baalbek", "name_ar": "دير مار مارون بعلبك", "place_type": "village", "unique_id": "CAS_LBN21032", "district": "El Hermel", "governorate": "Baalbek-El Hermel" }, "geometry": { "type": "Point", "coordinates": [ 36.373176, 34.352281 ] } },
{ "type": "Feature", "properties": { "name_en": "Mrah el Gharbi", "name_ar": "مراح الغربي", "place_type": "village", "unique_id": "CAS_LBN22059", "district": "El Hermel", "governorate": "Baalbek-El Hermel" }, "geometry": { "type": "Point", "coordinates": [ 36.377724, 34.398061 ] } },
{ "type": "Feature", "properties": { "name_en": "Bdita", "name_ar": "بديتا", "place_type": "village", "unique_id": "CAS_LBN22003", "district": "El Hermel", "governorate": "Baalbek-El Hermel" }, "geometry": { "type": "Point", "coordinates": [ 36.378997, 34.39003 ] } },
{ "type": "Feature", "properties": { "name_en": "Breij", "name_ar": "البريج", "place_type": "village", "unique_id": "CAS_LBN22018", "district": "El Hermel", "governorate": "Baalbek-El Hermel" }, "geometry": { "type": "Point", "coordinates": [ 36.381208, 34.45525 ] } },
{ "type": "Feature", "properties": { "name_en": "Mrah ech Charqi", "name_ar": "مراح الشرقي", "place_type": "village", "unique_id": "CAS_LBN22053", "district": "El Hermel", "governorate": "Baalbek-El Hermel" }, "geometry": { "type": "Point", "coordinates": [ 36.381987, 34.400062 ] } },
{ "type": "Feature", "properties": { "name_en": "El Ouaqf", "name_ar": "الوقف", "place_type": "village", "unique_id": "CAS_LBN22025", "district": "El Hermel", "governorate": "Baalbek-El Hermel" }, "geometry": { "type": "Point", "coordinates": [ 36.385142, 34.393067 ] } },
{ "type": "Feature", "properties": { "name_en": "Hermel", "name_ar": "هرمل", "place_type": "village", "unique_id": "CAS_LBN22035", "district": "El Hermel", "governorate": "Baalbek-El Hermel" }, "geometry": { "type": "Point", "coordinates": [ 36.386069, 34.397192 ] } },
{ "type": "Feature", "properties": { "name_en": "Mansoureh", "name_ar": "منصورة", "place_type": "village", "unique_id": "CAS_LBN22043", "district": "El Hermel", "governorate": "Baalbek-El Hermel" }, "geometry": { "type": "Point", "coordinates": [ 36.411503, 34.424386 ] } },
{ "type": "Feature", "properties": { "name_en": "Bouaida", "name_ar": "بويضة", "place_type": "village", "unique_id": "CAS_LBN22015", "district": "El Hermel", "governorate": "Baalbek-El Hermel" }, "geometry": { "type": "Point", "coordinates": [ 36.413614, 34.435786 ] } },
{ "type": "Feature", "properties": { "name_en": "Aaqabe", "name_ar": "عقبة", "place_type": "village", "unique_id": "CAS_LBN22001", "district": "El Hermel", "governorate": "Baalbek-El Hermel" }, "geometry": { "type": "Point", "coordinates": [ 36.416287, 34.385775 ] } },
{ "type": "Feature", "properties": { "name_en": "Jisr el Aassi", "name_ar": "جسر العاصي", "place_type": "village", "unique_id": "CAS_LBN22038", "district": "El Hermel", "governorate": "Baalbek-El Hermel" }, "geometry": { "type": "Point", "coordinates": [ 36.419869, 34.390782 ] } },
{ "type": "Feature", "properties": { "name_en": "Nasriye", "name_ar": "ناصرية الهرمل", "place_type": "village", "unique_id": "CAS_LBN22072", "district": "El Hermel", "governorate": "Baalbek-El Hermel" }, "geometry": { "type": "Point", "coordinates": [ 36.424814, 34.447006 ] } },
{ "type": "Feature", "properties": { "name_en": "Mazraat Beit Et Tachm", "name_ar": "مزرعة بيت الطشم", "place_type": "village", "unique_id": "CAS_LBN22045", "district": "El Hermel", "governorate": "Baalbek-El Hermel" }, "geometry": { "type": "Point", "coordinates": [ 36.459994, 34.423464 ] } },
{ "type": "Feature", "properties": { "name_en": "Bayt Hayrah", "name_ar": "بيت حيرة", "place_type": "village", "unique_id": "OSM_node/573532536", "district": "El Hermel", "governorate": "Baalbek-El Hermel" }, "geometry": { "type": "Point", "coordinates": [ 36.466666700000019, 34.433333300000015 ] } },
{ "type": "Feature", "properties": { "name_en": "Beit Hira", "name_ar": "بيت حيرا", "place_type": "village", "unique_id": "CAS_LBN22007", "district": "El Hermel", "governorate": "Baalbek-El Hermel" }, "geometry": { "type": "Point", "coordinates": [ 36.470717, 34.442983 ] } },
{ "type": "Feature", "properties": { "name_en": "Hawch Beit Ismail", "name_ar": "حوش بيت اسماعيل", "place_type": "village", "unique_id": "CAS_LBN22034", "district": "El Hermel", "governorate": "Baalbek-El Hermel" }, "geometry": { "type": "Point", "coordinates": [ 36.482928, 34.455233 ] } },
{ "type": "Feature", "properties": { "name_en": "Haouch Es Saiyad Aali", "name_ar": "حوش السيد علي", "place_type": "village", "unique_id": "CAS_LBN22030", "district": "El Hermel", "governorate": "Baalbek-El Hermel" }, "geometry": { "type": "Point", "coordinates": [ 36.498771, 34.460189 ] } },
{ "type": "Feature", "properties": { "name_en": "Ed Daoura el hermel", "name_ar": "الدورة الهرمل", "place_type": "village", "unique_id": "CAS_LBN22023", "district": "El Hermel", "governorate": "Baalbek-El Hermel" }, "geometry": { "type": "Point", "coordinates": [ 36.389372, 34.402753 ] } },
{ "type": "Feature", "properties": { "name_en": "Chouaghir", "name_ar": "شواغير", "place_type": "village", "unique_id": "CAS_LBN22021", "district": "El Hermel", "governorate": "Baalbek-El Hermel" }, "geometry": { "type": "Point", "coordinates": [ 36.423172, 34.402911 ] } },
{ "type": "Feature", "properties": { "name_en": "Tall El far", "name_ar": "تل الفار", "place_type": "village", "unique_id": "CAS_LBN22084", "district": "El Hermel", "governorate": "Baalbek-El Hermel" }, "geometry": { "type": "Point", "coordinates": [ 36.412014, 34.413736 ] } },
{ "type": "Feature", "properties": { "name_en": "Mazret Al Chmis", "name_ar": "مزرعة الشميسة", "place_type": "village", "unique_id": "CAS_LBN23034", "district": "Rachaya", "governorate": "Bekaa" }, "geometry": { "type": "Point", "coordinates": [ 35.732211, 33.516119 ] } },
{ "type": "Feature", "properties": { "name_en": "Mhaidse", "name_ar": "محيدثه", "place_type": "village", "unique_id": "CAS_LBN23036", "district": "Rachaya", "governorate": "Bekaa" }, "geometry": { "type": "Point", "coordinates": [ 35.810808, 33.556508 ] } },
{ "type": "Feature", "properties": { "name_en": "Rafid", "name_ar": "الرافد راشيا", "place_type": "village", "unique_id": "CAS_LBN23039", "district": "Rachaya", "governorate": "Bekaa" }, "geometry": { "type": "Point", "coordinates": [ 35.816322, 33.572203 ] } },
{ "type": "Feature", "properties": { "name_en": "Bire rachaya", "name_ar": "بيرة راشّيا", "place_type": "village", "unique_id": "CAS_LBN23012", "district": "Rachaya", "governorate": "Bekaa" }, "geometry": { "type": "Point", "coordinates": [ 35.819001, 33.585652 ] } },
{ "type": "Feature", "properties": { "name_en": "Majdal Balhis", "name_ar": "مجدل بلهيص", "place_type": "village", "unique_id": "CAS_LBN23026", "district": "Rachaya", "governorate": "Bekaa" }, "geometry": { "type": "Point", "coordinates": [ 35.745519, 33.538683 ] } },
{ "type": "Feature", "properties": { "name_en": "En Nabi Safa", "name_ar": "نبي صفا", "place_type": "village", "unique_id": "CAS_LBN23016", "district": "Rachaya", "governorate": "Bekaa" }, "geometry": { "type": "Point", "coordinates": [ 35.747524, 33.495686 ] } },
{ "type": "Feature", "properties": { "name_en": "Haouch El Qinnabeh", "name_ar": "حوش القنعبة", "place_type": "village", "unique_id": "CAS_LBN23018", "district": "Rachaya", "governorate": "Bekaa" }, "geometry": { "type": "Point", "coordinates": [ 35.754153, 33.476133 ] } },
{ "type": "Feature", "properties": { "name_en": "Nabaat", "name_ar": "النبعات", "place_type": "village", "unique_id": "OSM_node/5288430207", "district": "Rachaya", "governorate": "Bekaa" }, "geometry": { "type": "Point", "coordinates": [ 35.755197599999974, 33.4889521 ] } },
{ "type": "Feature", "properties": { "name_en": "Kfar Mechki", "name_ar": "كفر مشكي", "place_type": "village", "unique_id": "CAS_LBN23023", "district": "Rachaya", "governorate": "Bekaa" }, "geometry": { "type": "Point", "coordinates": [ 35.766653, 33.516878 ] } },
{ "type": "Feature", "properties": { "name_en": "Mazraat Jaafar", "name_ar": "مزرعة جعفر", "place_type": "village", "unique_id": "CAS_LBN23033", "district": "Rachaya", "governorate": "Bekaa" }, "geometry": { "type": "Point", "coordinates": [ 35.769392, 33.469714 ] } },
{ "type": "Feature", "properties": { "name_en": "Qnaabe", "name_ar": "قنعبة", "place_type": "village", "unique_id": "CAS_LBN23037", "district": "Rachaya", "governorate": "Bekaa" }, "geometry": { "type": "Point", "coordinates": [ 35.771839, 33.478769 ] } },
{ "type": "Feature", "properties": { "name_en": "Ain Aata", "name_ar": "عين عطا", "place_type": "village", "unique_id": "CAS_LBN23005", "district": "Rachaya", "governorate": "Bekaa" }, "geometry": { "type": "Point", "coordinates": [ 35.778528, 33.43665 ] } },
{ "type": "Feature", "properties": { "name_en": "Kaoukaba", "name_ar": "كوكبا", "place_type": "village", "unique_id": "CAS_LBN23021", "district": "Rachaya", "governorate": "Bekaa" }, "geometry": { "type": "Point", "coordinates": [ 35.780797, 33.529328 ] } },
{ "type": "Feature", "properties": { "name_en": "Ain Hircha", "name_ar": "عين حرشة", "place_type": "village", "unique_id": "CAS_LBN23006", "district": "Rachaya", "governorate": "Bekaa" }, "geometry": { "type": "Point", "coordinates": [ 35.783258, 33.456667 ] } },
{ "type": "Feature", "properties": { "name_en": "Jebb Farah", "name_ar": "جب فرح", "place_type": "village", "unique_id": "CAS_LBN23020", "district": "Rachaya", "governorate": "Bekaa" }, "geometry": { "type": "Point", "coordinates": [ 35.79066, 33.517053 ] } },
{ "type": "Feature", "properties": { "name_en": "Marj es Simah", "name_ar": "مرج السماح", "place_type": "village", "unique_id": "CAS_LBN23027", "district": "Rachaya", "governorate": "Bekaa" }, "geometry": { "type": "Point", "coordinates": [ 35.79665, 33.50425 ] } },
{ "type": "Feature", "properties": { "name_en": "Beit Lahia", "name_ar": "بيت لهيا", "place_type": "village", "unique_id": "CAS_LBN23011", "district": "Rachaya", "governorate": "Bekaa" }, "geometry": { "type": "Point", "coordinates": [ 35.801275, 33.483511 ] } },
{ "type": "Feature", "properties": { "name_en": "Tannoura", "name_ar": "تنورة", "place_type": "village", "unique_id": "CAS_LBN23040", "district": "Rachaya", "governorate": "Bekaa" }, "geometry": { "type": "Point", "coordinates": [ 35.802131, 33.474261 ] } },
{ "type": "Feature", "properties": { "name_en": "Aaz el Aarab", "name_ar": "عز العرب", "place_type": "village", "unique_id": "CAS_LBN23003", "district": "Rachaya", "governorate": "Bekaa" }, "geometry": { "type": "Point", "coordinates": [ 35.802211, 33.518732 ] } },
{ "type": "Feature", "properties": { "name_en": "El Faqaa", "name_ar": "الفقعة", "place_type": "village", "unique_id": "CAS_LBN23015", "district": "Rachaya", "governorate": "Bekaa" }, "geometry": { "type": "Point", "coordinates": [ 35.817411, 33.457083 ] } },
{ "type": "Feature", "properties": { "name_en": "Bakkifa", "name_ar": "بكيفا راشيا", "place_type": "village", "unique_id": "CAS_LBN23009", "district": "Rachaya", "governorate": "Bekaa" }, "geometry": { "type": "Point", "coordinates": [ 35.818622, 33.493269 ] } },
{ "type": "Feature", "properties": { "name_en": "Aaqbe", "name_ar": "عقبة راشيّا", "place_type": "village", "unique_id": "CAS_LBN23002", "district": "Rachaya", "governorate": "Bekaa" }, "geometry": { "type": "Point", "coordinates": [ 35.8211, 33.505064 ] } },
{ "type": "Feature", "properties": { "name_en": "El Aaqabe", "name_ar": "عقبة", "place_type": "village", "unique_id": "OSM_node/7024226150", "district": "Rachaya", "governorate": "Bekaa" }, "geometry": { "type": "Point", "coordinates": [ 35.8256864, 33.5040434 ] } },
{ "type": "Feature", "properties": { "name_en": "Rachaiya", "name_ar": "راشيّا الوادي", "place_type": "village", "unique_id": "CAS_LBN23038", "district": "Rachaya", "governorate": "Bekaa" }, "geometry": { "type": "Point", "coordinates": [ 35.837823, 33.499143 ] } },
{ "type": "Feature", "properties": { "name_en": "Dahr el Ahmar", "name_ar": "ضهر الاحمر", "place_type": "village", "unique_id": "CAS_LBN23013", "district": "Rachaya", "governorate": "Bekaa" }, "geometry": { "type": "Point", "coordinates": [ 35.837903, 33.527897 ] } },
{ "type": "Feature", "properties": { "name_en": "Haret el Kaouasbe", "name_ar": "حارة الكواسبة", "place_type": "village", "unique_id": "CAS_LBN23019", "district": "Rachaya", "governorate": "Bekaa" }, "geometry": { "type": "Point", "coordinates": [ 35.844163, 33.499095 ] } },
{ "type": "Feature", "properties": { "name_en": "الكساير", "name_ar": "الكساير", "place_type": "hamlet", "unique_id": "OSM_node/5832182846", "district": "Rachaya", "governorate": "Bekaa" }, "geometry": { "type": "Point", "coordinates": [ 35.866167, 33.534168200000011 ] } },
{ "type": "Feature", "properties": { "name_en": "Aaiha", "name_ar": "عيحا", "place_type": "village", "unique_id": "CAS_LBN23001", "district": "Rachaya", "governorate": "Bekaa" }, "geometry": { "type": "Point", "coordinates": [ 35.876269, 33.499098 ] } },
{ "type": "Feature", "properties": { "name_en": "خلة حبيبي", "name_ar": "خلة حبيبي", "place_type": "hamlet", "unique_id": "OSM_node/5832182847", "district": "Rachaya", "governorate": "Bekaa" }, "geometry": { "type": "Point", "coordinates": [ 35.876505599999973, 33.5404699 ] } },
{ "type": "Feature", "properties": { "name_en": "Kfar Qouq", "name_ar": "كفرقوق", "place_type": "village", "unique_id": "CAS_LBN23024", "district": "Rachaya", "governorate": "Bekaa" }, "geometry": { "type": "Point", "coordinates": [ 35.892028, 33.532422 ] } },
{ "type": "Feature", "properties": { "name_en": "Mazraat Aazzi", "name_ar": "مزرعة عزِي", "place_type": "village", "unique_id": "CAS_LBN23028", "district": "Rachaya", "governorate": "Bekaa" }, "geometry": { "type": "Point", "coordinates": [ 35.841982, 33.608418 ] } },
{ "type": "Feature", "properties": { "name_en": "Khirbet Rouha", "name_ar": "خربة روحا", "place_type": "village", "unique_id": "CAS_LBN23025", "district": "Rachaya", "governorate": "Bekaa" }, "geometry": { "type": "Point", "coordinates": [ 35.852183, 33.571842 ] } },
{ "type": "Feature", "properties": { "name_en": "Kfar Danis", "name_ar": "كفر دنيس", "place_type": "village", "unique_id": "CAS_LBN23022", "district": "Rachaya", "governorate": "Bekaa" }, "geometry": { "type": "Point", "coordinates": [ 35.852242, 33.549544 ] } },
{ "type": "Feature", "properties": { "name_en": "Bayader el Aadas", "name_ar": "بيادر العدس", "place_type": "village", "unique_id": "CAS_LBN23010", "district": "Rachaya", "governorate": "Bekaa" }, "geometry": { "type": "Point", "coordinates": [ 35.87197, 33.63551 ] } },
{ "type": "Feature", "properties": { "name_en": "Ain Aarab", "name_ar": "عين عرب", "place_type": "village", "unique_id": "CAS_LBN23004", "district": "Rachaya", "governorate": "Bekaa" }, "geometry": { "type": "Point", "coordinates": [ 35.873328, 33.576367 ] } },
{ "type": "Feature", "properties": { "name_en": "Mdoukha", "name_ar": "مدوخا", "place_type": "village", "unique_id": "CAS_LBN23035", "district": "Rachaya", "governorate": "Bekaa" }, "geometry": { "type": "Point", "coordinates": [ 35.876297, 33.606181 ] } },
{ "type": "Feature", "properties": { "name_en": "Mazraat Ain Qeniye", "name_ar": "مزرعة عين قنية", "place_type": "village", "unique_id": "CAS_LBN23029", "district": "Rachaya", "governorate": "Bekaa" }, "geometry": { "type": "Point", "coordinates": [ 35.903239, 33.618371 ] } },
{ "type": "Feature", "properties": { "name_en": "Aita el Foukhar", "name_ar": "عيتا الفخار", "place_type": "village", "unique_id": "CAS_LBN23007", "district": "Rachaya", "governorate": "Bekaa" }, "geometry": { "type": "Point", "coordinates": [ 35.904108, 33.640036 ] } },
{ "type": "Feature", "properties": { "name_en": "Mazraat el Qalioun", "name_ar": "مزرعة القليون", "place_type": "village", "unique_id": "CAS_LBN23032", "district": "Rachaya", "governorate": "Bekaa" }, "geometry": { "type": "Point", "coordinates": [ 35.909299, 33.605218 ] } },
{ "type": "Feature", "properties": { "name_en": "Bakka", "name_ar": "بكا", "place_type": "village", "unique_id": "CAS_LBN23008", "district": "Rachaya", "governorate": "Bekaa" }, "geometry": { "type": "Point", "coordinates": [ 35.923903, 33.593836 ] } },
{ "type": "Feature", "properties": { "name_en": "Yanta", "name_ar": "ينطا", "place_type": "village", "unique_id": "CAS_LBN23041", "district": "Rachaya", "governorate": "Bekaa" }, "geometry": { "type": "Point", "coordinates": [ 35.943605, 33.603556 ] } },
{ "type": "Feature", "properties": { "name_en": "Selsata Mazraat Dier el Aachayer", "name_ar": "مزرعة سلساتا", "place_type": "village", "unique_id": "CAS_LBN23030", "district": "Rachaya", "governorate": "Bekaa" }, "geometry": { "type": "Point", "coordinates": [ 35.991164, 33.580803 ] } },
{ "type": "Feature", "properties": { "name_en": "Haloua", "name_ar": "حلوة", "place_type": "village", "unique_id": "CAS_LBN23017", "district": "Rachaya", "governorate": "Bekaa" }, "geometry": { "type": "Point", "coordinates": [ 35.9983, 33.610561 ] } },
{ "type": "Feature", "properties": { "name_en": "Mazraat Deir el Aachaiyer", "name_ar": "مزرعة دير العشاير", "place_type": "village", "unique_id": "CAS_LBN23031", "district": "Rachaya", "governorate": "Bekaa" }, "geometry": { "type": "Point", "coordinates": [ 36.007584, 33.576532 ] } },
{ "type": "Feature", "properties": { "name_en": "Deir el Aachayer", "name_ar": "دير العشاير", "place_type": "village", "unique_id": "CAS_LBN23014", "district": "Rachaya", "governorate": "Bekaa" }, "geometry": { "type": "Point", "coordinates": [ 36.010558, 33.556925 ] } },
{ "type": "Feature", "properties": { "name_en": "الوعرات", "name_ar": "الوعرات", "place_type": "hamlet", "unique_id": "OSM_node/5832183006", "district": "Rachaya", "governorate": "Bekaa" }, "geometry": { "type": "Point", "coordinates": [ 35.910832, 33.557570399999975 ] } },
{ "type": "Feature", "properties": { "name_en": "Morh el Ouaarat", "name_ar": "مرح الوعرة", "place_type": "village", "unique_id": "OSM_node/6505733731", "district": "Rachaya", "governorate": "Bekaa" }, "geometry": { "type": "Point", "coordinates": [ 36.02138309999998, 33.6002709 ] } },
{ "type": "Feature", "properties": { "name_en": "Qillaya", "name_ar": "قلايا", "place_type": "village", "unique_id": "CAS_LBN24035", "district": "West Bekaa", "governorate": "Bekaa" }, "geometry": { "type": "Point", "coordinates": [ 35.655622, 33.437453 ] } },
{ "type": "Feature", "properties": { "name_en": "Loussia", "name_ar": "لوسيا", "place_type": "village", "unique_id": "CAS_LBN24028", "district": "West Bekaa", "governorate": "Bekaa" }, "geometry": { "type": "Point", "coordinates": [ 35.648442, 33.441164 ] } },
{ "type": "Feature", "properties": { "name_en": "Zellaya", "name_ar": "زلايا", "place_type": "village", "unique_id": "CAS_LBN24045", "district": "West Bekaa", "governorate": "Bekaa" }, "geometry": { "type": "Point", "coordinates": [ 35.668258, 33.459461 ] } },
{ "type": "Feature", "properties": { "name_en": "Meidoun", "name_ar": "ميدون", "place_type": "village", "unique_id": "CAS_LBN24032", "district": "West Bekaa", "governorate": "Bekaa" }, "geometry": { "type": "Point", "coordinates": [ 35.639856, 33.469411 ] } },
{ "type": "Feature", "properties": { "name_en": "Libbaya", "name_ar": "لبايا", "place_type": "village", "unique_id": "CAS_LBN24027", "district": "West Bekaa", "governorate": "Bekaa" }, "geometry": { "type": "Point", "coordinates": [ 35.7256, 33.4813 ] } },
{ "type": "Feature", "properties": { "name_en": "Yohmor West Bekaa", "name_ar": "يحمر بقاع الغربي", "place_type": "village", "unique_id": "CAS_LBN24044", "district": "West Bekaa", "governorate": "Bekaa" }, "geometry": { "type": "Point", "coordinates": [ 35.669444, 33.486181 ] } },
{ "type": "Feature", "properties": { "name_en": "Yohmor", "name_ar": "يحمر", "place_type": "village", "unique_id": "OSM_node/6504821769", "district": "West Bekaa", "governorate": "Bekaa" }, "geometry": { "type": "Point", "coordinates": [ 35.672858, 33.486751700000013 ] } },
{ "type": "Feature", "properties": { "name_en": "Ain et Tine West Bekaa", "name_ar": "عين التينة بقاع الغربي", "place_type": "village", "unique_id": "CAS_LBN24003", "district": "West Bekaa", "governorate": "Bekaa" }, "geometry": { "type": "Point", "coordinates": [ 35.641608, 33.502197 ] } },
{ "type": "Feature", "properties": { "name_en": "جبل عين التينة", "name_ar": "جبل عين التينة", "place_type": "hamlet", "unique_id": "OSM_node/5827129389", "district": "West Bekaa", "governorate": "Bekaa" }, "geometry": { "type": "Point", "coordinates": [ 35.631707800000015, 33.5072068 ] } },
{ "type": "Feature", "properties": { "name_en": "Sohmor", "name_ar": "سحمر", "place_type": "village", "unique_id": "CAS_LBN24037", "district": "West Bekaa", "governorate": "Bekaa" }, "geometry": { "type": "Point", "coordinates": [ 35.685286, 33.519753 ] } },
{ "type": "Feature", "properties": { "name_en": "Machgara", "name_ar": "مشغرة", "place_type": "village", "unique_id": "CAS_LBN24029", "district": "West Bekaa", "governorate": "Bekaa" }, "geometry": { "type": "Point", "coordinates": [ 35.655767, 33.533631 ] } },
{ "type": "Feature", "properties": { "name_en": "Aitanit", "name_ar": "عيتنيت", "place_type": "village", "unique_id": "CAS_LBN24005", "district": "West Bekaa", "governorate": "Bekaa" }, "geometry": { "type": "Point", "coordinates": [ 35.669955, 33.561264 ] } },
{ "type": "Feature", "properties": { "name_en": "Qaraoun", "name_ar": "القرعون", "place_type": "village", "unique_id": "CAS_LBN24034", "district": "West Bekaa", "governorate": "Bekaa" }, "geometry": { "type": "Point", "coordinates": [ 35.724044, 33.562675 ] } },
{ "type": "Feature", "properties": { "name_en": "Bab Maraa", "name_ar": "باب مارع", "place_type": "village", "unique_id": "CAS_LBN24007", "district": "West Bekaa", "governorate": "Bekaa" }, "geometry": { "type": "Point", "coordinates": [ 35.679775, 33.582897 ] } },
{ "type": "Feature", "properties": { "name_en": null, "name_ar": null, "place_type": "isolated_dwelling", "unique_id": "OSM_node/11508191155", "district": "West Bekaa", "governorate": "Bekaa" }, "geometry": { "type": "Point", "coordinates": [ 35.730114, 33.583905099999981 ] } },
{ "type": "Feature", "properties": { "name_en": "Deir Ain ej Jaouze", "name_ar": "دير عين الجوزة", "place_type": "village", "unique_id": "CAS_LBN24010", "district": "West Bekaa", "governorate": "Bekaa" }, "geometry": { "type": "Point", "coordinates": [ 35.690947, 33.595344 ] } },
{ "type": "Feature", "properties": { "name_en": null, "name_ar": null, "place_type": "isolated_dwelling", "unique_id": "OSM_node/11508191099", "district": "West Bekaa", "governorate": "Bekaa" }, "geometry": { "type": "Point", "coordinates": [ 35.7178563, 33.604745799999989 ] } },
{ "type": "Feature", "properties": { "name_en": "Saghbine", "name_ar": "صغبين", "place_type": "village", "unique_id": "CAS_LBN24036", "district": "West Bekaa", "governorate": "Bekaa" }, "geometry": { "type": "Point", "coordinates": [ 35.697639, 33.610883 ] } },
{ "type": "Feature", "properties": { "name_en": null, "name_ar": null, "place_type": "isolated_dwelling", "unique_id": "OSM_node/11508191094", "district": "West Bekaa", "governorate": "Bekaa" }, "geometry": { "type": "Point", "coordinates": [ 35.714830800000016, 33.611702 ] } },
{ "type": "Feature", "properties": { "name_en": null, "name_ar": null, "place_type": "isolated_dwelling", "unique_id": "OSM_node/11508191088", "district": "West Bekaa", "governorate": "Bekaa" }, "geometry": { "type": "Point", "coordinates": [ 35.7160002, 33.614047500000027 ] } },
{ "type": "Feature", "properties": { "name_en": "Ain Zebde", "name_ar": "عين زبدة", "place_type": "village", "unique_id": "CAS_LBN24004", "district": "West Bekaa", "governorate": "Bekaa" }, "geometry": { "type": "Point", "coordinates": [ 35.700269, 33.622406 ] } },
{ "type": "Feature", "properties": { "name_en": "Nabaa el Khraizat", "name_ar": "نبع الخريزات", "place_type": "village", "unique_id": "CAS_LBN24033", "district": "West Bekaa", "governorate": "Bekaa" }, "geometry": { "type": "Point", "coordinates": [ 35.724164, 33.630476 ] } },
{ "type": "Feature", "properties": { "name_en": "Khirbet Qanafar", "name_ar": "خربة قنافار", "place_type": "village", "unique_id": "CAS_LBN24025", "district": "West Bekaa", "governorate": "Bekaa" }, "geometry": { "type": "Point", "coordinates": [ 35.716633, 33.643225 ] } },
{ "type": "Feature", "properties": { "name_en": "Kafraiya West Bekaa", "name_ar": "كفريا بقاع الغربي", "place_type": "village", "unique_id": "CAS_LBN24021", "district": "West Bekaa", "governorate": "Bekaa" }, "geometry": { "type": "Point", "coordinates": [ 35.730308, 33.6668 ] } },
{ "type": "Feature", "properties": { "name_en": "Kafrayya", "name_ar": "كفريا", "place_type": "village", "unique_id": "OSM_node/5173100525", "district": "West Bekaa", "governorate": "Bekaa" }, "geometry": { "type": "Point", "coordinates": [ 35.7374833, 33.666086800000016 ] } },
{ "type": "Feature", "properties": { "name_en": "Baaloul", "name_ar": "بعلول", "place_type": "village", "unique_id": "CAS_LBN24006", "district": "West Bekaa", "governorate": "Bekaa" }, "geometry": { "type": "Point", "coordinates": [ 35.748439, 33.589742 ] } },
{ "type": "Feature", "properties": { "name_en": null, "name_ar": null, "place_type": "isolated_dwelling", "unique_id": "OSM_node/11508140812", "district": "West Bekaa", "governorate": "Bekaa" }, "geometry": { "type": "Point", "coordinates": [ 35.7509923, 33.6817646 ] } },
{ "type": "Feature", "properties": { "name_en": "Aana", "name_ar": "عانا", "place_type": "village", "unique_id": "CAS_LBN24002", "district": "West Bekaa", "governorate": "Bekaa" }, "geometry": { "type": "Point", "coordinates": [ 35.752317, 33.693711 ] } },
{ "type": "Feature", "properties": { "name_en": "Deir Tahnich", "name_ar": "دير طحنيش", "place_type": "village", "unique_id": "CAS_LBN24011", "district": "West Bekaa", "governorate": "Bekaa" }, "geometry": { "type": "Point", "coordinates": [ 35.75713, 33.701918 ] } },
{ "type": "Feature", "properties": { "name_en": "Aammiq", "name_ar": "عميق", "place_type": "village", "unique_id": "CAS_LBN24001", "district": "West Bekaa", "governorate": "Bekaa" }, "geometry": { "type": "Point", "coordinates": [ 35.760853, 33.712324 ] } },
{ "type": "Feature", "properties": { "name_en": "Lala", "name_ar": "لالا", "place_type": "village", "unique_id": "CAS_LBN24026", "district": "West Bekaa", "governorate": "Bekaa" }, "geometry": { "type": "Point", "coordinates": [ 35.761692, 33.598275 ] } },
{ "type": "Feature", "properties": { "name_en": "Tall Znoub ej Jdide", "name_ar": "تل زنوب جديدة", "place_type": "village", "unique_id": "CAS_LBN24043", "district": "West Bekaa", "governorate": "Bekaa" }, "geometry": { "type": "Point", "coordinates": [ 35.766387, 33.671693 ] } },
{ "type": "Feature", "properties": { "name_en": "Aammiq", "name_ar": "عميق", "place_type": "village", "unique_id": "OSM_node/6587695600", "district": "West Bekaa", "governorate": "Bekaa" }, "geometry": { "type": "Point", "coordinates": [ 35.77317690000001, 33.713392100000021 ] } },
{ "type": "Feature", "properties": { "name_en": "Tall Znoub", "name_ar": "تل زنوب", "place_type": "village", "unique_id": "CAS_LBN24042", "district": "West Bekaa", "governorate": "Bekaa" }, "geometry": { "type": "Point", "coordinates": [ 35.778689, 33.661247 ] } },
{ "type": "Feature", "properties": { "name_en": "Houch es Saalouk", "name_ar": "حوش السعلوك", "place_type": "village", "unique_id": "CAS_LBN24018", "district": "West Bekaa", "governorate": "Bekaa" }, "geometry": { "type": "Point", "coordinates": [ 35.780425, 33.735081 ] } },
{ "type": "Feature", "properties": { "name_en": "Joub Jannine", "name_ar": "جب جنين", "place_type": "village", "unique_id": "CAS_LBN24020", "district": "West Bekaa", "governorate": "Bekaa" }, "geometry": { "type": "Point", "coordinates": [ 35.7818, 33.627761 ] } },
{ "type": "Feature", "properties": { "name_en": "Houch Aammiq", "name_ar": "حوش عميق", "place_type": "village", "unique_id": "CAS_LBN24016", "district": "West Bekaa", "governorate": "Bekaa" }, "geometry": { "type": "Point", "coordinates": [ 35.782619, 33.717008 ] } },
{ "type": "Feature", "properties": { "name_en": "Mansoura", "name_ar": "المنصورة", "place_type": "village", "unique_id": "CAS_LBN24031", "district": "West Bekaa", "governorate": "Bekaa" }, "geometry": { "type": "Point", "coordinates": [ 35.814633, 33.681189 ] } },
{ "type": "Feature", "properties": { "name_en": "Kamed el Laouz", "name_ar": "كامد اللوز", "place_type": "village", "unique_id": "CAS_LBN24022", "district": "West Bekaa", "governorate": "Bekaa" }, "geometry": { "type": "Point", "coordinates": [ 35.821708, 33.620014 ] } },
{ "type": "Feature", "properties": { "name_en": "Chebreqiyet Aammiq", "name_ar": "شبرقية عميق", "place_type": "village", "unique_id": "CAS_LBN24008", "district": "West Bekaa", "governorate": "Bekaa" }, "geometry": { "type": "Point", "coordinates": [ 35.822444, 33.701675 ] } },
{ "type": "Feature", "properties": { "name_en": "Ghazze", "name_ar": "غزة", "place_type": "village", "unique_id": "CAS_LBN24015", "district": "West Bekaa", "governorate": "Bekaa" }, "geometry": { "type": "Point", "coordinates": [ 35.824214, 33.66945 ] } },
{ "type": "Feature", "properties": { "name_en": "Khiara el Aatiqa", "name_ar": "خيارة العتيقة", "place_type": "village", "unique_id": "CAS_LBN24024", "district": "West Bekaa", "governorate": "Bekaa" }, "geometry": { "type": "Point", "coordinates": [ 35.831987, 33.715641 ] } },
{ "type": "Feature", "properties": { "name_en": "Al-Wakf", "name_ar": "الوقف بقاع الغربي", "place_type": "village", "unique_id": "CAS_LBN24014", "district": "West Bekaa", "governorate": "Bekaa" }, "geometry": { "type": "Point", "coordinates": [ 35.842091, 33.736032 ] } },
{ "type": "Feature", "properties": { "name_en": "Raouda Istabl", "name_ar": "روضة إسطبل", "place_type": "village", "unique_id": "CAS_LBN24019", "district": "West Bekaa", "governorate": "Bekaa" }, "geometry": { "type": "Point", "coordinates": [ 35.878644, 33.748297 ] } },
{ "type": "Feature", "properties": { "name_en": "El Marj", "name_ar": "المرج", "place_type": "village", "unique_id": "CAS_LBN24013", "district": "West Bekaa", "governorate": "Bekaa" }, "geometry": { "type": "Point", "coordinates": [ 35.882819, 33.761664 ] } },
{ "type": "Feature", "properties": { "name_en": "Soultane Yaaqoub el Tahta", "name_ar": "سلطان يعقوب التحتا", "place_type": "village", "unique_id": "CAS_LBN24040", "district": "West Bekaa", "governorate": "Bekaa" }, "geometry": { "type": "Point", "coordinates": [ 35.841053, 33.642694 ] } },
{ "type": "Feature", "properties": { "name_en": "Khiara", "name_ar": "الخيارة", "place_type": "village", "unique_id": "CAS_LBN24023", "district": "West Bekaa", "governorate": "Bekaa" }, "geometry": { "type": "Point", "coordinates": [ 35.847636, 33.689853 ] } },
{ "type": "Feature", "properties": { "name_en": "El Jezire", "name_ar": "الجزيرة", "place_type": "village", "unique_id": "CAS_LBN24012", "district": "West Bekaa", "governorate": "Bekaa" }, "geometry": { "type": "Point", "coordinates": [ 35.851421, 33.725168 ] } },
{ "type": "Feature", "properties": { "name_en": "Tall ez Zaazeaa", "name_ar": "تل الزعزع", "place_type": "village", "unique_id": "CAS_LBN24041", "district": "West Bekaa", "governorate": "Bekaa" }, "geometry": { "type": "Point", "coordinates": [ 35.853267, 33.673253 ] } },
{ "type": "Feature", "properties": { "name_en": "Houch el Harime", "name_ar": "حوش الحريمة", "place_type": "village", "unique_id": "CAS_LBN24017", "district": "West Bekaa", "governorate": "Bekaa" }, "geometry": { "type": "Point", "coordinates": [ 35.854914, 33.719528 ] } },
{ "type": "Feature", "properties": { "name_en": "Soultane Yaaqoub el Faouqa", "name_ar": "سلطان يعقوب الفوقا", "place_type": "village", "unique_id": "CAS_LBN24039", "district": "West Bekaa", "governorate": "Bekaa" }, "geometry": { "type": "Point", "coordinates": [ 35.861967, 33.645761 ] } },
{ "type": "Feature", "properties": { "name_en": "Soultan Yaaqoub Aradi", "name_ar": "سلطان يعقوب أراضي", "place_type": "village", "unique_id": "CAS_LBN24047", "district": "West Bekaa", "governorate": "Bekaa" }, "geometry": { "type": "Point", "coordinates": [ 35.865794, 33.675055 ] } },
{ "type": "Feature", "properties": { "name_en": "Harime es Soughra", "name_ar": "حريمة الصغرى", "place_type": "village", "unique_id": "CAS_LBN24046", "district": "West Bekaa", "governorate": "Bekaa" }, "geometry": { "type": "Point", "coordinates": [ 35.8743, 33.7311 ] } },
{ "type": "Feature", "properties": { "name_en": "Dakoue", "name_ar": "دكوة", "place_type": "village", "unique_id": "CAS_LBN24009", "district": "West Bekaa", "governorate": "Bekaa" }, "geometry": { "type": "Point", "coordinates": [ 35.876464, 33.692497 ] } },
{ "type": "Feature", "properties": { "name_en": "Hammara", "name_ar": "حمارة", "place_type": "village", "unique_id": "CAS_LBN24030", "district": "West Bekaa", "governorate": "Bekaa" }, "geometry": { "type": "Point", "coordinates": [ 35.885911, 33.648244 ] } },
{ "type": "Feature", "properties": { "name_en": "Souairi", "name_ar": "صويري", "place_type": "village", "unique_id": "CAS_LBN24038", "district": "West Bekaa", "governorate": "Bekaa" }, "geometry": { "type": "Point", "coordinates": [ 35.912131, 33.686675 ] } },
{ "type": "Feature", "properties": { "name_en": "Tall el Akhdar", "name_ar": "تل الاخضر", "place_type": "village", "unique_id": "CAS_LBN25070", "district": "Zahle", "governorate": "Bekaa" }, "geometry": { "type": "Point", "coordinates": [ 35.825461, 33.734342 ] } },
{ "type": "Feature", "properties": { "name_en": "Tcheflik Eddeh Haouch", "name_ar": "تشفلك اده حوش", "place_type": "village", "unique_id": "CAS_LBN25078", "district": "Zahle", "governorate": "Bekaa" }, "geometry": { "type": "Point", "coordinates": [ 35.802912, 33.752047 ] } },
{ "type": "Feature", "properties": { "name_en": "Tcheflik Qiqano", "name_ar": "تشفلك قيقانو", "place_type": "village", "unique_id": "CAS_LBN25079", "district": "Zahle", "governorate": "Bekaa" }, "geometry": { "type": "Point", "coordinates": [ 35.827897, 33.757174 ] } },
{ "type": "Feature", "properties": { "name_en": "Nasriyet Zahle", "name_ar": "ناصرية  زحلة", "place_type": "village", "unique_id": "CAS_LBN25050", "district": "Zahle", "governorate": "Bekaa" }, "geometry": { "type": "Point", "coordinates": [ 35.857199, 33.762168 ] } },
{ "type": "Feature", "properties": { "name_en": "Haouch ed Dibs", "name_ar": "حوش الدبس", "place_type": "village", "unique_id": "CAS_LBN25025", "district": "Zahle", "governorate": "Bekaa" }, "geometry": { "type": "Point", "coordinates": [ 35.812306, 33.762392 ] } },
{ "type": "Feature", "properties": { "name_en": "Qeisser", "name_ar": "قيصر", "place_type": "village", "unique_id": "CAS_LBN25059", "district": "Zahle", "governorate": "Bekaa" }, "geometry": { "type": "Point", "coordinates": [ 35.81082, 33.765639 ] } },
{ "type": "Feature", "properties": { "name_en": "Haouch el Sayade", "name_ar": "حوش الصيادي", "place_type": "village", "unique_id": "CAS_LBN25028", "district": "Zahle", "governorate": "Bekaa" }, "geometry": { "type": "Point", "coordinates": [ 35.82483, 33.765933 ] } },
{ "type": "Feature", "properties": { "name_en": "Mazraat Zahle", "name_ar": "مزرعة زحلة", "place_type": "village", "unique_id": "CAS_LBN25076", "district": "Zahle", "governorate": "Bekaa" }, "geometry": { "type": "Point", "coordinates": [ 35.805394, 33.767123 ] } },
{ "type": "Feature", "properties": { "name_en": "Chebrqiyet Tabet", "name_ar": "شبرقية تابت", "place_type": "village", "unique_id": "CAS_LBN25010", "district": "Zahle", "governorate": "Bekaa" }, "geometry": { "type": "Point", "coordinates": [ 35.871119, 33.777539 ] } },
{ "type": "Feature", "properties": { "name_en": "Haouch el Mendara", "name_ar": "حوش مندره", "place_type": "village", "unique_id": "CAS_LBN25026", "district": "Zahle", "governorate": "Bekaa" }, "geometry": { "type": "Point", "coordinates": [ 35.856869, 33.782936 ] } },
{ "type": "Feature", "properties": { "name_en": "Sahret el Qach", "name_ar": "صحرة القش", "place_type": "village", "unique_id": "CAS_LBN25066", "district": "Zahle", "governorate": "Bekaa" }, "geometry": { "type": "Point", "coordinates": [ 35.816725, 33.787849 ] } },
{ "type": "Feature", "properties": { "name_en": "Qabb Elias", "name_ar": "قب الياس", "place_type": "village", "unique_id": "CAS_LBN25057", "district": "Zahle", "governorate": "Bekaa" }, "geometry": { "type": "Point", "coordinates": [ 35.820272, 33.794317 ] } },
{ "type": "Feature", "properties": { "name_en": "Wadi El Doum", "name_ar": "وادي الدلم", "place_type": "village", "unique_id": "OSM_node/6223793727", "district": "Zahle", "governorate": "Bekaa" }, "geometry": { "type": "Point", "coordinates": [ 35.8129429, 33.7947347 ] } },
{ "type": "Feature", "properties": { "name_en": "Ras el Ain Zahle", "name_ar": "راس العين زحلة", "place_type": "village", "unique_id": "CAS_LBN25062", "district": "Zahle", "governorate": "Bekaa" }, "geometry": { "type": "Point", "coordinates": [ 35.809222, 33.796813 ] } },
{ "type": "Feature", "properties": { "name_en": "Qabb Ilyas", "name_ar": "قب إلياس", "place_type": "town", "unique_id": "OSM_node/5247625030", "district": "Zahle", "governorate": "Bekaa" }, "geometry": { "type": "Point", "coordinates": [ 35.825622099999975, 33.798492 ] } },
{ "type": "Feature", "properties": { "name_en": "Taanayel", "name_ar": "تعنايل", "place_type": "village", "unique_id": "CAS_LBN25068", "district": "Zahle", "governorate": "Bekaa" }, "geometry": { "type": "Point", "coordinates": [ 35.868714, 33.801117 ] } },
{ "type": "Feature", "properties": { "name_en": "Es Sraij", "name_ar": "سريج", "place_type": "village", "unique_id": "CAS_LBN25021", "district": "Zahle", "governorate": "Bekaa" }, "geometry": { "type": "Point", "coordinates": [ 35.82092, 33.801833 ] } },
{ "type": "Feature", "properties": { "name_en": "Ouadi ed Deloum", "name_ar": "وادي الدلم", "place_type": "village", "unique_id": "CAS_LBN25054", "district": "Zahle", "governorate": "Bekaa" }, "geometry": { "type": "Point", "coordinates": [ 35.794937, 33.802263 ] } },
{ "type": "Feature", "properties": { "name_en": "Deir Zenoun", "name_ar": "دير زنون", "place_type": "village", "unique_id": "CAS_LBN25018", "district": "Zahle", "governorate": "Bekaa" }, "geometry": { "type": "Point", "coordinates": [ 35.909981, 33.75732 ] } },
{ "type": "Feature", "properties": { "name_en": "Bar Elias", "name_ar": "بر الياس", "place_type": "village", "unique_id": "CAS_LBN25006", "district": "Zahle", "governorate": "Bekaa" }, "geometry": { "type": "Point", "coordinates": [ 35.903289, 33.776369 ] } },
{ "type": "Feature", "properties": { "name_en": "Al Faour", "name_ar": "الفاعور", "place_type": "village", "unique_id": "CAS_LBN25019", "district": "Zahle", "governorate": "Bekaa" }, "geometry": { "type": "Point", "coordinates": [ 35.970692, 33.781062 ] } },
{ "type": "Feature", "properties": { "name_en": "Kfar Zabad", "name_ar": "كفر زبد", "place_type": "village", "unique_id": "CAS_LBN25037", "district": "Zahle", "governorate": "Bekaa" }, "geometry": { "type": "Point", "coordinates": [ 35.993633, 33.785647 ] } },
{ "type": "Feature", "properties": { "name_en": "Qarqoud", "name_ar": "قرقود", "place_type": "village", "unique_id": "CAS_LBN25058", "district": "Zahle", "governorate": "Bekaa" }, "geometry": { "type": "Point", "coordinates": [ 35.974264, 33.795327 ] } },
{ "type": "Feature", "properties": { "name_en": "Ain Kfar Zabad", "name_ar": "عين كفر زبد", "place_type": "village", "unique_id": "CAS_LBN25005", "district": "Zahle", "governorate": "Bekaa" }, "geometry": { "type": "Point", "coordinates": [ 36.005205, 33.795761 ] } },
{ "type": "Feature", "properties": { "name_en": "Koussaya", "name_ar": "قوسايا", "place_type": "village", "unique_id": "CAS_LBN25038", "district": "Zahle", "governorate": "Bekaa" }, "geometry": { "type": "Point", "coordinates": [ 36.024111, 33.812922 ] } },
{ "type": "Feature", "properties": { "name_en": "Haouch el Oumara Aradi", "name_ar": "زحلة حوش الامراء أراضي", "place_type": "village", "unique_id": "CAS_LBN25027", "district": "Zahle", "governorate": "Bekaa" }, "geometry": { "type": "Point", "coordinates": [ 35.916237, 33.815508 ] } },
{ "type": "Feature", "properties": { "name_en": "Dalhamiye", "name_ar": "دلهميه", "place_type": "village", "unique_id": "CAS_LBN25016", "district": "Zahle", "governorate": "Bekaa" }, "geometry": { "type": "Point", "coordinates": [ 35.957547, 33.817114 ] } },
{ "type": "Feature", "properties": { "name_en": "Terbol", "name_ar": "تربل", "place_type": "village", "unique_id": "CAS_LBN25072", "district": "Zahle", "governorate": "Bekaa" }, "geometry": { "type": "Point", "coordinates": [ 35.982728, 33.81783 ] } },
{ "type": "Feature", "properties": { "name_en": "Hechmech", "name_ar": "حشمش", "place_type": "village", "unique_id": "CAS_LBN25030", "district": "Zahle", "governorate": "Bekaa" }, "geometry": { "type": "Point", "coordinates": [ 36.019556, 33.823508 ] } },
{ "type": "Feature", "properties": { "name_en": "Deir el Ghazal", "name_ar": "دير الغزال", "place_type": "village", "unique_id": "CAS_LBN25017", "district": "Zahle", "governorate": "Bekaa" }, "geometry": { "type": "Point", "coordinates": [ 36.033628, 33.824456 ] } },
{ "type": "Feature", "properties": { "name_en": "Mreijat", "name_ar": "مريجات", "place_type": "village", "unique_id": "CAS_LBN25048", "district": "Zahle", "governorate": "Bekaa" }, "geometry": { "type": "Point", "coordinates": [ 35.817072, 33.808658 ] } },
{ "type": "Feature", "properties": { "name_en": "Meksi", "name_ar": "مكسة", "place_type": "village", "unique_id": "CAS_LBN25047", "district": "Zahle", "governorate": "Bekaa" }, "geometry": { "type": "Point", "coordinates": [ 35.831047, 33.810422 ] } },
{ "type": "Feature", "properties": { "name_en": "Naassate", "name_ar": "نعصات", "place_type": "village", "unique_id": "CAS_LBN25051", "district": "Zahle", "governorate": "Bekaa" }, "geometry": { "type": "Point", "coordinates": [ 35.844424, 33.810584 ] } },
{ "type": "Feature", "properties": { "name_en": "Al Zaaroura", "name_ar": "الزعرورة", "place_type": "hamlet", "unique_id": "OSM_node/564376469", "district": "Zahle", "governorate": "Bekaa" }, "geometry": { "type": "Point", "coordinates": [ 35.870833300000015, 33.8125 ] } },
{ "type": "Feature", "properties": { "name_en": "Jalala", "name_ar": "جلالا", "place_type": "village", "unique_id": "OSM_node/6117095305", "district": "Zahle", "governorate": "Bekaa" }, "geometry": { "type": "Point", "coordinates": [ 35.858858, 33.813499900000011 ] } },
{ "type": "Feature", "properties": { "name_en": "Zebdol", "name_ar": "زبدل", "place_type": "village", "unique_id": "CAS_LBN25075", "district": "Zahle", "governorate": "Bekaa" }, "geometry": { "type": "Point", "coordinates": [ 35.836727, 33.814473 ] } },
{ "type": "Feature", "properties": { "name_en": "Chtaura", "name_ar": "شتورا", "place_type": "village", "unique_id": "CAS_LBN25012", "district": "Zahle", "governorate": "Bekaa" }, "geometry": { "type": "Point", "coordinates": [ 35.852206, 33.815182 ] } },
{ "type": "Feature", "properties": { "name_en": "Dahr es Souane", "name_ar": "ضهر الصوان", "place_type": "village", "unique_id": "CAS_LBN25015", "district": "Zahle", "governorate": "Bekaa" }, "geometry": { "type": "Point", "coordinates": [ 35.843199, 33.81542 ] } },
{ "type": "Feature", "properties": { "name_en": "Taalabaya", "name_ar": "تعلبايا", "place_type": "village", "unique_id": "CAS_LBN25067", "district": "Zahle", "governorate": "Bekaa" }, "geometry": { "type": "Point", "coordinates": [ 35.862906, 33.816305 ] } },
{ "type": "Feature", "properties": { "name_en": "Jlala", "name_ar": "جلالا", "place_type": "village", "unique_id": "CAS_LBN25035", "district": "Zahle", "governorate": "Bekaa" }, "geometry": { "type": "Point", "coordinates": [ 35.859533, 33.819025 ] } },
{ "type": "Feature", "properties": { "name_en": "Bayyadat", "name_ar": "البياضة", "place_type": "village", "unique_id": "CAS_LBN25007", "district": "Zahle", "governorate": "Bekaa" }, "geometry": { "type": "Point", "coordinates": [ 35.839396, 33.819147 ] } },
{ "type": "Feature", "properties": { "name_en": "Bouarej", "name_ar": "بوارج", "place_type": "village", "unique_id": "CAS_LBN25009", "district": "Zahle", "governorate": "Bekaa" }, "geometry": { "type": "Point", "coordinates": [ 35.815536, 33.820294 ] } },
{ "type": "Feature", "properties": { "name_en": "Saadnayel", "name_ar": "سعدنايل", "place_type": "village", "unique_id": "CAS_LBN25065", "district": "Zahle", "governorate": "Bekaa" }, "geometry": { "type": "Point", "coordinates": [ 35.881872, 33.820453 ] } },
{ "type": "Feature", "properties": { "name_en": "Jdita", "name_ar": "جديتا", "place_type": "village", "unique_id": "CAS_LBN25034", "district": "Zahle", "governorate": "Bekaa" }, "geometry": { "type": "Point", "coordinates": [ 35.836967, 33.824272 ] } },
{ "type": "Feature", "properties": { "name_en": "Dahr Blait", "name_ar": "ضهر البلايط", "place_type": "village", "unique_id": "CAS_LBN25014", "district": "Zahle", "governorate": "Bekaa" }, "geometry": { "type": "Point", "coordinates": [ 35.842515, 33.826966 ] } },
{ "type": "Feature", "properties": { "name_en": "Ksara", "name_ar": "كسارة", "place_type": "village", "unique_id": "CAS_LBN25039", "district": "Zahle", "governorate": "Bekaa" }, "geometry": { "type": "Point", "coordinates": [ 35.891978, 33.827861 ] } },
{ "type": "Feature", "properties": { "name_en": "Ain el Ghmiqa", "name_ar": "عين الغميقة", "place_type": "village", "unique_id": "CAS_LBN25004", "district": "Zahle", "governorate": "Bekaa" }, "geometry": { "type": "Point", "coordinates": [ 35.81266, 33.836185 ] } },
{ "type": "Feature", "properties": { "name_en": "Er Ramtaniye", "name_ar": "الرمطانية", "place_type": "village", "unique_id": "CAS_LBN25020", "district": "Zahle", "governorate": "Bekaa" }, "geometry": { "type": "Point", "coordinates": [ 35.825616, 33.837416 ] } },
{ "type": "Feature", "properties": { "name_en": "Zahle Aradi", "name_ar": "زحلة أراضي", "place_type": "village", "unique_id": "CAS_LBN25080", "district": "Zahle", "governorate": "Bekaa" }, "geometry": { "type": "Point", "coordinates": [ 35.877136, 33.844084 ] } },
{ "type": "Feature", "properties": { "name_en": "Zahle  Mar Gerges", "name_ar": "زحلة مار جرجس", "place_type": "village", "unique_id": "CAS_LBN25083", "district": "Zahle", "governorate": "Bekaa" }, "geometry": { "type": "Point", "coordinates": [ 35.902513, 33.844254 ] } },
{ "type": "Feature", "properties": { "name_en": "Mar Elias Zahle", "name_ar": "مار الياس زحلة", "place_type": "village", "unique_id": "CAS_LBN25043", "district": "Zahle", "governorate": "Bekaa" }, "geometry": { "type": "Point", "coordinates": [ 35.896988, 33.844807 ] } },
{ "type": "Feature", "properties": { "name_en": "Qommol", "name_ar": "قمّل", "place_type": "village", "unique_id": "CAS_LBN25060", "district": "Zahle", "governorate": "Bekaa" }, "geometry": { "type": "Point", "coordinates": [ 35.857905, 33.845286 ] } },
{ "type": "Feature", "properties": { "name_en": "Zahle  Saydet En Najat", "name_ar": "زحلة  سيدة النجاة", "place_type": "village", "unique_id": "CAS_LBN25081", "district": "Zahle", "governorate": "Bekaa" }, "geometry": { "type": "Point", "coordinates": [ 35.89368, 33.845491 ] } },
{ "type": "Feature", "properties": { "name_en": "Zahle  Mar Antonios", "name_ar": "زحلة مار أنطونيوس", "place_type": "village", "unique_id": "CAS_LBN25082", "district": "Zahle", "governorate": "Bekaa" }, "geometry": { "type": "Point", "coordinates": [ 35.897678, 33.847928 ] } },
{ "type": "Feature", "properties": { "name_en": "Rassiyeh", "name_ar": "الراسية", "place_type": "village", "unique_id": "CAS_LBN25063", "district": "Zahle", "governorate": "Bekaa" }, "geometry": { "type": "Point", "coordinates": [ 35.891571, 33.848362 ] } },
{ "type": "Feature", "properties": { "name_en": "Berbara zahle", "name_ar": "بربارة زحلة", "place_type": "village", "unique_id": "CAS_LBN25008", "district": "Zahle", "governorate": "Bekaa" }, "geometry": { "type": "Point", "coordinates": [ 35.897416, 33.851311 ] } },
{ "type": "Feature", "properties": { "name_en": "Touaite", "name_ar": "تويتي", "place_type": "village", "unique_id": "CAS_LBN25073", "district": "Zahle", "governorate": "Bekaa" }, "geometry": { "type": "Point", "coordinates": [ 35.851167, 33.859692 ] } },
{ "type": "Feature", "properties": { "name_en": "Ouadi el Aarayech", "name_ar": "وادي العرايش", "place_type": "village", "unique_id": "CAS_LBN25055", "district": "Zahle", "governorate": "Bekaa" }, "geometry": { "type": "Point", "coordinates": [ 35.89038, 33.862186 ] } },
{ "type": "Feature", "properties": { "name_en": "Dahr al Harf", "name_ar": "ضهر الحرف", "place_type": "village", "unique_id": "CAS_LBN25013", "district": "Zahle", "governorate": "Bekaa" }, "geometry": { "type": "Point", "coordinates": [ 35.824975, 33.864603 ] } },
{ "type": "Feature", "properties": { "name_en": "Hakl Hammana", "name_ar": "حقل حمانا", "place_type": "village", "unique_id": "CAS_LBN25024", "district": "Zahle", "governorate": "Bekaa" }, "geometry": { "type": "Point", "coordinates": [ 35.837567, 33.874275 ] } },
{ "type": "Feature", "properties": { "name_en": "Hazerta", "name_ar": "حزرتا", "place_type": "village", "unique_id": "CAS_LBN25029", "district": "Zahle", "governorate": "Bekaa" }, "geometry": { "type": "Point", "coordinates": [ 35.866789, 33.879119 ] } },
{ "type": "Feature", "properties": { "name_en": "Qaa er Rim", "name_ar": "قاع الريم", "place_type": "village", "unique_id": "CAS_LBN25056", "district": "Zahle", "governorate": "Bekaa" }, "geometry": { "type": "Point", "coordinates": [ 35.874222, 33.884181 ] } },
{ "type": "Feature", "properties": { "name_en": "Zahle", "name_ar": "زحلة", "place_type": "city", "unique_id": "CAS_LBN25074", "district": "Zahle", "governorate": "Bekaa" }, "geometry": { "type": "Point", "coordinates": [ 35.902697, 33.849075 ] } },
{ "type": "Feature", "properties": { "name_en": "MADINAT AL SINA'IYAT", "name_ar": "مدينة الصناعية", "place_type": "village", "unique_id": "CAS_LBN25041", "district": "Zahle", "governorate": "Bekaa" }, "geometry": { "type": "Point", "coordinates": [ 35.915128, 33.837169 ] } },
{ "type": "Feature", "properties": { "name_en": "Tell Chiha", "name_ar": "تل شيحا", "place_type": "village", "unique_id": "CAS_LBN25071", "district": "Zahle", "governorate": "Bekaa" }, "geometry": { "type": "Point", "coordinates": [ 35.906778, 33.841142 ] } },
{ "type": "Feature", "properties": { "name_en": "Zahle Maalaqa Aradi", "name_ar": "زحلة معلقة أراضي", "place_type": "village", "unique_id": "CAS_LBN25040", "district": "Zahle", "governorate": "Bekaa" }, "geometry": { "type": "Point", "coordinates": [ 35.916808, 33.8442 ] } },
{ "type": "Feature", "properties": { "name_en": "Houch ez Zaraane", "name_ar": "حوش الزراعنة", "place_type": "village", "unique_id": "CAS_LBN25032", "district": "Zahle", "governorate": "Bekaa" }, "geometry": { "type": "Point", "coordinates": [ 35.909081, 33.846086 ] } },
{ "type": "Feature", "properties": { "name_en": "Karak Nouh", "name_ar": "كرك نوح", "place_type": "village", "unique_id": "CAS_LBN25036", "district": "Zahle", "governorate": "Bekaa" }, "geometry": { "type": "Point", "coordinates": [ 35.92275, 33.849525 ] } },
{ "type": "Feature", "properties": { "name_en": "Ablah", "name_ar": "ابلح", "place_type": "village", "unique_id": "CAS_LBN25003", "district": "Zahle", "governorate": "Bekaa" }, "geometry": { "type": "Point", "coordinates": [ 35.963458, 33.867303 ] } },
{ "type": "Feature", "properties": { "name_en": "Fourzol", "name_ar": "فرزل", "place_type": "village", "unique_id": "CAS_LBN25022", "district": "Zahle", "governorate": "Bekaa" }, "geometry": { "type": "Point", "coordinates": [ 35.942459, 33.874744 ] } },
{ "type": "Feature", "properties": { "name_en": "Nabi Aila", "name_ar": "نبي ايلا", "place_type": "village", "unique_id": "CAS_LBN25049", "district": "Zahle", "governorate": "Bekaa" }, "geometry": { "type": "Point", "coordinates": [ 35.953718, 33.881472 ] } },
{ "type": "Feature", "properties": { "name_en": "Niha", "name_ar": "نيحا", "place_type": "village", "unique_id": "OSM_node/5167083813", "district": "Zahle", "governorate": "Bekaa" }, "geometry": { "type": "Point", "coordinates": [ 35.9643898, 33.893117500000017 ] } },
{ "type": "Feature", "properties": { "name_en": "Majdel Anjar", "name_ar": "مجدل عنجر", "place_type": "village", "unique_id": "CAS_LBN25042", "district": "Zahle", "governorate": "Bekaa" }, "geometry": { "type": "Point", "coordinates": [ 35.904975, 33.709475 ] } },
{ "type": "Feature", "properties": { "name_en": "Masnaa Zahle", "name_ar": "المصنع زحلة", "place_type": "village", "unique_id": "CAS_LBN25044", "district": "Zahle", "governorate": "Bekaa" }, "geometry": { "type": "Point", "coordinates": [ 35.923697, 33.703072 ] } },
{ "type": "Feature", "properties": { "name_en": "Anjar", "name_ar": "عنجر", "place_type": "village", "unique_id": "CAS_LBN25002", "district": "Zahle", "governorate": "Bekaa" }, "geometry": { "type": "Point", "coordinates": [ 35.934633, 33.726425 ] } },
{ "type": "Feature", "properties": { "name_en": "Haouch Moussa Anjar", "name_ar": "حوش موسى عنجر", "place_type": "village", "unique_id": "CAS_LBN25077", "district": "Zahle", "governorate": "Bekaa" }, "geometry": { "type": "Point", "coordinates": [ 35.929, 33.742 ] } },
{ "type": "Feature", "properties": { "name_en": "Chamssine", "name_ar": "شمسين", "place_type": "village", "unique_id": "CAS_LBN25011", "district": "Zahle", "governorate": "Bekaa" }, "geometry": { "type": "Point", "coordinates": [ 35.955608, 33.743805 ] } },
{ "type": "Feature", "properties": { "name_en": "Al Masnaa", "name_ar": "المصنع", "place_type": "village", "unique_id": "OSM_node/573519452", "district": "Zahle", "governorate": "Bekaa" }, "geometry": { "type": "Point", "coordinates": [ 35.918295199999989, 33.704728400000022 ] } },
{ "type": "Feature", "properties": { "name_en": "Nasriyet Rizq", "name_ar": "ناصرية رزق", "place_type": "village", "unique_id": "CAS_LBN25052", "district": "Zahle", "governorate": "Bekaa" }, "geometry": { "type": "Point", "coordinates": [ 36.059808, 33.863031 ] } },
{ "type": "Feature", "properties": { "name_en": "Massa", "name_ar": "مسا", "place_type": "village", "unique_id": "CAS_LBN25045", "district": "Zahle", "governorate": "Bekaa" }, "geometry": { "type": "Point", "coordinates": [ 36.066525, 33.850678 ] } },
{ "type": "Feature", "properties": { "name_en": "Raait", "name_ar": "رعيت", "place_type": "village", "unique_id": "CAS_LBN25061", "district": "Zahle", "governorate": "Bekaa" }, "geometry": { "type": "Point", "coordinates": [ 36.044972, 33.830967 ] } },
{ "type": "Feature", "properties": { "name_en": "Houch Hala", "name_ar": "حوش حالا", "place_type": "village", "unique_id": "CAS_LBN25033", "district": "Zahle", "governorate": "Bekaa" }, "geometry": { "type": "Point", "coordinates": [ 35.993858, 33.848808 ] } },
{ "type": "Feature", "properties": { "name_en": "Haret el Fikani", "name_ar": "حارة الفيكاني", "place_type": "village", "unique_id": "CAS_LBN25023", "district": "Zahle", "governorate": "Bekaa" }, "geometry": { "type": "Point", "coordinates": [ 36.027706, 33.84885 ] } },
{ "type": "Feature", "properties": { "name_en": "Rayak", "name_ar": "رياق", "place_type": "village", "unique_id": "CAS_LBN25064", "district": "Zahle", "governorate": "Bekaa" }, "geometry": { "type": "Point", "coordinates": [ 36.011158, 33.849169 ] } },
{ "type": "Feature", "properties": { "name_en": "Tell el Aamara", "name_ar": "تل العمارة", "place_type": "village", "unique_id": "CAS_LBN25069", "district": "Zahle", "governorate": "Bekaa" }, "geometry": { "type": "Point", "coordinates": [ 35.981689, 33.854192 ] } },
{ "type": "Feature", "properties": { "name_en": "Aali en Nahri", "name_ar": "علي النهري", "place_type": "village", "unique_id": "CAS_LBN25001", "district": "Zahle", "governorate": "Bekaa" }, "geometry": { "type": "Point", "coordinates": [ 36.026761, 33.856214 ] } },
{ "type": "Feature", "properties": { "name_en": "Houch El-Ghanam", "name_ar": "حوش الغنم", "place_type": "village", "unique_id": "CAS_LBN25031", "district": "Zahle", "governorate": "Bekaa" }, "geometry": { "type": "Point", "coordinates": [ 36.027747, 33.869853 ] } },
{ "type": "Feature", "properties": { "name_en": "Niha zahle", "name_ar": "نيحا زحلة", "place_type": "village", "unique_id": "CAS_LBN25053", "district": "Zahle", "governorate": "Bekaa" }, "geometry": { "type": "Point", "coordinates": [ 35.974089, 33.890583 ] } },
{ "type": "Feature", "properties": { "name_en": "Raait", "name_ar": "رعيت", "place_type": "village", "unique_id": "OSM_node/6117113361", "district": "Zahle", "governorate": "Bekaa" }, "geometry": { "type": "Point", "coordinates": [ 36.033907, 33.844196899999986 ] } },
{ "type": "Feature", "properties": { "name_en": "Hoshmosh", "name_ar": "حشمش", "place_type": "village", "unique_id": "OSM_node/12439602116", "district": "Zahle", "governorate": "Bekaa" }, "geometry": { "type": "Point", "coordinates": [ 36.023123899999973, 33.828799899999979 ] } },
{ "type": "Feature", "properties": { "name_en": "El Ftaihat", "name_ar": "الفتيحات", "place_type": "village", "unique_id": "CAS_LBN31057", "district": "Aley", "governorate": "Mount Lebanon" }, "geometry": { "type": "Point", "coordinates": [ 35.487542, 33.736007 ] } },
{ "type": "Feature", "properties": { "name_en": "Baaouerta", "name_ar": "بعورته", "place_type": "village", "unique_id": "CAS_LBN31023", "district": "Aley", "governorate": "Mount Lebanon" }, "geometry": { "type": "Point", "coordinates": [ 35.501311, 33.739228 ] } },
{ "type": "Feature", "properties": { "name_en": "Ain Drafil", "name_ar": "عين درافيل", "place_type": "village", "unique_id": "CAS_LBN31010", "district": "Aley", "governorate": "Mount Lebanon" }, "geometry": { "type": "Point", "coordinates": [ 35.506742, 33.749531 ] } },
{ "type": "Feature", "properties": { "name_en": "Botros", "name_ar": "بطرس", "place_type": "village", "unique_id": "CAS_LBN31037", "district": "Aley", "governorate": "Mount Lebanon" }, "geometry": { "type": "Point", "coordinates": [ 35.485326, 33.781563 ] } },
{ "type": "Feature", "properties": { "name_en": "Khalde", "name_ar": "خلدة", "place_type": "village", "unique_id": "CAS_LBN31078", "district": "Aley", "governorate": "Mount Lebanon" }, "geometry": { "type": "Point", "coordinates": [ 35.475942, 33.783011 ] } },
{ "type": "Feature", "properties": { "name_en": "Sil", "name_ar": "سيل", "place_type": "village", "unique_id": "CAS_LBN31107", "district": "Aley", "governorate": "Mount Lebanon" }, "geometry": { "type": "Point", "coordinates": [ 35.486254, 33.785181 ] } },
{ "type": "Feature", "properties": { "name_en": "Hay el Aarab", "name_ar": "حي العرب", "place_type": "village", "unique_id": "CAS_LBN31067", "district": "Aley", "governorate": "Mount Lebanon" }, "geometry": { "type": "Point", "coordinates": [ 35.482884, 33.787352 ] } },
{ "type": "Feature", "properties": { "name_en": "Yinnar", "name_ar": "ينار", "place_type": "village", "unique_id": "CAS_LBN31114", "district": "Aley", "governorate": "Mount Lebanon" }, "geometry": { "type": "Point", "coordinates": [ 35.503631, 33.789047 ] } },
{ "type": "Feature", "properties": { "name_en": "Qoubbe Choueifat", "name_ar": "قبة الشويفات", "place_type": "village", "unique_id": "CAS_LBN31096", "district": "Aley", "governorate": "Mount Lebanon" }, "geometry": { "type": "Point", "coordinates": [ 35.508336, 33.802889 ] } },
{ "type": "Feature", "properties": { "name_en": "Ghadir", "name_ar": "غادير", "place_type": "village", "unique_id": "CAS_LBN31062", "district": "Aley", "governorate": "Mount Lebanon" }, "geometry": { "type": "Point", "coordinates": [ 35.506395, 33.8184 ] } },
{ "type": "Feature", "properties": { "name_en": "Hay es Sellom", "name_ar": "حي السلم", "place_type": "village", "unique_id": "CAS_LBN31068", "district": "Aley", "governorate": "Mount Lebanon" }, "geometry": { "type": "Point", "coordinates": [ 35.507083, 33.822789 ] } },
{ "type": "Feature", "properties": { "name_en": "Kliliye", "name_ar": "كليلة", "place_type": "village", "unique_id": "CAS_LBN31079", "district": "Aley", "governorate": "Mount Lebanon" }, "geometry": { "type": "Point", "coordinates": [ 35.510939, 33.711188 ] } },
{ "type": "Feature", "properties": { "name_en": "Ram Bchamoun", "name_ar": "رام بشامون", "place_type": "village", "unique_id": "CAS_LBN31097", "district": "Aley", "governorate": "Mount Lebanon" }, "geometry": { "type": "Point", "coordinates": [ 35.51125, 33.778478 ] } },
{ "type": "Feature", "properties": { "name_en": "Daqqoun", "name_ar": "دقون", "place_type": "village", "unique_id": "CAS_LBN31052", "district": "Aley", "governorate": "Mount Lebanon" }, "geometry": { "type": "Point", "coordinates": [ 35.511478, 33.732578 ] } },
{ "type": "Feature", "properties": { "name_en": "Shoueifat", "name_ar": "شويفات", "place_type": "village", "unique_id": "OSM_node/5341508424", "district": "Aley", "governorate": "Mount Lebanon" }, "geometry": { "type": "Point", "coordinates": [ 35.5161455, 33.81698080000001 ] } },
{ "type": "Feature", "properties": { "name_en": "Deir Qoubil", "name_ar": "دير قوبل", "place_type": "village", "unique_id": "CAS_LBN31053", "district": "Aley", "governorate": "Mount Lebanon" }, "geometry": { "type": "Point", "coordinates": [ 35.516217, 33.793308 ] } },
{ "type": "Feature", "properties": { "name_en": "Aaramoun", "name_ar": "عرمون", "place_type": "village", "unique_id": "CAS_LBN31005", "district": "Aley", "governorate": "Mount Lebanon" }, "geometry": { "type": "Point", "coordinates": [ 35.517511, 33.760447 ] } },
{ "type": "Feature", "properties": { "name_en": "Oumara Choueifat", "name_ar": "الشويفات الامراء", "place_type": "village", "unique_id": "CAS_LBN31093", "district": "Aley", "governorate": "Mount Lebanon" }, "geometry": { "type": "Point", "coordinates": [ 35.518531, 33.803381 ] } },
{ "type": "Feature", "properties": { "name_en": "Mazraat el Boueit", "name_ar": "مزرعة البويت", "place_type": "village", "unique_id": "CAS_LBN31086", "district": "Aley", "governorate": "Mount Lebanon" }, "geometry": { "type": "Point", "coordinates": [ 35.518974, 33.717223 ] } },
{ "type": "Feature", "properties": { "name_en": "Aamroussieh Choueifat", "name_ar": "عمروسية الشويفات", "place_type": "village", "unique_id": "CAS_LBN31003", "district": "Aley", "governorate": "Mount Lebanon" }, "geometry": { "type": "Point", "coordinates": [ 35.520857, 33.811236 ] } },
{ "type": "Feature", "properties": { "name_en": "Es Shwayfate", "name_ar": "الشويفات", "place_type": "village", "unique_id": "CAS_LBN31060", "district": "Aley", "governorate": "Mount Lebanon" }, "geometry": { "type": "Point", "coordinates": [ 35.524586, 33.808007 ] } },
{ "type": "Feature", "properties": { "name_en": "Kfar Matta", "name_ar": "كفرمتى", "place_type": "village", "unique_id": "CAS_LBN31077", "district": "Aley", "governorate": "Mount Lebanon" }, "geometry": { "type": "Point", "coordinates": [ 35.526653, 33.727008 ] } },
{ "type": "Feature", "properties": { "name_en": "Mounsa Aaley", "name_ar": "المونسه عاليه", "place_type": "village", "unique_id": "CAS_LBN31091", "district": "Aley", "governorate": "Mount Lebanon" }, "geometry": { "type": "Point", "coordinates": [ 35.52722, 33.764567 ] } },
{ "type": "Feature", "properties": { "name_en": "Bsatine", "name_ar": "البساتين", "place_type": "village", "unique_id": "CAS_LBN31040", "district": "Aley", "governorate": "Mount Lebanon" }, "geometry": { "type": "Point", "coordinates": [ 35.529228, 33.757281 ] } },
{ "type": "Feature", "properties": { "name_en": "Aabey", "name_ar": "عبيه", "place_type": "village", "unique_id": "CAS_LBN31001", "district": "Aley", "governorate": "Mount Lebanon" }, "geometry": { "type": "Point", "coordinates": [ 35.529758, 33.735114 ] } },
{ "type": "Feature", "properties": { "name_en": "Bchamoun", "name_ar": "بشامون", "place_type": "village", "unique_id": "CAS_LBN31025", "district": "Aley", "governorate": "Mount Lebanon" }, "geometry": { "type": "Point", "coordinates": [ 35.530675, 33.781956 ] } },
{ "type": "Feature", "properties": { "name_en": "Ain Ksour", "name_ar": "عين كسور", "place_type": "village", "unique_id": "CAS_LBN31018", "district": "Aley", "governorate": "Mount Lebanon" }, "geometry": { "type": "Point", "coordinates": [ 35.531144, 33.749169 ] } },
{ "type": "Feature", "properties": { "name_en": "Sarahmoul", "name_ar": "سرحمول", "place_type": "village", "unique_id": "CAS_LBN31105", "district": "Aley", "governorate": "Mount Lebanon" }, "geometry": { "type": "Point", "coordinates": [ 35.532728, 33.768653 ] } },
{ "type": "Feature", "properties": { "name_en": "Watiye", "name_ar": "واطية", "place_type": "village", "unique_id": "CAS_LBN31113", "district": "Aley", "governorate": "Mount Lebanon" }, "geometry": { "type": "Point", "coordinates": [ 35.536189, 33.716496 ] } },
{ "type": "Feature", "properties": { "name_en": "Maaroufiye", "name_ar": "معروفية", "place_type": "village", "unique_id": "CAS_LBN31080", "district": "Aley", "governorate": "Mount Lebanon" }, "geometry": { "type": "Point", "coordinates": [ 35.538406, 33.795117 ] } },
{ "type": "Feature", "properties": { "name_en": "Souq el Gharb", "name_ar": "سوق الغرب", "place_type": "village", "unique_id": "CAS_LBN31110", "district": "Aley", "governorate": "Mount Lebanon" }, "geometry": { "type": "Point", "coordinates": [ 35.561655, 33.788111 ] } },
{ "type": "Feature", "properties": { "name_en": "Ain Anoub", "name_ar": "عين عنوب", "place_type": "village", "unique_id": "CAS_LBN31008", "district": "Aley", "governorate": "Mount Lebanon" }, "geometry": { "type": "Point", "coordinates": [ 35.542817, 33.788922 ] } },
{ "type": "Feature", "properties": { "name_en": "Aitat", "name_ar": "عيتات", "place_type": "village", "unique_id": "CAS_LBN31021", "district": "Aley", "governorate": "Mount Lebanon" }, "geometry": { "type": "Point", "coordinates": [ 35.557744, 33.793825 ] } },
{ "type": "Feature", "properties": { "name_en": "Bmekkine", "name_ar": "بمكين", "place_type": "village", "unique_id": "CAS_LBN31035", "district": "Aley", "governorate": "Mount Lebanon" }, "geometry": { "type": "Point", "coordinates": [ 35.567811, 33.799758 ] } },
{ "type": "Feature", "properties": { "name_en": "Ain Al Saydeh", "name_ar": "عين السيدة", "place_type": "village", "unique_id": "CAS_LBN31007", "district": "Aley", "governorate": "Mount Lebanon" }, "geometry": { "type": "Point", "coordinates": [ 35.579989, 33.800522 ] } },
{ "type": "Feature", "properties": { "name_en": "Qmatiye", "name_ar": "قماطية", "place_type": "village", "unique_id": "CAS_LBN31095", "district": "Aley", "governorate": "Mount Lebanon" }, "geometry": { "type": "Point", "coordinates": [ 35.576961, 33.802778 ] } },
{ "type": "Feature", "properties": { "name_en": "Ain er Remmane", "name_ar": "عين الرمانة", "place_type": "village", "unique_id": "CAS_LBN31016", "district": "Aley", "governorate": "Mount Lebanon" }, "geometry": { "type": "Point", "coordinates": [ 35.586717, 33.804847 ] } },
{ "type": "Feature", "properties": { "name_en": "Fsaqine", "name_ar": "فساقين", "place_type": "village", "unique_id": "CAS_LBN31116", "district": "Aley", "governorate": "Mount Lebanon" }, "geometry": { "type": "Point", "coordinates": [ 35.598, 33.805 ] } },
{ "type": "Feature", "properties": { "name_en": "Bdedoun", "name_ar": "بدادون", "place_type": "village", "unique_id": "CAS_LBN31026", "district": "Aley", "governorate": "Mount Lebanon" }, "geometry": { "type": "Point", "coordinates": [ 35.569653, 33.807739 ] } },
{ "type": "Feature", "properties": { "name_en": "Blaibel", "name_ar": "بليبل", "place_type": "village", "unique_id": "CAS_LBN31033", "district": "Aley", "governorate": "Mount Lebanon" }, "geometry": { "type": "Point", "coordinates": [ 35.554822, 33.80883 ] } },
{ "type": "Feature", "properties": { "name_en": "Aley", "name_ar": "عاليه", "place_type": "village", "unique_id": "CAS_LBN31022", "district": "Aley", "governorate": "Mount Lebanon" }, "geometry": { "type": "Point", "coordinates": [ 35.596392, 33.810083 ] } },
{ "type": "Feature", "properties": { "name_en": "Houmal", "name_ar": "حومال", "place_type": "village", "unique_id": "CAS_LBN31070", "district": "Aley", "governorate": "Mount Lebanon" }, "geometry": { "type": "Point", "coordinates": [ 35.55565, 33.810831 ] } },
{ "type": "Feature", "properties": { "name_en": "Bsous", "name_ar": "بسوس", "place_type": "village", "unique_id": "CAS_LBN31042", "district": "Aley", "governorate": "Mount Lebanon" }, "geometry": { "type": "Point", "coordinates": [ 35.576969, 33.816389 ] } },
{ "type": "Feature", "properties": { "name_en": "Rjoum", "name_ar": "رجوم", "place_type": "village", "unique_id": "CAS_LBN31102", "district": "Aley", "governorate": "Mount Lebanon" }, "geometry": { "type": "Point", "coordinates": [ 35.59418, 33.818153 ] } },
{ "type": "Feature", "properties": { "name_en": "Haret Salem", "name_ar": "حارة سالم", "place_type": "village", "unique_id": "CAS_LBN31066", "district": "Aley", "governorate": "Mount Lebanon" }, "geometry": { "type": "Point", "coordinates": [ 35.570964, 33.818192 ] } },
{ "type": "Feature", "properties": { "name_en": "Dahr El Ouahch", "name_ar": "ضهر الوحش", "place_type": "village", "unique_id": "CAS_LBN31051", "district": "Aley", "governorate": "Mount Lebanon" }, "geometry": { "type": "Point", "coordinates": [ 35.597166, 33.822705 ] } },
{ "type": "Feature", "properties": { "name_en": "Kahale", "name_ar": "الكحاله", "place_type": "village", "unique_id": "CAS_LBN31074", "district": "Aley", "governorate": "Mount Lebanon" }, "geometry": { "type": "Point", "coordinates": [ 35.58653, 33.824226 ] } },
{ "type": "Feature", "properties": { "name_en": "Hay es Sindiane", "name_ar": "حي السنديانة", "place_type": "village", "unique_id": "CAS_LBN31069", "district": "Aley", "governorate": "Mount Lebanon" }, "geometry": { "type": "Point", "coordinates": [ 35.581192, 33.826261 ] } },
{ "type": "Feature", "properties": { "name_en": "Bihat", "name_ar": "بهات", "place_type": "village", "unique_id": "CAS_LBN31031", "district": "Aley", "governorate": "Mount Lebanon" }, "geometry": { "type": "Point", "coordinates": [ 35.548271, 33.722552 ] } },
{ "type": "Feature", "properties": { "name_en": "Jisr el Qadi", "name_ar": "جسر القاضي", "place_type": "village", "unique_id": "CAS_LBN31073", "district": "Aley", "governorate": "Mount Lebanon" }, "geometry": { "type": "Point", "coordinates": [ 35.562546, 33.727232 ] } },
{ "type": "Feature", "properties": { "name_en": "Bourdine", "name_ar": "بردين", "place_type": "village", "unique_id": "CAS_LBN31039", "district": "Aley", "governorate": "Mount Lebanon" }, "geometry": { "type": "Point", "coordinates": [ 35.547024, 33.727748 ] } },
{ "type": "Feature", "properties": { "name_en": "Selfaya", "name_ar": "سلفايا", "place_type": "village", "unique_id": "OSM_node/10961831727", "district": "Aley", "governorate": "Mount Lebanon" }, "geometry": { "type": "Point", "coordinates": [ 35.5690151, 33.7289975 ] } },
{ "type": "Feature", "properties": { "name_en": "El Blat", "name_ar": "بلاط  سلفايا", "place_type": "village", "unique_id": "CAS_LBN31056", "district": "Aley", "governorate": "Mount Lebanon" }, "geometry": { "type": "Point", "coordinates": [ 35.567554, 33.731941 ] } },
{ "type": "Feature", "properties": { "name_en": "Ain Trez", "name_ar": "عين تراز", "place_type": "village", "unique_id": "CAS_LBN31019", "district": "Aley", "governorate": "Mount Lebanon" }, "geometry": { "type": "Point", "coordinates": [ 35.580181, 33.734544 ] } },
{ "type": "Feature", "properties": { "name_en": "Bnaiye", "name_ar": "البينه", "place_type": "village", "unique_id": "CAS_LBN31036", "district": "Aley", "governorate": "Mount Lebanon" }, "geometry": { "type": "Point", "coordinates": [ 35.544961, 33.736358 ] } },
{ "type": "Feature", "properties": { "name_en": "Silfaya", "name_ar": "سلفايا", "place_type": "village", "unique_id": "CAS_LBN31108", "district": "Aley", "governorate": "Mount Lebanon" }, "geometry": { "type": "Point", "coordinates": [ 35.569981, 33.738708 ] } },
{ "type": "Feature", "properties": { "name_en": "Remhala", "name_ar": "رمحالا", "place_type": "village", "unique_id": "CAS_LBN31101", "district": "Aley", "governorate": "Mount Lebanon" }, "geometry": { "type": "Point", "coordinates": [ 35.563589, 33.738878 ] } },
{ "type": "Feature", "properties": { "name_en": "Chartoun", "name_ar": "شرتون", "place_type": "village", "unique_id": "CAS_LBN31048", "district": "Aley", "governorate": "Mount Lebanon" }, "geometry": { "type": "Point", "coordinates": [ 35.579386, 33.743339 ] } },
{ "type": "Feature", "properties": { "name_en": "Dfoun", "name_ar": "دفون", "place_type": "village", "unique_id": "CAS_LBN31054", "district": "Aley", "governorate": "Mount Lebanon" }, "geometry": { "type": "Point", "coordinates": [ 35.5612, 33.746436 ] } },
{ "type": "Feature", "properties": { "name_en": "Bou Zraide", "name_ar": "بو زريده", "place_type": "village", "unique_id": "CAS_LBN31038", "district": "Aley", "governorate": "Mount Lebanon" }, "geometry": { "type": "Point", "coordinates": [ 35.57525, 33.749364 ] } },
{ "type": "Feature", "properties": { "name_en": "Qabr Chamoun", "name_ar": "قبر شمون", "place_type": "village", "unique_id": "CAS_LBN31094", "district": "Aley", "governorate": "Mount Lebanon" }, "geometry": { "type": "Point", "coordinates": [ 35.543706, 33.753531 ] } },
{ "type": "Feature", "properties": { "name_en": "Majdalaya", "name_ar": "مجدليا", "place_type": "village", "unique_id": "CAS_LBN31082", "district": "Aley", "governorate": "Mount Lebanon" }, "geometry": { "type": "Point", "coordinates": [ 35.571945, 33.75545 ] } },
{ "type": "Feature", "properties": { "name_en": "Doueir er Remmane", "name_ar": "دوير الرمان", "place_type": "village", "unique_id": "CAS_LBN31055", "district": "Aley", "governorate": "Mount Lebanon" }, "geometry": { "type": "Point", "coordinates": [ 35.580856, 33.756017 ] } },
{ "type": "Feature", "properties": { "name_en": "Marj Chartoun", "name_ar": "مرج شرتون", "place_type": "village", "unique_id": "CAS_LBN31085", "district": "Aley", "governorate": "Mount Lebanon" }, "geometry": { "type": "Point", "coordinates": [ 35.585844, 33.762875 ] } },
{ "type": "Feature", "properties": { "name_en": "Baissour", "name_ar": "بيصور", "place_type": "village", "unique_id": "CAS_LBN31024", "district": "Aley", "governorate": "Mount Lebanon" }, "geometry": { "type": "Point", "coordinates": [ 35.56565, 33.764408 ] } },
{ "type": "Feature", "properties": { "name_en": "Ainab", "name_ar": "عيناب", "place_type": "village", "unique_id": "CAS_LBN31020", "district": "Aley", "governorate": "Mount Lebanon" }, "geometry": { "type": "Point", "coordinates": [ 35.548078, 33.767286 ] } },
{ "type": "Feature", "properties": { "name_en": "Kfar Aamaiy", "name_ar": "كفرعميه", "place_type": "village", "unique_id": "CAS_LBN31076", "district": "Aley", "governorate": "Mount Lebanon" }, "geometry": { "type": "Point", "coordinates": [ 35.5913, 33.767497 ] } },
{ "type": "Feature", "properties": { "name_en": "Jabal El Aarid", "name_ar": "جبل العريض", "place_type": "village", "unique_id": "CAS_LBN31072", "district": "Aley", "governorate": "Mount Lebanon" }, "geometry": { "type": "Point", "coordinates": [ 35.552503, 33.772039 ] } },
{ "type": "Feature", "properties": { "name_en": "Chemlane", "name_ar": "شملان", "place_type": "village", "unique_id": "CAS_LBN31049", "district": "Aley", "governorate": "Mount Lebanon" }, "geometry": { "type": "Point", "coordinates": [ 35.541975, 33.779761 ] } },
{ "type": "Feature", "properties": { "name_en": "Kaifoun", "name_ar": "كيفون", "place_type": "village", "unique_id": "CAS_LBN31075", "district": "Aley", "governorate": "Mount Lebanon" }, "geometry": { "type": "Point", "coordinates": [ 35.557678, 33.780033 ] } },
{ "type": "Feature", "properties": { "name_en": "Ghaboun", "name_ar": "الغابون", "place_type": "village", "unique_id": "CAS_LBN31061", "district": "Aley", "governorate": "Mount Lebanon" }, "geometry": { "type": "Point", "coordinates": [ 35.590817, 33.781772 ] } },
{ "type": "Feature", "properties": { "name_en": "En Njassa", "name_ar": "النجاصة", "place_type": "village", "unique_id": "CAS_LBN31059", "district": "Aley", "governorate": "Mount Lebanon" }, "geometry": { "type": "Point", "coordinates": [ 35.55085, 33.78253 ] } },
{ "type": "Feature", "properties": { "name_en": "Rechmaiya", "name_ar": "رشميا", "place_type": "village", "unique_id": "CAS_LBN31099", "district": "Aley", "governorate": "Mount Lebanon" }, "geometry": { "type": "Point", "coordinates": [ 35.597711, 33.737308 ] } },
{ "type": "Feature", "properties": { "name_en": "Ramliye", "name_ar": "رملية", "place_type": "village", "unique_id": "CAS_LBN31098", "district": "Aley", "governorate": "Mount Lebanon" }, "geometry": { "type": "Point", "coordinates": [ 35.649397, 33.748086 ] } },
{ "type": "Feature", "properties": { "name_en": "Maasraiti", "name_ar": "معصريتي", "place_type": "village", "unique_id": "CAS_LBN31081", "district": "Aley", "governorate": "Mount Lebanon" }, "geometry": { "type": "Point", "coordinates": [ 35.632764, 33.748264 ] } },
{ "type": "Feature", "properties": { "name_en": "Mazraat en Nahr", "name_ar": "مزرعة النهر", "place_type": "village", "unique_id": "CAS_LBN31087", "district": "Aley", "governorate": "Mount Lebanon" }, "geometry": { "type": "Point", "coordinates": [ 35.6425, 33.751178 ] } },
{ "type": "Feature", "properties": { "name_en": "Haret el Mir", "name_ar": "حارة المير", "place_type": "village", "unique_id": "CAS_LBN31065", "district": "Aley", "governorate": "Mount Lebanon" }, "geometry": { "type": "Point", "coordinates": [ 35.634364, 33.752627 ] } },
{ "type": "Feature", "properties": { "name_en": "Rouisset en Naamane", "name_ar": "رويسة النعمان", "place_type": "village", "unique_id": "CAS_LBN31104", "district": "Aley", "governorate": "Mount Lebanon" }, "geometry": { "type": "Point", "coordinates": [ 35.601531, 33.754492 ] } },
{ "type": "Feature", "properties": { "name_en": "Mechrefe", "name_ar": "مشرفه", "place_type": "village", "unique_id": "CAS_LBN31089", "district": "Aley", "governorate": "Mount Lebanon" }, "geometry": { "type": "Point", "coordinates": [ 35.654989, 33.758756 ] } },
{ "type": "Feature", "properties": { "name_en": "Bserrine", "name_ar": "بسرين", "place_type": "village", "unique_id": "CAS_LBN31041", "district": "Aley", "governorate": "Mount Lebanon" }, "geometry": { "type": "Point", "coordinates": [ 35.635883, 33.759022 ] } },
{ "type": "Feature", "properties": { "name_en": "Sibaal", "name_ar": "سبعل", "place_type": "village", "unique_id": "CAS_LBN31106", "district": "Aley", "governorate": "Mount Lebanon" }, "geometry": { "type": "Point", "coordinates": [ 35.613167, 33.75988 ] } },
{ "type": "Feature", "properties": { "name_en": "Habramoun", "name_ar": "حبرمون", "place_type": "village", "unique_id": "CAS_LBN31063", "district": "Aley", "governorate": "Mount Lebanon" }, "geometry": { "type": "Point", "coordinates": [ 35.643744, 33.761275 ] } },
{ "type": "Feature", "properties": { "name_en": "Btater", "name_ar": "بتاتر", "place_type": "village", "unique_id": "CAS_LBN31044", "district": "Aley", "governorate": "Mount Lebanon" }, "geometry": { "type": "Point", "coordinates": [ 35.628939, 33.768758 ] } },
{ "type": "Feature", "properties": { "name_en": "Homs Oua Hama", "name_ar": "حمص وحمى", "place_type": "village", "unique_id": "CAS_LBN31117", "district": "Aley", "governorate": "Mount Lebanon" }, "geometry": { "type": "Point", "coordinates": [ 35.651184, 33.768907 ] } },
{ "type": "Feature", "properties": { "name_en": "Ain el Halzoun", "name_ar": "عين الحلزون", "place_type": "village", "unique_id": "CAS_LBN31013", "district": "Aley", "governorate": "Mount Lebanon" }, "geometry": { "type": "Point", "coordinates": [ 35.646025, 33.770961 ] } },
{ "type": "Feature", "properties": { "name_en": "Ain el Marj", "name_ar": "عين المرج", "place_type": "village", "unique_id": "CAS_LBN31015", "district": "Aley", "governorate": "Mount Lebanon" }, "geometry": { "type": "Point", "coordinates": [ 35.615831, 33.778914 ] } },
{ "type": "Feature", "properties": { "name_en": "Ain el Fraidis", "name_ar": "عين الفريديس", "place_type": "village", "unique_id": "CAS_LBN31012", "district": "Aley", "governorate": "Mount Lebanon" }, "geometry": { "type": "Point", "coordinates": [ 35.606803, 33.779892 ] } },
{ "type": "Feature", "properties": { "name_en": "Mansouriye bhamdoun", "name_ar": "منصورية بحمدون", "place_type": "village", "unique_id": "CAS_LBN31083", "district": "Aley", "governorate": "Mount Lebanon" }, "geometry": { "type": "Point", "coordinates": [ 35.626486, 33.780228 ] } },
{ "type": "Feature", "properties": { "name_en": "Taazniye", "name_ar": "تعزانية", "place_type": "village", "unique_id": "CAS_LBN31111", "district": "Aley", "governorate": "Mount Lebanon" }, "geometry": { "type": "Point", "coordinates": [ 35.622272, 33.782344 ] } },
{ "type": "Feature", "properties": { "name_en": "Ain el Jaouze", "name_ar": "عين الجوزه", "place_type": "village", "unique_id": "CAS_LBN31014", "district": "Aley", "governorate": "Mount Lebanon" }, "geometry": { "type": "Point", "coordinates": [ 35.634056, 33.785494 ] } },
{ "type": "Feature", "properties": { "name_en": "Rejme", "name_ar": "رجمة", "place_type": "village", "unique_id": "CAS_LBN31100", "district": "Aley", "governorate": "Mount Lebanon" }, "geometry": { "type": "Point", "coordinates": [ 35.610256, 33.786689 ] } },
{ "type": "Feature", "properties": { "name_en": "Chqif Btalloun", "name_ar": "شقيف بطلون", "place_type": "village", "unique_id": "CAS_LBN31050", "district": "Aley", "governorate": "Mount Lebanon" }, "geometry": { "type": "Point", "coordinates": [ 35.639281, 33.787154 ] } },
{ "type": "Feature", "properties": { "name_en": "Chanay", "name_ar": "شانيه", "place_type": "village", "unique_id": "CAS_LBN31046", "district": "Aley", "governorate": "Mount Lebanon" }, "geometry": { "type": "Point", "coordinates": [ 35.659683, 33.787822 ] } },
{ "type": "Feature", "properties": { "name_en": "Bhouara", "name_ar": "بحوارا", "place_type": "village", "unique_id": "CAS_LBN31030", "district": "Aley", "governorate": "Mount Lebanon" }, "geometry": { "type": "Point", "coordinates": [ 35.603894, 33.79013 ] } },
{ "type": "Feature", "properties": { "name_en": "Btalloun", "name_ar": "بطلون", "place_type": "village", "unique_id": "CAS_LBN31043", "district": "Aley", "governorate": "Mount Lebanon" }, "geometry": { "type": "Point", "coordinates": [ 35.636628, 33.790144 ] } },
{ "type": "Feature", "properties": { "name_en": "Mantra", "name_ar": "المنطرة", "place_type": "village", "unique_id": "CAS_LBN31084", "district": "Aley", "governorate": "Mount Lebanon" }, "geometry": { "type": "Point", "coordinates": [ 35.645347, 33.793353 ] } },
{ "type": "Feature", "properties": { "name_en": "Bhamdoun ed Dayaa", "name_ar": "بحمدون الضيعة", "place_type": "village", "unique_id": "CAS_LBN31028", "district": "Aley", "governorate": "Mount Lebanon" }, "geometry": { "type": "Point", "coordinates": [ 35.649914, 33.796589 ] } },
{ "type": "Feature", "properties": { "name_en": "Bkhechtay", "name_ar": "بخشتيه", "place_type": "village", "unique_id": "CAS_LBN31032", "district": "Aley", "governorate": "Mount Lebanon" }, "geometry": { "type": "Point", "coordinates": [ 35.619725, 33.797269 ] } },
{ "type": "Feature", "properties": { "name_en": "Ain Hala", "name_ar": "عين حالا", "place_type": "village", "unique_id": "CAS_LBN31017", "district": "Aley", "governorate": "Mount Lebanon" }, "geometry": { "type": "Point", "coordinates": [ 35.606917, 33.797531 ] } },
{ "type": "Feature", "properties": { "name_en": "Bhamdoun", "name_ar": "بحمدون", "place_type": "town", "unique_id": "OSM_node/6125607812", "district": "Aley", "governorate": "Mount Lebanon" }, "geometry": { "type": "Point", "coordinates": [ 35.6594457, 33.803068399999972 ] } },
{ "type": "Feature", "properties": { "name_en": "Ain ej Jdide", "name_ar": "عين الجديدة", "place_type": "village", "unique_id": "CAS_LBN31011", "district": "Aley", "governorate": "Mount Lebanon" }, "geometry": { "type": "Point", "coordinates": [ 35.62633, 33.806133 ] } },
{ "type": "Feature", "properties": { "name_en": "Ain Jdideh", "name_ar": "عين الجديدة", "place_type": "village", "unique_id": "OSM_node/7024519980", "district": "Aley", "governorate": "Mount Lebanon" }, "geometry": { "type": "Point", "coordinates": [ 35.630274699999973, 33.806604100000015 ] } },
{ "type": "Feature", "properties": { "name_en": "Bhamdoun el Mhatta", "name_ar": "بحمدون المحطة", "place_type": "village", "unique_id": "CAS_LBN31029", "district": "Aley", "governorate": "Mount Lebanon" }, "geometry": { "type": "Point", "coordinates": [ 35.659283, 33.807092 ] } },
{ "type": "Feature", "properties": { "name_en": "Aley", "name_ar": "عاليه", "place_type": "city", "unique_id": "OSM_node/5046640267", "district": "Aley", "governorate": "Mount Lebanon" }, "geometry": { "type": "Point", "coordinates": [ 35.6061181, 33.808269699999983 ] } },
{ "type": "Feature", "properties": { "name_en": "Bou Zraid", "name_ar": "بو زريدة", "place_type": "village", "unique_id": "CAS_LBN31115", "district": "Aley", "governorate": "Mount Lebanon" }, "geometry": { "type": "Point", "coordinates": [ 35.609, 33.812 ] } },
{ "type": "Feature", "properties": { "name_en": "Aaley ej Jdide", "name_ar": "عاليه الجديدة", "place_type": "village", "unique_id": "CAS_LBN31002", "district": "Aley", "governorate": "Mount Lebanon" }, "geometry": { "type": "Point", "coordinates": [ 35.609446, 33.817089 ] } },
{ "type": "Feature", "properties": { "name_en": "Mrayjat", "name_ar": "مريجات", "place_type": "village", "unique_id": "OSM_node/7149801194", "district": "Aley", "governorate": "Mount Lebanon" }, "geometry": { "type": "Point", "coordinates": [ 35.6732217, 33.74343970000001 ] } },
{ "type": "Feature", "properties": { "name_en": "El Ouata", "name_ar": "الوطا", "place_type": "village", "unique_id": "CAS_LBN31058", "district": "Aley", "governorate": "Mount Lebanon" }, "geometry": { "type": "Point", "coordinates": [ 35.671195, 33.753215 ] } },
{ "type": "Feature", "properties": { "name_en": "Bmahray", "name_ar": "بمهريه", "place_type": "village", "unique_id": "CAS_LBN31034", "district": "Aley", "governorate": "Mount Lebanon" }, "geometry": { "type": "Point", "coordinates": [ 35.716281, 33.756714 ] } },
{ "type": "Feature", "properties": { "name_en": "Mechakhti", "name_ar": "مشاقتي", "place_type": "village", "unique_id": "CAS_LBN31088", "district": "Aley", "governorate": "Mount Lebanon" }, "geometry": { "type": "Point", "coordinates": [ 35.703511, 33.75794 ] } },
{ "type": "Feature", "properties": { "name_en": "Ighmid", "name_ar": "اغميد", "place_type": "village", "unique_id": "CAS_LBN31071", "district": "Aley", "governorate": "Mount Lebanon" }, "geometry": { "type": "Point", "coordinates": [ 35.693492, 33.765 ] } },
{ "type": "Feature", "properties": { "name_en": "Bedghane", "name_ar": "بدغان", "place_type": "village", "unique_id": "CAS_LBN31027", "district": "Aley", "governorate": "Mount Lebanon" }, "geometry": { "type": "Point", "coordinates": [ 35.66985, 33.767922 ] } },
{ "type": "Feature", "properties": { "name_en": "Charoun", "name_ar": "شارون", "place_type": "village", "unique_id": "CAS_LBN31047", "district": "Aley", "governorate": "Mount Lebanon" }, "geometry": { "type": "Point", "coordinates": [ 35.686617, 33.771728 ] } },
{ "type": "Feature", "properties": { "name_en": "Aazzouniye", "name_ar": "العزونيه", "place_type": "village", "unique_id": "CAS_LBN31006", "district": "Aley", "governorate": "Mount Lebanon" }, "geometry": { "type": "Point", "coordinates": [ 35.70468, 33.773239 ] } },
{ "type": "Feature", "properties": { "name_en": "Mejdel Baana", "name_ar": "مجدل بعنا", "place_type": "village", "unique_id": "CAS_LBN31090", "district": "Aley", "governorate": "Mount Lebanon" }, "geometry": { "type": "Point", "coordinates": [ 35.66753, 33.780031 ] } },
{ "type": "Feature", "properties": { "name_en": "Ain Dara", "name_ar": "عين داره", "place_type": "village", "unique_id": "CAS_LBN31009", "district": "Aley", "governorate": "Mount Lebanon" }, "geometry": { "type": "Point", "coordinates": [ 35.722275, 33.781095 ] } },
{ "type": "Feature", "properties": { "name_en": "Chamlikh", "name_ar": "شاملخ", "place_type": "village", "unique_id": "CAS_LBN31045", "district": "Aley", "governorate": "Mount Lebanon" }, "geometry": { "type": "Point", "coordinates": [ 35.705078, 33.782142 ] } },
{ "type": "Feature", "properties": { "name_en": "Touayte Ain Dara", "name_ar": "تويته عين داره", "place_type": "village", "unique_id": "CAS_LBN31112", "district": "Aley", "governorate": "Mount Lebanon" }, "geometry": { "type": "Point", "coordinates": [ 35.724697, 33.790689 ] } },
{ "type": "Feature", "properties": { "name_en": "Rwaisat Sawfar", "name_ar": "رويسات صوفر", "place_type": "village", "unique_id": "OSM_node/7725536746", "district": "Aley", "governorate": "Mount Lebanon" }, "geometry": { "type": "Point", "coordinates": [ 35.678133, 33.7982508 ] } },
{ "type": "Feature", "properties": { "name_en": "Rouissat Sofar", "name_ar": "رويسات صوفر", "place_type": "village", "unique_id": "CAS_LBN31103", "district": "Aley", "governorate": "Mount Lebanon" }, "geometry": { "type": "Point", "coordinates": [ 35.675072, 33.801661 ] } },
{ "type": "Feature", "properties": { "name_en": "Sofar", "name_ar": "صوفر", "place_type": "village", "unique_id": "CAS_LBN31109", "district": "Aley", "governorate": "Mount Lebanon" }, "geometry": { "type": "Point", "coordinates": [ 35.702342, 33.802206 ] } },
{ "type": "Feature", "properties": { "name_en": "Mreijat Aley", "name_ar": "مريجات عاليه", "place_type": "village", "unique_id": "CAS_LBN31092", "district": "Aley", "governorate": "Mount Lebanon" }, "geometry": { "type": "Point", "coordinates": [ 35.669189, 33.741336 ] } },
{ "type": "Feature", "properties": { "name_en": "Mazraat el Mehqane", "name_ar": "مزرعة المحقان", "place_type": "village", "unique_id": "CAS_LBN25046", "district": "Aley", "governorate": "Mount Lebanon" }, "geometry": { "type": "Point", "coordinates": [ 35.80175, 33.768994 ] } },
{ "type": "Feature", "properties": { "name_en": "Tahouitet el Ghadir", "name_ar": "تحويطة الغدير", "place_type": "village", "unique_id": "CAS_LBN320095", "district": "Baabda", "governorate": "Mount Lebanon" }, "geometry": { "type": "Point", "coordinates": [ 35.495319, 33.828719 ] } },
{ "type": "Feature", "properties": { "name_en": "Mraije", "name_ar": "مريجة", "place_type": "village", "unique_id": "CAS_LBN320077", "district": "Baabda", "governorate": "Mount Lebanon" }, "geometry": { "type": "Point", "coordinates": [ 35.510426, 33.837978 ] } },
{ "type": "Feature", "properties": { "name_en": "El Mdaoura", "name_ar": "مدورا", "place_type": "village", "unique_id": "CAS_LBN320039", "district": "Baabda", "governorate": "Mount Lebanon" }, "geometry": { "type": "Point", "coordinates": [ 35.487122, 33.838512 ] } },
{ "type": "Feature", "properties": { "name_en": "Borj el Brajne", "name_ar": "برج البراجنة", "place_type": "village", "unique_id": "CAS_LBN320015", "district": "Baabda", "governorate": "Mount Lebanon" }, "geometry": { "type": "Point", "coordinates": [ 35.503264, 33.843231 ] } },
{ "type": "Feature", "properties": { "name_en": "Baajour", "name_ar": "بعجور", "place_type": "village", "unique_id": "CAS_LBN320106", "district": "Baabda", "governorate": "Mount Lebanon" }, "geometry": { "type": "Point", "coordinates": [ 35.509463, 33.84794 ] } },
{ "type": "Feature", "properties": { "name_en": "El Ouzaai", "name_ar": "اوزاعي", "place_type": "village", "unique_id": "CAS_LBN320040", "district": "Baabda", "governorate": "Mount Lebanon" }, "geometry": { "type": "Point", "coordinates": [ 35.484735, 33.848016 ] } },
{ "type": "Feature", "properties": { "name_en": "Bir el AAbed", "name_ar": "بئر العبد", "place_type": "village", "unique_id": "CAS_LBN320104", "district": "Baabda", "governorate": "Mount Lebanon" }, "geometry": { "type": "Point", "coordinates": [ 35.510263, 33.852375 ] } },
{ "type": "Feature", "properties": { "name_en": "Haret Hraik", "name_ar": "حارة حريك", "place_type": "village", "unique_id": "CAS_LBN320058", "district": "Baabda", "governorate": "Mount Lebanon" }, "geometry": { "type": "Point", "coordinates": [ 35.508797, 33.8529 ] } },
{ "type": "Feature", "properties": { "name_en": "Ghobeire", "name_ar": "غبيري", "place_type": "village", "unique_id": "CAS_LBN320049", "district": "Baabda", "governorate": "Mount Lebanon" }, "geometry": { "type": "Point", "coordinates": [ 35.51024, 33.861126 ] } },
{ "type": "Feature", "properties": { "name_en": "Bir Hassan", "name_ar": "بئر حسن", "place_type": "village", "unique_id": "CAS_LBN320013", "district": "Baabda", "governorate": "Mount Lebanon" }, "geometry": { "type": "Point", "coordinates": [ 35.490887, 33.860953 ] } },
{ "type": "Feature", "properties": { "name_en": "Chatila", "name_ar": "شاتيلا", "place_type": "village", "unique_id": "CAS_LBN320108", "district": "Baabda", "governorate": "Mount Lebanon" }, "geometry": { "type": "Point", "coordinates": [ 35.500783, 33.861246 ] } },
{ "type": "Feature", "properties": { "name_en": "Cite Sportive", "name_ar": "المدينة الرياضية", "place_type": "village", "unique_id": "CAS_LBN320027", "district": "Baabda", "governorate": "Mount Lebanon" }, "geometry": { "type": "Point", "coordinates": [ 35.494675, 33.86704 ] } },
{ "type": "Feature", "properties": { "name_en": "El Marmah", "name_ar": "مرمح", "place_type": "village", "unique_id": "CAS_LBN320038", "district": "Baabda", "governorate": "Mount Lebanon" }, "geometry": { "type": "Point", "coordinates": [ 35.499711, 33.85812 ] } },
{ "type": "Feature", "properties": { "name_en": "Jnah", "name_ar": "جناح", "place_type": "village", "unique_id": "CAS_LBN320063", "district": "Baabda", "governorate": "Mount Lebanon" }, "geometry": { "type": "Point", "coordinates": [ 35.487796, 33.866037 ] } },
{ "type": "Feature", "properties": { "name_en": "Sabra", "name_ar": "صبرا", "place_type": "village", "unique_id": "CAS_LBN320107", "district": "Baabda", "governorate": "Mount Lebanon" }, "geometry": { "type": "Point", "coordinates": [ 35.497737, 33.862178 ] } },
{ "type": "Feature", "properties": { "name_en": "Haret el Mjadle", "name_ar": "حارة المجادلة", "place_type": "village", "unique_id": "CAS_LBN320054", "district": "Baabda", "governorate": "Mount Lebanon" }, "geometry": { "type": "Point", "coordinates": [ 35.529483, 33.861397 ] } },
{ "type": "Feature", "properties": { "name_en": "Chiayah", "name_ar": "شياح", "place_type": "village", "unique_id": "CAS_LBN320024", "district": "Baabda", "governorate": "Mount Lebanon" }, "geometry": { "type": "Point", "coordinates": [ 35.518419, 33.863369 ] } },
{ "type": "Feature", "properties": { "name_en": "Ain er Roummane", "name_ar": "عين الرمانة بعبدا", "place_type": "village", "unique_id": "CAS_LBN320004", "district": "Baabda", "governorate": "Mount Lebanon" }, "geometry": { "type": "Point", "coordinates": [ 35.520215, 33.86786 ] } },
{ "type": "Feature", "properties": { "name_en": "Furn ech Chebak", "name_ar": "فرن الشباك", "place_type": "village", "unique_id": "CAS_LBN320048", "district": "Baabda", "governorate": "Mount Lebanon" }, "geometry": { "type": "Point", "coordinates": [ 35.520833, 33.872778 ] } },
{ "type": "Feature", "properties": { "name_en": "Et Tahouita", "name_ar": "التحويطة", "place_type": "village", "unique_id": "CAS_LBN320043", "district": "Baabda", "governorate": "Mount Lebanon" }, "geometry": { "type": "Point", "coordinates": [ 35.528146, 33.869624 ] } },
{ "type": "Feature", "properties": { "name_en": "Lailake", "name_ar": "ليلكي", "place_type": "village", "unique_id": "CAS_LBN320072", "district": "Baabda", "governorate": "Mount Lebanon" }, "geometry": { "type": "Point", "coordinates": [ 35.516364, 33.832144 ] } },
{ "type": "Feature", "properties": { "name_en": "Haret er Roum", "name_ar": "حارة الروم", "place_type": "village", "unique_id": "CAS_LBN320055", "district": "Baabda", "governorate": "Mount Lebanon" }, "geometry": { "type": "Point", "coordinates": [ 35.531622, 33.829591 ] } },
{ "type": "Feature", "properties": { "name_en": "Warware", "name_ar": "الوروار", "place_type": "village", "unique_id": "CAS_LBN320097", "district": "Baabda", "governorate": "Mount Lebanon" }, "geometry": { "type": "Point", "coordinates": [ 35.532122, 33.826192 ] } },
{ "type": "Feature", "properties": { "name_en": "Kfarchima", "name_ar": "كفرشيما", "place_type": "village", "unique_id": "CAS_LBN320068", "district": "Baabda", "governorate": "Mount Lebanon" }, "geometry": { "type": "Point", "coordinates": [ 35.535075, 33.816886 ] } },
{ "type": "Feature", "properties": { "name_en": "Sibnay", "name_ar": "سبنيه", "place_type": "village", "unique_id": "CAS_LBN320094", "district": "Baabda", "governorate": "Mount Lebanon" }, "geometry": { "type": "Point", "coordinates": [ 35.536181, 33.83288 ] } },
{ "type": "Feature", "properties": { "name_en": "Haret El Botm", "name_ar": "حارة البطم", "place_type": "village", "unique_id": "CAS_LBN320053", "district": "Baabda", "governorate": "Mount Lebanon" }, "geometry": { "type": "Point", "coordinates": [ 35.531362, 33.836983 ] } },
{ "type": "Feature", "properties": { "name_en": "Hadet", "name_ar": "حدث", "place_type": "village", "unique_id": "CAS_LBN320050", "district": "Baabda", "governorate": "Mount Lebanon" }, "geometry": { "type": "Point", "coordinates": [ 35.532223, 33.843764 ] } },
{ "type": "Feature", "properties": { "name_en": "Er Rouais", "name_ar": "الرويس", "place_type": "village", "unique_id": "CAS_LBN320105", "district": "Baabda", "governorate": "Mount Lebanon" }, "geometry": { "type": "Point", "coordinates": [ 35.517058, 33.849577 ] } },
{ "type": "Feature", "properties": { "name_en": "Saqi Ain el Hadath", "name_ar": "سقي عين الحدث", "place_type": "village", "unique_id": "CAS_LBN320093", "district": "Baabda", "governorate": "Mount Lebanon" }, "geometry": { "type": "Point", "coordinates": [ 35.522434, 33.844679 ] } },
{ "type": "Feature", "properties": { "name_en": "Er Rihaniye", "name_ar": "ريحانية", "place_type": "village", "unique_id": "CAS_LBN320041", "district": "Baabda", "governorate": "Mount Lebanon" }, "geometry": { "type": "Point", "coordinates": [ 35.547076, 33.846446 ] } },
{ "type": "Feature", "properties": { "name_en": "Brazilia", "name_ar": "برازيليا", "place_type": "village", "unique_id": "CAS_LBN320017", "district": "Baabda", "governorate": "Mount Lebanon" }, "geometry": { "type": "Point", "coordinates": [ 35.541998, 33.846935 ] } },
{ "type": "Feature", "properties": { "name_en": "Faiyadiye", "name_ar": "فياضية", "place_type": "village", "unique_id": "CAS_LBN320045", "district": "Baabda", "governorate": "Mount Lebanon" }, "geometry": { "type": "Point", "coordinates": [ 35.551622, 33.847497 ] } },
{ "type": "Feature", "properties": { "name_en": "Hazmiye", "name_ar": "حازمية", "place_type": "village", "unique_id": "CAS_LBN320060", "district": "Baabda", "governorate": "Mount Lebanon" }, "geometry": { "type": "Point", "coordinates": [ 35.539931, 33.852583 ] } },
{ "type": "Feature", "properties": { "name_en": "Mar Taqla", "name_ar": "مار تقلا", "place_type": "village", "unique_id": "CAS_LBN320074", "district": "Baabda", "governorate": "Mount Lebanon" }, "geometry": { "type": "Point", "coordinates": [ 35.544685, 33.855969 ] } },
{ "type": "Feature", "properties": { "name_en": "Es Sheime", "name_ar": "الشيمة", "place_type": "village", "unique_id": "CAS_LBN320042", "district": "Baabda", "governorate": "Mount Lebanon" }, "geometry": { "type": "Point", "coordinates": [ 35.554333, 33.85625 ] } },
{ "type": "Feature", "properties": { "name_en": "Bsaba & Ouadi Dlab", "name_ar": "بسابا وادي الدلب", "place_type": "village", "unique_id": "CAS_LBN320101", "district": "Baabda", "governorate": "Mount Lebanon" }, "geometry": { "type": "Point", "coordinates": [ 35.5416, 33.8031 ] } },
{ "type": "Feature", "properties": { "name_en": "Wadi Chahrour", "name_ar": "وادي شحرور", "place_type": "village", "unique_id": "OSM_node/7906545772", "district": "Baabda", "governorate": "Mount Lebanon" }, "geometry": { "type": "Point", "coordinates": [ 35.556712300000015, 33.818413 ] } },
{ "type": "Feature", "properties": { "name_en": "Ouadi Chahrour el Olia", "name_ar": "وادي شحرور العليا", "place_type": "village", "unique_id": "CAS_LBN320079", "district": "Baabda", "governorate": "Mount Lebanon" }, "geometry": { "type": "Point", "coordinates": [ 35.563161, 33.818919 ] } },
{ "type": "Feature", "properties": { "name_en": "Ouadi Chahrour el Soufla", "name_ar": "وادي شحرور السفلى", "place_type": "village", "unique_id": "CAS_LBN320080", "district": "Baabda", "governorate": "Mount Lebanon" }, "geometry": { "type": "Point", "coordinates": [ 35.554578, 33.821775 ] } },
{ "type": "Feature", "properties": { "name_en": "Haret es Set", "name_ar": "حارة الست", "place_type": "village", "unique_id": "CAS_LBN320056", "district": "Baabda", "governorate": "Mount Lebanon" }, "geometry": { "type": "Point", "coordinates": [ 35.564636, 33.822331 ] } },
{ "type": "Feature", "properties": { "name_en": "Merdache", "name_ar": "مرداشة", "place_type": "village", "unique_id": "CAS_LBN320076", "district": "Baabda", "governorate": "Mount Lebanon" }, "geometry": { "type": "Point", "coordinates": [ 35.541453, 33.822647 ] } },
{ "type": "Feature", "properties": { "name_en": "Boutchai", "name_ar": "بطشيه", "place_type": "village", "unique_id": "CAS_LBN320016", "district": "Baabda", "governorate": "Mount Lebanon" }, "geometry": { "type": "Point", "coordinates": [ 35.543561, 33.826622 ] } },
{ "type": "Feature", "properties": { "name_en": "أوليفر 2", "name_ar": "أوليفر 2", "place_type": "village", "unique_id": "OSM_node/8462135006", "district": "Baabda", "governorate": "Mount Lebanon" }, "geometry": { "type": "Point", "coordinates": [ 35.566900799999985, 33.828892199999984 ] } },
{ "type": "Feature", "properties": { "name_en": "Pride of Jamhour", "name_ar": "فخر الجمهور", "place_type": "village", "unique_id": "OSM_node/12170234601", "district": "Baabda", "governorate": "Mount Lebanon" }, "geometry": { "type": "Point", "coordinates": [ 35.565898100000027, 33.829270899999983 ] } },
{ "type": "Feature", "properties": { "name_en": "Jamhour Village", "name_ar": "فلج الجمهور", "place_type": "village", "unique_id": "OSM_node/8462135005", "district": "Baabda", "governorate": "Mount Lebanon" }, "geometry": { "type": "Point", "coordinates": [ 35.565917899999988, 33.83052 ] } },
{ "type": "Feature", "properties": { "name_en": "Jamhour", "name_ar": "جمهور", "place_type": "village", "unique_id": "CAS_LBN320062", "district": "Baabda", "governorate": "Mount Lebanon" }, "geometry": { "type": "Point", "coordinates": [ 35.575997, 33.830941 ] } },
{ "type": "Feature", "properties": { "name_en": "Arayia", "name_ar": "عاريا", "place_type": "village", "unique_id": "CAS_LBN320007", "district": "Baabda", "governorate": "Mount Lebanon" }, "geometry": { "type": "Point", "coordinates": [ 35.591019, 33.831739 ] } },
{ "type": "Feature", "properties": { "name_en": "Mazzraat Maaissra", "name_ar": "مزرعة المعيصرة", "place_type": "village", "unique_id": "CAS_LBN320103", "district": "Baabda", "governorate": "Mount Lebanon" }, "geometry": { "type": "Point", "coordinates": [ 35.5441, 33.8338 ] } },
{ "type": "Feature", "properties": { "name_en": "Baabda", "name_ar": "بعبدا", "place_type": "village", "unique_id": "CAS_LBN320009", "district": "Baabda", "governorate": "Mount Lebanon" }, "geometry": { "type": "Point", "coordinates": [ 35.545514, 33.834941 ] } },
{ "type": "Feature", "properties": { "name_en": "Yarzeh", "name_ar": "اليرزة", "place_type": "village", "unique_id": "CAS_LBN320098", "district": "Baabda", "governorate": "Mount Lebanon" }, "geometry": { "type": "Point", "coordinates": [ 35.553388, 33.835937 ] } },
{ "type": "Feature", "properties": { "name_en": "Louaize", "name_ar": "لويزة", "place_type": "village", "unique_id": "CAS_LBN320073", "district": "Baabda", "governorate": "Mount Lebanon" }, "geometry": { "type": "Point", "coordinates": [ 35.566161, 33.838628 ] } },
{ "type": "Feature", "properties": { "name_en": "Ez Zire", "name_ar": "زيره", "place_type": "village", "unique_id": "CAS_LBN320044", "district": "Baabda", "governorate": "Mount Lebanon" }, "geometry": { "type": "Point", "coordinates": [ 35.574869, 33.839224 ] } },
{ "type": "Feature", "properties": { "name_en": "El Maadan", "name_ar": "المعادن", "place_type": "village", "unique_id": "CAS_LBN320037", "district": "Baabda", "governorate": "Mount Lebanon" }, "geometry": { "type": "Point", "coordinates": [ 35.640923, 33.858822 ] } },
{ "type": "Feature", "properties": { "name_en": "Qirtada", "name_ar": "قرطادة", "place_type": "village", "unique_id": "CAS_LBN320082", "district": "Baabda", "governorate": "Mount Lebanon" }, "geometry": { "type": "Point", "coordinates": [ 35.629284, 33.86133 ] } },
{ "type": "Feature", "properties": { "name_en": "Haql Hassan", "name_ar": "حقل حسن", "place_type": "village", "unique_id": "CAS_LBN320052", "district": "Baabda", "governorate": "Mount Lebanon" }, "geometry": { "type": "Point", "coordinates": [ 35.638401, 33.863889 ] } },
{ "type": "Feature", "properties": { "name_en": "Zandouqa", "name_ar": "زندوقة", "place_type": "village", "unique_id": "CAS_LBN320099", "district": "Baabda", "governorate": "Mount Lebanon" }, "geometry": { "type": "Point", "coordinates": [ 35.638519, 33.865247 ] } },
{ "type": "Feature", "properties": { "name_en": "Qsaibe", "name_ar": "قصيبة", "place_type": "village", "unique_id": "CAS_LBN320086", "district": "Baabda", "governorate": "Mount Lebanon" }, "geometry": { "type": "Point", "coordinates": [ 35.648599, 33.867405 ] } },
{ "type": "Feature", "properties": { "name_en": "Baalchmay ej Jdide", "name_ar": "بعلشميه الجديدة", "place_type": "village", "unique_id": "CAS_LBN320011", "district": "Baabda", "governorate": "Mount Lebanon" }, "geometry": { "type": "Point", "coordinates": [ 35.649403, 33.813804 ] } },
{ "type": "Feature", "properties": { "name_en": "Dhour Al Aabaydiyeh", "name_ar": "ضهور العبادية", "place_type": "village", "unique_id": "CAS_LBN320034", "district": "Baabda", "governorate": "Mount Lebanon" }, "geometry": { "type": "Point", "coordinates": [ 35.623329, 33.817071 ] } },
{ "type": "Feature", "properties": { "name_en": "Deir Mar Elias", "name_ar": "دير مار الياس", "place_type": "village", "unique_id": "CAS_LBN320031", "district": "Baabda", "governorate": "Mount Lebanon" }, "geometry": { "type": "Point", "coordinates": [ 35.659014, 33.817703 ] } },
{ "type": "Feature", "properties": { "name_en": "Baalchmay", "name_ar": "بعلشميه", "place_type": "village", "unique_id": "CAS_LBN320010", "district": "Baabda", "governorate": "Mount Lebanon" }, "geometry": { "type": "Point", "coordinates": [ 35.645746, 33.817779 ] } },
{ "type": "Feature", "properties": { "name_en": "Ain Mouaffaq", "name_ar": "عين موفق", "place_type": "village", "unique_id": "CAS_LBN320006", "district": "Baabda", "governorate": "Mount Lebanon" }, "geometry": { "type": "Point", "coordinates": [ 35.652711, 33.821925 ] } },
{ "type": "Feature", "properties": { "name_en": "Abbdiyeh al Jadideh", "name_ar": "عبادية الجديدة", "place_type": "village", "unique_id": "CAS_LBN320003", "district": "Baabda", "governorate": "Mount Lebanon" }, "geometry": { "type": "Point", "coordinates": [ 35.614702, 33.822098 ] } },
{ "type": "Feature", "properties": { "name_en": "Rouisset el Ballout", "name_ar": "رويسة البلوط", "place_type": "village", "unique_id": "CAS_LBN320091", "district": "Baabda", "governorate": "Mount Lebanon" }, "geometry": { "type": "Point", "coordinates": [ 35.644039, 33.827125 ] } },
{ "type": "Feature", "properties": { "name_en": "Mzayraa", "name_ar": "مزيرعة بعبدا", "place_type": "village", "unique_id": "CAS_LBN320078", "district": "Baabda", "governorate": "Mount Lebanon" }, "geometry": { "type": "Point", "coordinates": [ 35.651842, 33.828069 ] } },
{ "type": "Feature", "properties": { "name_en": "Chouit", "name_ar": "شويت", "place_type": "village", "unique_id": "CAS_LBN320026", "district": "Baabda", "governorate": "Mount Lebanon" }, "geometry": { "type": "Point", "coordinates": [ 35.608372, 33.828639 ] } },
{ "type": "Feature", "properties": { "name_en": "Hlaliye", "name_ar": "هلالية", "place_type": "village", "unique_id": "CAS_LBN320061", "district": "Baabda", "governorate": "Mount Lebanon" }, "geometry": { "type": "Point", "coordinates": [ 35.637275, 33.83245 ] } },
{ "type": "Feature", "properties": { "name_en": "Aabadiye", "name_ar": "عبادية", "place_type": "village", "unique_id": "CAS_LBN320001", "district": "Baabda", "governorate": "Mount Lebanon" }, "geometry": { "type": "Point", "coordinates": [ 35.620508, 33.833844 ] } },
{ "type": "Feature", "properties": { "name_en": "Mdeyrej", "name_ar": "مديرج", "place_type": "village", "unique_id": "CAS_LBN320075", "district": "Baabda", "governorate": "Mount Lebanon" }, "geometry": { "type": "Point", "coordinates": [ 35.725936, 33.802425 ] } },
{ "type": "Feature", "properties": { "name_en": "Qraiye", "name_ar": "قرية", "place_type": "village", "unique_id": "CAS_LBN320085", "district": "Baabda", "governorate": "Mount Lebanon" }, "geometry": { "type": "Point", "coordinates": [ 35.676433, 33.808136 ] } },
{ "type": "Feature", "properties": { "name_en": "Ras el Harf", "name_ar": "راس الحرف", "place_type": "village", "unique_id": "CAS_LBN320088", "district": "Baabda", "governorate": "Mount Lebanon" }, "geometry": { "type": "Point", "coordinates": [ 35.671803, 33.811572 ] } },
{ "type": "Feature", "properties": { "name_en": "Qoubbeiaa", "name_ar": "قبيع", "place_type": "village", "unique_id": "CAS_LBN320084", "district": "Baabda", "governorate": "Mount Lebanon" }, "geometry": { "type": "Point", "coordinates": [ 35.695792, 33.812481 ] } },
{ "type": "Feature", "properties": { "name_en": "Kahlouniye", "name_ar": "كحلونية", "place_type": "village", "unique_id": "CAS_LBN320066", "district": "Baabda", "governorate": "Mount Lebanon" }, "geometry": { "type": "Point", "coordinates": [ 35.667385, 33.816233 ] } },
{ "type": "Feature", "properties": { "name_en": "Chbaniye", "name_ar": "شبانية", "place_type": "village", "unique_id": "CAS_LBN320023", "district": "Baabda", "governorate": "Mount Lebanon" }, "geometry": { "type": "Point", "coordinates": [ 35.707306, 33.820297 ] } },
{ "type": "Feature", "properties": { "name_en": "Deir Mar Youhanna", "name_ar": "دير مار يوحنا", "place_type": "village", "unique_id": "CAS_LBN320032", "district": "Baabda", "governorate": "Mount Lebanon" }, "geometry": { "type": "Point", "coordinates": [ 35.683461, 33.822167 ] } },
{ "type": "Feature", "properties": { "name_en": "Qtale", "name_ar": "قتالة", "place_type": "village", "unique_id": "CAS_LBN320087", "district": "Baabda", "governorate": "Mount Lebanon" }, "geometry": { "type": "Point", "coordinates": [ 35.672492, 33.822433 ] } },
{ "type": "Feature", "properties": { "name_en": "Hammana", "name_ar": "حمانا", "place_type": "village", "unique_id": "CAS_LBN320051", "district": "Baabda", "governorate": "Mount Lebanon" }, "geometry": { "type": "Point", "coordinates": [ 35.736275, 33.823792 ] } },
{ "type": "Feature", "properties": { "name_en": "Khraibe Baabda", "name_ar": "خريبة بعبدا", "place_type": "village", "unique_id": "CAS_LBN320070", "district": "Baabda", "governorate": "Mount Lebanon" }, "geometry": { "type": "Point", "coordinates": [ 35.712603, 33.82607 ] } },
{ "type": "Feature", "properties": { "name_en": "Chmaissa", "name_ar": "شميسة", "place_type": "village", "unique_id": "CAS_LBN320025", "district": "Baabda", "governorate": "Mount Lebanon" }, "geometry": { "type": "Point", "coordinates": [ 35.682792, 33.826944 ] } },
{ "type": "Feature", "properties": { "name_en": "El Baqle", "name_ar": "بقلة", "place_type": "village", "unique_id": "CAS_LBN320036", "district": "Baabda", "governorate": "Mount Lebanon" }, "geometry": { "type": "Point", "coordinates": [ 35.68718, 33.831694 ] } },
{ "type": "Feature", "properties": { "name_en": "Bmariam", "name_ar": "بمريم", "place_type": "village", "unique_id": "CAS_LBN320014", "district": "Baabda", "governorate": "Mount Lebanon" }, "geometry": { "type": "Point", "coordinates": [ 35.715192, 33.832058 ] } },
{ "type": "Feature", "properties": { "name_en": "Deir Saiya", "name_ar": "دير سيا", "place_type": "village", "unique_id": "CAS_LBN320033", "district": "Baabda", "governorate": "Mount Lebanon" }, "geometry": { "type": "Point", "coordinates": [ 35.674586, 33.832388 ] } },
{ "type": "Feature", "properties": { "name_en": "Dahr el Baidar", "name_ar": "ضهر البيدر", "place_type": "village", "unique_id": "CAS_LBN320028", "district": "Baabda", "governorate": "Mount Lebanon" }, "geometry": { "type": "Point", "coordinates": [ 35.762283, 33.811999 ] } },
{ "type": "Feature", "properties": { "name_en": "Haret Hamze", "name_ar": "حارة حمزة", "place_type": "village", "unique_id": "CAS_LBN320057", "district": "Baabda", "governorate": "Mount Lebanon" }, "geometry": { "type": "Point", "coordinates": [ 35.665053, 33.822361 ] } },
{ "type": "Feature", "properties": { "name_en": "Deir Khouna", "name_ar": "دير خونة", "place_type": "village", "unique_id": "CAS_LBN320030", "district": "Baabda", "governorate": "Mount Lebanon" }, "geometry": { "type": "Point", "coordinates": [ 35.663542, 33.832375 ] } },
{ "type": "Feature", "properties": { "name_en": "Btekhnay", "name_ar": "بتخناي", "place_type": "village", "unique_id": "CAS_LBN320021", "district": "Baabda", "governorate": "Mount Lebanon" }, "geometry": { "type": "Point", "coordinates": [ 35.718694, 33.842742 ] } },
{ "type": "Feature", "properties": { "name_en": "Qalaa", "name_ar": "القلعة", "place_type": "village", "unique_id": "CAS_LBN320081", "district": "Baabda", "governorate": "Mount Lebanon" }, "geometry": { "type": "Point", "coordinates": [ 35.727678, 33.840772 ] } },
{ "type": "Feature", "properties": { "name_en": "Bhala", "name_ar": "بحالا", "place_type": "village", "unique_id": "CAS_LBN320012", "district": "Baabda", "governorate": "Mount Lebanon" }, "geometry": { "type": "Point", "coordinates": [ 35.733557, 33.84339 ] } },
{ "type": "Feature", "properties": { "name_en": "Khalouat", "name_ar": "خلوات", "place_type": "village", "unique_id": "CAS_LBN320069", "district": "Baabda", "governorate": "Mount Lebanon" }, "geometry": { "type": "Point", "coordinates": [ 35.734528, 33.840242 ] } },
{ "type": "Feature", "properties": { "name_en": "Falougha", "name_ar": "فالوغا", "place_type": "village", "unique_id": "CAS_LBN320046", "district": "Baabda", "governorate": "Mount Lebanon" }, "geometry": { "type": "Point", "coordinates": [ 35.740978, 33.83743 ] } },
{ "type": "Feature", "properties": { "name_en": "Ain es Sihha", "name_ar": "عين الصحة", "place_type": "village", "unique_id": "CAS_LBN320005", "district": "Baabda", "governorate": "Mount Lebanon" }, "geometry": { "type": "Point", "coordinates": [ 35.753052, 33.83867 ] } },
{ "type": "Feature", "properties": { "name_en": "Ras el Metn", "name_ar": "راس المتن", "place_type": "village", "unique_id": "CAS_LBN320089", "district": "Baabda", "governorate": "Mount Lebanon" }, "geometry": { "type": "Point", "coordinates": [ 35.665161, 33.848758 ] } },
{ "type": "Feature", "properties": { "name_en": "Knisse", "name_ar": "كنيسة بعبدا", "place_type": "village", "unique_id": "CAS_LBN320071", "district": "Baabda", "governorate": "Mount Lebanon" }, "geometry": { "type": "Point", "coordinates": [ 35.6691, 33.866464 ] } },
{ "type": "Feature", "properties": { "name_en": "Btaaline", "name_ar": "بتعلين", "place_type": "village", "unique_id": "CAS_LBN320102", "district": "Baabda", "governorate": "Mount Lebanon" }, "geometry": { "type": "Point", "coordinates": [ 35.673303, 33.855322 ] } },
{ "type": "Feature", "properties": { "name_en": "Aarbaniye", "name_ar": "عربانية", "place_type": "village", "unique_id": "CAS_LBN320002", "district": "Baabda", "governorate": "Mount Lebanon" }, "geometry": { "type": "Point", "coordinates": [ 35.678842, 33.877825 ] } },
{ "type": "Feature", "properties": { "name_en": "Rouaisset Salima", "name_ar": "رويسات صليما", "place_type": "village", "unique_id": "CAS_LBN320090", "district": "Baabda", "governorate": "Mount Lebanon" }, "geometry": { "type": "Point", "coordinates": [ 35.681319, 33.872831 ] } },
{ "type": "Feature", "properties": { "name_en": "Dlaibe", "name_ar": "دليبه", "place_type": "village", "unique_id": "CAS_LBN320035", "district": "Baabda", "governorate": "Mount Lebanon" }, "geometry": { "type": "Point", "coordinates": [ 35.685824, 33.877915 ] } },
{ "type": "Feature", "properties": { "name_en": "Arsoun", "name_ar": "ارصون", "place_type": "village", "unique_id": "CAS_LBN320008", "district": "Baabda", "governorate": "Mount Lebanon" }, "geometry": { "type": "Point", "coordinates": [ 35.689564, 33.860419 ] } },
{ "type": "Feature", "properties": { "name_en": "Deir el Harf", "name_ar": "دير الحرف", "place_type": "village", "unique_id": "CAS_LBN320029", "district": "Baabda", "governorate": "Mount Lebanon" }, "geometry": { "type": "Point", "coordinates": [ 35.693983, 33.846836 ] } },
{ "type": "Feature", "properties": { "name_en": "Salima Baabda", "name_ar": "صليما بعبدا", "place_type": "village", "unique_id": "CAS_LBN320092", "district": "Baabda", "governorate": "Mount Lebanon" }, "geometry": { "type": "Point", "coordinates": [ 35.694547, 33.874067 ] } },
{ "type": "Feature", "properties": { "name_en": "Btebyat", "name_ar": "بتبيات", "place_type": "village", "unique_id": "CAS_LBN320020", "district": "Baabda", "governorate": "Mount Lebanon" }, "geometry": { "type": "Point", "coordinates": [ 35.706036, 33.835231 ] } },
{ "type": "Feature", "properties": { "name_en": "Jouret Arsoun", "name_ar": "جورة ارصون", "place_type": "village", "unique_id": "CAS_LBN320065", "district": "Baabda", "governorate": "Mount Lebanon" }, "geometry": { "type": "Point", "coordinates": [ 35.707961, 33.853186 ] } },
{ "type": "Feature", "properties": { "name_en": "Fsakin", "name_ar": "فساقين ترشيش", "place_type": "village", "unique_id": "CAS_LBN320047", "district": "Baabda", "governorate": "Mount Lebanon" }, "geometry": { "type": "Point", "coordinates": [ 35.816483, 33.866258 ] } },
{ "type": "Feature", "properties": { "name_en": "Hasbaiya el Metn", "name_ar": "حاصبيّا المتن", "place_type": "village", "unique_id": "CAS_LBN320059", "district": "Baabda", "governorate": "Mount Lebanon" }, "geometry": { "type": "Point", "coordinates": [ 35.720731, 33.875253 ] } },
{ "type": "Feature", "properties": { "name_en": "Qornayel", "name_ar": "قرنايل", "place_type": "village", "unique_id": "CAS_LBN320083", "district": "Baabda", "governorate": "Mount Lebanon" }, "geometry": { "type": "Point", "coordinates": [ 35.725092, 33.856517 ] } },
{ "type": "Feature", "properties": { "name_en": "Bzebdine", "name_ar": "بزبدين", "place_type": "village", "unique_id": "CAS_LBN320022", "district": "Baabda", "governorate": "Mount Lebanon" }, "geometry": { "type": "Point", "coordinates": [ 35.732594, 33.873497 ] } },
{ "type": "Feature", "properties": { "name_en": "Al Salam Village", "name_ar": "قرية السلام", "place_type": "village", "unique_id": "OSM_node/3100741076", "district": "Baabda", "governorate": "Mount Lebanon" }, "geometry": { "type": "Point", "coordinates": [ 35.745078799999987, 33.8567921 ] } },
{ "type": "Feature", "properties": { "name_en": "Jouar el Haouz", "name_ar": "جوار الحوز", "place_type": "village", "unique_id": "CAS_LBN320064", "district": "Baabda", "governorate": "Mount Lebanon" }, "geometry": { "type": "Point", "coordinates": [ 35.759111, 33.86335 ] } },
{ "type": "Feature", "properties": { "name_en": "Zouaitini", "name_ar": "زويتينة", "place_type": "village", "unique_id": "CAS_LBN320100", "district": "Baabda", "governorate": "Mount Lebanon" }, "geometry": { "type": "Point", "coordinates": [ 35.778019, 33.863402 ] } },
{ "type": "Feature", "properties": { "name_en": "Kfar Selouane", "name_ar": "كفرسلوان", "place_type": "village", "unique_id": "CAS_LBN320067", "district": "Baabda", "governorate": "Mount Lebanon" }, "geometry": { "type": "Point", "coordinates": [ 35.781725, 33.857028 ] } },
{ "type": "Feature", "properties": { "name_en": "Tarchich", "name_ar": "ترشيش", "place_type": "village", "unique_id": "CAS_LBN320096", "district": "Baabda", "governorate": "Mount Lebanon" }, "geometry": { "type": "Point", "coordinates": [ 35.796253, 33.875733 ] } },
{ "type": "Feature", "properties": { "name_en": "Et Taamir", "name_ar": "تعمير", "place_type": "village", "unique_id": "CAS_LBN33082", "district": "Chouf", "governorate": "Mount Lebanon" }, "geometry": { "type": "Point", "coordinates": [ 35.393077, 33.595378 ] } },
{ "type": "Feature", "properties": { "name_en": "Ouadi Ez Zeyni", "name_ar": "وادي الزينة", "place_type": "village", "unique_id": "CAS_LBN33172", "district": "Chouf", "governorate": "Mount Lebanon" }, "geometry": { "type": "Point", "coordinates": [ 35.399895, 33.629566 ] } },
{ "type": "Feature", "properties": { "name_en": "Jieh", "name_ar": "الجية", "place_type": "town", "unique_id": "OSM_node/5764388273", "district": "Chouf", "governorate": "Mount Lebanon" }, "geometry": { "type": "Point", "coordinates": [ 35.403654300000028, 33.645544500000028 ] } },
{ "type": "Feature", "properties": { "name_en": "Rmaile", "name_ar": "رميلة", "place_type": "village", "unique_id": "CAS_LBN33181", "district": "Chouf", "governorate": "Mount Lebanon" }, "geometry": { "type": "Point", "coordinates": [ 35.403981, 33.606806 ] } },
{ "type": "Feature", "properties": { "name_en": "Jadra", "name_ar": "جدرا", "place_type": "village", "unique_id": "CAS_LBN33101", "district": "Chouf", "governorate": "Mount Lebanon" }, "geometry": { "type": "Point", "coordinates": [ 35.406039, 33.632044 ] } },
{ "type": "Feature", "properties": { "name_en": "Aalmane Ech Chouf", "name_ar": "علمان الشوف", "place_type": "village", "unique_id": "CAS_LBN33001", "district": "Chouf", "governorate": "Mount Lebanon" }, "geometry": { "type": "Point", "coordinates": [ 35.407489, 33.585128 ] } },
{ "type": "Feature", "properties": { "name_en": "Haret Aalmane", "name_ar": "حارة علمان", "place_type": "village", "unique_id": "CAS_LBN33093", "district": "Chouf", "governorate": "Mount Lebanon" }, "geometry": { "type": "Point", "coordinates": [ 35.40901, 33.589018 ] } },
{ "type": "Feature", "properties": { "name_en": "Almane ed Daiaa", "name_ar": "علمان الضيعة", "place_type": "village", "unique_id": "CAS_LBN33015", "district": "Chouf", "governorate": "Mount Lebanon" }, "geometry": { "type": "Point", "coordinates": [ 35.410342, 33.594533 ] } },
{ "type": "Feature", "properties": { "name_en": "Baasir", "name_ar": "بعاصير", "place_type": "village", "unique_id": "CAS_LBN33019", "district": "Chouf", "governorate": "Mount Lebanon" }, "geometry": { "type": "Point", "coordinates": [ 35.447153, 33.658505 ] } },
{ "type": "Feature", "properties": { "name_en": "Dabche", "name_ar": "دبشه", "place_type": "village", "unique_id": "CAS_LBN33050", "district": "Chouf", "governorate": "Mount Lebanon" }, "geometry": { "type": "Point", "coordinates": [ 35.450694, 33.661633 ] } },
{ "type": "Feature", "properties": { "name_en": "Haret Beit Madi", "name_ar": "حارة بيت ماضي", "place_type": "village", "unique_id": "CAS_LBN33095", "district": "Chouf", "governorate": "Mount Lebanon" }, "geometry": { "type": "Point", "coordinates": [ 35.424792, 33.661731 ] } },
{ "type": "Feature", "properties": { "name_en": "Haret Baasir", "name_ar": "حارة بعاصير", "place_type": "village", "unique_id": "CAS_LBN33094", "district": "Chouf", "governorate": "Mount Lebanon" }, "geometry": { "type": "Point", "coordinates": [ 35.447486, 33.663505 ] } },
{ "type": "Feature", "properties": { "name_en": "Halioune et Tahta", "name_ar": "حليونة التحتا", "place_type": "village", "unique_id": "CAS_LBN33090", "district": "Chouf", "governorate": "Mount Lebanon" }, "geometry": { "type": "Point", "coordinates": [ 35.468047, 33.663828 ] } },
{ "type": "Feature", "properties": { "name_en": "Halioune el Faouqa", "name_ar": "حليونة الفوقا", "place_type": "village", "unique_id": "CAS_LBN33089", "district": "Chouf", "governorate": "Mount Lebanon" }, "geometry": { "type": "Point", "coordinates": [ 35.468236, 33.667217 ] } },
{ "type": "Feature", "properties": { "name_en": "Jiye", "name_ar": "جية", "place_type": "village", "unique_id": "CAS_LBN33109", "district": "Chouf", "governorate": "Mount Lebanon" }, "geometry": { "type": "Point", "coordinates": [ 35.425083, 33.667442 ] } },
{ "type": "Feature", "properties": { "name_en": "Dahr el Mghara", "name_ar": "ضهر المغارة", "place_type": "village", "unique_id": "CAS_LBN33053", "district": "Chouf", "governorate": "Mount Lebanon" }, "geometry": { "type": "Point", "coordinates": [ 35.447706, 33.681017 ] } },
{ "type": "Feature", "properties": { "name_en": "Mazraat er Rzaniye", "name_ar": "مزرعة الرزَانية", "place_type": "village", "unique_id": "CAS_LBN33147", "district": "Chouf", "governorate": "Mount Lebanon" }, "geometry": { "type": "Point", "coordinates": [ 35.463617, 33.682356 ] } },
{ "type": "Feature", "properties": { "name_en": "Maqsabe", "name_ar": "مقصبة", "place_type": "village", "unique_id": "CAS_LBN33133", "district": "Chouf", "governorate": "Mount Lebanon" }, "geometry": { "type": "Point", "coordinates": [ 35.422206, 33.68555 ] } },
{ "type": "Feature", "properties": { "name_en": "Ghandouriye", "name_ar": "غندورية", "place_type": "village", "unique_id": "CAS_LBN33086", "district": "Chouf", "governorate": "Mount Lebanon" }, "geometry": { "type": "Point", "coordinates": [ 35.4205, 33.693064 ] } },
{ "type": "Feature", "properties": { "name_en": "El Battal", "name_ar": "بطال", "place_type": "village", "unique_id": "CAS_LBN33075", "district": "Chouf", "governorate": "Mount Lebanon" }, "geometry": { "type": "Point", "coordinates": [ 35.462041, 33.696417 ] } },
{ "type": "Feature", "properties": { "name_en": "Lahbiye", "name_ar": "لهبية", "place_type": "village", "unique_id": "CAS_LBN33126", "district": "Chouf", "governorate": "Mount Lebanon" }, "geometry": { "type": "Point", "coordinates": [ 35.462075, 33.700081 ] } },
{ "type": "Feature", "properties": { "name_en": "Baqse", "name_ar": "بقسه", "place_type": "village", "unique_id": "CAS_LBN33023", "district": "Chouf", "governorate": "Mount Lebanon" }, "geometry": { "type": "Point", "coordinates": [ 35.450893, 33.700524 ] } },
{ "type": "Feature", "properties": { "name_en": "Khiam Ed Damour", "name_ar": "خيام الدامور", "place_type": "village", "unique_id": "CAS_LBN33122", "district": "Chouf", "governorate": "Mount Lebanon" }, "geometry": { "type": "Point", "coordinates": [ 35.447531, 33.706555 ] } },
{ "type": "Feature", "properties": { "name_en": "Hamra Ed Damour", "name_ar": "حمرا الدامور", "place_type": "village", "unique_id": "CAS_LBN33091", "district": "Chouf", "governorate": "Mount Lebanon" }, "geometry": { "type": "Point", "coordinates": [ 35.455722, 33.710311 ] } },
{ "type": "Feature", "properties": { "name_en": "Jall Bou Haidar", "name_ar": "جل بو حيدر", "place_type": "village", "unique_id": "CAS_LBN33103", "district": "Chouf", "governorate": "Mount Lebanon" }, "geometry": { "type": "Point", "coordinates": [ 35.449956, 33.710467 ] } },
{ "type": "Feature", "properties": { "name_en": "Mechref", "name_ar": "مشرف", "place_type": "village", "unique_id": "CAS_LBN33151", "district": "Chouf", "governorate": "Mount Lebanon" }, "geometry": { "type": "Point", "coordinates": [ 35.467311, 33.712889 ] } },
{ "type": "Feature", "properties": { "name_en": "Mar Mikheyel Ed Damour", "name_ar": "مار مخايل الدامور", "place_type": "village", "unique_id": "CAS_LBN33134", "district": "Chouf", "governorate": "Mount Lebanon" }, "geometry": { "type": "Point", "coordinates": [ 35.453203, 33.717061 ] } },
{ "type": "Feature", "properties": { "name_en": "Nabi Younos", "name_ar": "نبي يونس", "place_type": "village", "unique_id": "CAS_LBN33165", "district": "Chouf", "governorate": "Mount Lebanon" }, "geometry": { "type": "Point", "coordinates": [ 35.417667, 33.661203 ] } },
{ "type": "Feature", "properties": { "name_en": "Qassoube", "name_ar": "قصوبة", "place_type": "village", "unique_id": "CAS_LBN33178", "district": "Chouf", "governorate": "Mount Lebanon" }, "geometry": { "type": "Point", "coordinates": [ 35.421847, 33.672611 ] } },
{ "type": "Feature", "properties": { "name_en": "Ras Aalous", "name_ar": "راس علوس", "place_type": "village", "unique_id": "CAS_LBN33180", "district": "Chouf", "governorate": "Mount Lebanon" }, "geometry": { "type": "Point", "coordinates": [ 35.452608, 33.656925 ] } },
{ "type": "Feature", "properties": { "name_en": "Saadiyat", "name_ar": "السعديات", "place_type": "village", "unique_id": "CAS_LBN33182", "district": "Chouf", "governorate": "Mount Lebanon" }, "geometry": { "type": "Point", "coordinates": [ 35.424164, 33.694944 ] } },
{ "type": "Feature", "properties": { "name_en": "Sahl Ej Jiye", "name_ar": "سهل الجية", "place_type": "village", "unique_id": "CAS_LBN33184", "district": "Chouf", "governorate": "Mount Lebanon" }, "geometry": { "type": "Point", "coordinates": [ 35.419308, 33.679153 ] } },
{ "type": "Feature", "properties": { "name_en": "Damour", "name_ar": "الدامور", "place_type": "village", "unique_id": "CAS_LBN33055", "district": "Chouf", "governorate": "Mount Lebanon" }, "geometry": { "type": "Point", "coordinates": [ 35.456892, 33.730739 ] } },
{ "type": "Feature", "properties": { "name_en": "Haret en Naame", "name_ar": "حارة الناعمه", "place_type": "village", "unique_id": "CAS_LBN33097", "district": "Chouf", "governorate": "Mount Lebanon" }, "geometry": { "type": "Point", "coordinates": [ 35.454283, 33.738417 ] } },
{ "type": "Feature", "properties": { "name_en": "Dahr ech Chqif", "name_ar": "ضهر الشقيف", "place_type": "village", "unique_id": "CAS_LBN33051", "district": "Chouf", "governorate": "Mount Lebanon" }, "geometry": { "type": "Point", "coordinates": [ 35.455992, 33.74321 ] } },
{ "type": "Feature", "properties": { "name_en": "Baal en Naame", "name_ar": "بعل الناعمه", "place_type": "village", "unique_id": "CAS_LBN33017", "district": "Chouf", "governorate": "Mount Lebanon" }, "geometry": { "type": "Point", "coordinates": [ 35.456452, 33.748119 ] } },
{ "type": "Feature", "properties": { "name_en": "Dawha", "name_ar": "الدوحة", "place_type": "village", "unique_id": "CAS_LBN33057", "district": "Chouf", "governorate": "Mount Lebanon" }, "geometry": { "type": "Point", "coordinates": [ 35.462703, 33.757362 ] } },
{ "type": "Feature", "properties": { "name_en": "Mar Taqla En Naame", "name_ar": "مار تقلا الناعمه", "place_type": "village", "unique_id": "CAS_LBN33135", "district": "Chouf", "governorate": "Mount Lebanon" }, "geometry": { "type": "Point", "coordinates": [ 35.451423, 33.729463 ] } },
{ "type": "Feature", "properties": { "name_en": "Naame", "name_ar": "ناعمه", "place_type": "village", "unique_id": "CAS_LBN33163", "district": "Chouf", "governorate": "Mount Lebanon" }, "geometry": { "type": "Point", "coordinates": [ 35.464862, 33.747243 ] } },
{ "type": "Feature", "properties": { "name_en": "Haffet el Hajal", "name_ar": "حافة الحجل", "place_type": "village", "unique_id": "CAS_LBN33088", "district": "Chouf", "governorate": "Mount Lebanon" }, "geometry": { "type": "Point", "coordinates": [ 35.488808, 33.617357 ] } },
{ "type": "Feature", "properties": { "name_en": "El Msayed", "name_ar": "المصايد", "place_type": "village", "unique_id": "CAS_LBN33079", "district": "Chouf", "governorate": "Mount Lebanon" }, "geometry": { "type": "Point", "coordinates": [ 35.494858, 33.624329 ] } },
{ "type": "Feature", "properties": { "name_en": "Marj Aali", "name_ar": "مرج علي", "place_type": "village", "unique_id": "CAS_LBN33136", "district": "Chouf", "governorate": "Mount Lebanon" }, "geometry": { "type": "Point", "coordinates": [ 35.495531, 33.627716 ] } },
{ "type": "Feature", "properties": { "name_en": "Marjiat", "name_ar": "مرجيات", "place_type": "village", "unique_id": "CAS_LBN33139", "district": "Chouf", "governorate": "Mount Lebanon" }, "geometry": { "type": "Point", "coordinates": [ 35.48455, 33.635875 ] } },
{ "type": "Feature", "properties": { "name_en": "Daraiya", "name_ar": "داريا الشوف", "place_type": "village", "unique_id": "CAS_LBN33056", "district": "Chouf", "governorate": "Mount Lebanon" }, "geometry": { "type": "Point", "coordinates": [ 35.505492, 33.639972 ] } },
{ "type": "Feature", "properties": { "name_en": "Marjiat Borjein", "name_ar": "برجين", "place_type": "village", "unique_id": "CAS_LBN33140", "district": "Chouf", "governorate": "Mount Lebanon" }, "geometry": { "type": "Point", "coordinates": [ 35.483206, 33.642233 ] } },
{ "type": "Feature", "properties": { "name_en": "Qalaat En Nimiri", "name_ar": "قلعة النمري", "place_type": "village", "unique_id": "CAS_LBN33176", "district": "Chouf", "governorate": "Mount Lebanon" }, "geometry": { "type": "Point", "coordinates": [ 35.508108, 33.655623 ] } },
{ "type": "Feature", "properties": { "name_en": "Borjein", "name_ar": "البرجين", "place_type": "village", "unique_id": "CAS_LBN33037", "district": "Chouf", "governorate": "Mount Lebanon" }, "geometry": { "type": "Point", "coordinates": [ 35.486856, 33.658028 ] } },
{ "type": "Feature", "properties": { "name_en": "Ain el Haour", "name_ar": "عين الحور", "place_type": "village", "unique_id": "CAS_LBN33193", "district": "Chouf", "governorate": "Mount Lebanon" }, "geometry": { "type": "Point", "coordinates": [ 35.495386, 33.660247 ] } },
{ "type": "Feature", "properties": { "name_en": "Dhour Ain Al Haour", "name_ar": "ضهور عين الحور", "place_type": "village", "unique_id": "CAS_LBN33066", "district": "Chouf", "governorate": "Mount Lebanon" }, "geometry": { "type": "Point", "coordinates": [ 35.499877, 33.660775 ] } },
{ "type": "Feature", "properties": { "name_en": "Dibbiye", "name_ar": "دبية", "place_type": "village", "unique_id": "CAS_LBN33067", "district": "Chouf", "governorate": "Mount Lebanon" }, "geometry": { "type": "Point", "coordinates": [ 35.488372, 33.665553 ] } },
{ "type": "Feature", "properties": { "name_en": "Douair El Hara", "name_ar": "دوير الحارة", "place_type": "village", "unique_id": "CAS_LBN33070", "district": "Chouf", "governorate": "Mount Lebanon" }, "geometry": { "type": "Point", "coordinates": [ 35.481747, 33.667944 ] } },
{ "type": "Feature", "properties": { "name_en": "Bkechtine", "name_ar": "بكشتين", "place_type": "village", "unique_id": "CAS_LBN33033", "district": "Chouf", "governorate": "Mount Lebanon" }, "geometry": { "type": "Point", "coordinates": [ 35.493014, 33.669314 ] } },
{ "type": "Feature", "properties": { "name_en": "Hardouch", "name_ar": "حردوش", "place_type": "village", "unique_id": "CAS_LBN33092", "district": "Chouf", "governorate": "Mount Lebanon" }, "geometry": { "type": "Point", "coordinates": [ 35.486069, 33.669392 ] } },
{ "type": "Feature", "properties": { "name_en": "Douair Ed Dibbiye", "name_ar": "دوير الدبية", "place_type": "village", "unique_id": "CAS_LBN33069", "district": "Chouf", "governorate": "Mount Lebanon" }, "geometry": { "type": "Point", "coordinates": [ 35.479094, 33.670483 ] } },
{ "type": "Feature", "properties": { "name_en": "Bchella Ech Chouf", "name_ar": "بشله الشوف", "place_type": "village", "unique_id": "CAS_LBN33029", "district": "Chouf", "governorate": "Mount Lebanon" }, "geometry": { "type": "Point", "coordinates": [ 35.495819, 33.672483 ] } },
{ "type": "Feature", "properties": { "name_en": "El Qateaa", "name_ar": "قتيعا", "place_type": "village", "unique_id": "CAS_LBN33081", "district": "Chouf", "governorate": "Mount Lebanon" }, "geometry": { "type": "Point", "coordinates": [ 35.480995, 33.674858 ] } },
{ "type": "Feature", "properties": { "name_en": "Baqaoun", "name_ar": "بقعون", "place_type": "village", "unique_id": "CAS_LBN33022", "district": "Chouf", "governorate": "Mount Lebanon" }, "geometry": { "type": "Point", "coordinates": [ 35.472392, 33.674942 ] } },
{ "type": "Feature", "properties": { "name_en": "Bachqiye", "name_ar": "باشقية", "place_type": "village", "unique_id": "CAS_LBN33020", "district": "Chouf", "governorate": "Mount Lebanon" }, "geometry": { "type": "Point", "coordinates": [ 35.481331, 33.678908 ] } },
{ "type": "Feature", "properties": { "name_en": "Ouadi Abou Youssef", "name_ar": "وادي ابو يوسف", "place_type": "village", "unique_id": "CAS_LBN33167", "district": "Chouf", "governorate": "Mount Lebanon" }, "geometry": { "type": "Point", "coordinates": [ 35.496501, 33.679159 ] } },
{ "type": "Feature", "properties": { "name_en": "Aaqline", "name_ar": "عقلين", "place_type": "village", "unique_id": "CAS_LBN33005", "district": "Chouf", "governorate": "Mount Lebanon" }, "geometry": { "type": "Point", "coordinates": [ 35.473508, 33.680711 ] } },
{ "type": "Feature", "properties": { "name_en": "Chmaarine", "name_ar": "شمعرين", "place_type": "village", "unique_id": "CAS_LBN33046", "district": "Chouf", "governorate": "Mount Lebanon" }, "geometry": { "type": "Point", "coordinates": [ 35.504119, 33.681478 ] } },
{ "type": "Feature", "properties": { "name_en": "Dahr el Aaqline", "name_ar": "ضهر عقلين", "place_type": "village", "unique_id": "CAS_LBN33052", "district": "Chouf", "governorate": "Mount Lebanon" }, "geometry": { "type": "Point", "coordinates": [ 35.472311, 33.684958 ] } },
{ "type": "Feature", "properties": { "name_en": "Bqaiaa", "name_ar": "بقيعة", "place_type": "village", "unique_id": "CAS_LBN33040", "district": "Chouf", "governorate": "Mount Lebanon" }, "geometry": { "type": "Point", "coordinates": [ 35.486486, 33.686664 ] } },
{ "type": "Feature", "properties": { "name_en": "Ed Dalhamiye", "name_ar": "دلهميه الدبيه", "place_type": "village", "unique_id": "CAS_LBN33072", "district": "Chouf", "governorate": "Mount Lebanon" }, "geometry": { "type": "Point", "coordinates": [ 35.471451, 33.692532 ] } },
{ "type": "Feature", "properties": { "name_en": "Mghaire", "name_ar": "مغيره", "place_type": "village", "unique_id": "CAS_LBN33153", "district": "Chouf", "governorate": "Mount Lebanon" }, "geometry": { "type": "Point", "coordinates": [ 35.48135, 33.6941 ] } },
{ "type": "Feature", "properties": { "name_en": "Ain Bal", "name_ar": "عينبال", "place_type": "village", "unique_id": "CAS_LBN33009", "district": "Chouf", "governorate": "Mount Lebanon" }, "geometry": { "type": "Point", "coordinates": [ 35.560381, 33.661972 ] } },
{ "type": "Feature", "properties": { "name_en": "Aatrine", "name_ar": "عترين", "place_type": "village", "unique_id": "CAS_LBN33006", "district": "Chouf", "governorate": "Mount Lebanon" }, "geometry": { "type": "Point", "coordinates": [ 35.567672, 33.662794 ] } },
{ "type": "Feature", "properties": { "name_en": "Jahliye", "name_ar": "جاهلية", "place_type": "village", "unique_id": "CAS_LBN33102", "district": "Chouf", "governorate": "Mount Lebanon" }, "geometry": { "type": "Point", "coordinates": [ 35.510575, 33.668342 ] } },
{ "type": "Feature", "properties": { "name_en": "Ej Jreid", "name_ar": "جريد", "place_type": "village", "unique_id": "CAS_LBN33073", "district": "Chouf", "governorate": "Mount Lebanon" }, "geometry": { "type": "Point", "coordinates": [ 35.543312, 33.669673 ] } },
{ "type": "Feature", "properties": { "name_en": "Benoeti", "name_ar": "بنواتي", "place_type": "village", "unique_id": "CAS_LBN33031", "district": "Chouf", "governorate": "Mount Lebanon" }, "geometry": { "type": "Point", "coordinates": [ 35.514562, 33.677116 ] } },
{ "type": "Feature", "properties": { "name_en": "Baaqline", "name_ar": "بعقلين", "place_type": "village", "unique_id": "CAS_LBN33018", "district": "Chouf", "governorate": "Mount Lebanon" }, "geometry": { "type": "Point", "coordinates": [ 35.557908, 33.678844 ] } },
{ "type": "Feature", "properties": { "name_en": "Ouadi Bnahle", "name_ar": "وادي بنحليه", "place_type": "village", "unique_id": "CAS_LBN33168", "district": "Chouf", "governorate": "Mount Lebanon" }, "geometry": { "type": "Point", "coordinates": [ 35.523135, 33.678945 ] } },
{ "type": "Feature", "properties": { "name_en": "Samqaniye", "name_ar": "سمقانية", "place_type": "village", "unique_id": "CAS_LBN33185", "district": "Chouf", "governorate": "Mount Lebanon" }, "geometry": { "type": "Point", "coordinates": [ 35.586231, 33.679292 ] } },
{ "type": "Feature", "properties": { "name_en": "Ouadi Deir Dourit", "name_ar": "وادي دير دوريت", "place_type": "village", "unique_id": "CAS_LBN33169", "district": "Chouf", "governorate": "Mount Lebanon" }, "geometry": { "type": "Point", "coordinates": [ 35.531942, 33.680408 ] } },
{ "type": "Feature", "properties": { "name_en": "Ouadi ed Deir", "name_ar": "وادي الدير", "place_type": "village", "unique_id": "CAS_LBN33170", "district": "Chouf", "governorate": "Mount Lebanon" }, "geometry": { "type": "Point", "coordinates": [ 35.518486, 33.682569 ] } },
{ "type": "Feature", "properties": { "name_en": "Sirjbal", "name_ar": "سرجبال", "place_type": "village", "unique_id": "CAS_LBN33188", "district": "Chouf", "governorate": "Mount Lebanon" }, "geometry": { "type": "Point", "coordinates": [ 35.513644, 33.682633 ] } },
{ "type": "Feature", "properties": { "name_en": "Mermata", "name_ar": "مرماتا", "place_type": "village", "unique_id": "CAS_LBN33152", "district": "Chouf", "governorate": "Mount Lebanon" }, "geometry": { "type": "Point", "coordinates": [ 35.526565, 33.683633 ] } },
{ "type": "Feature", "properties": { "name_en": "Deir Dourite", "name_ar": "دير دوريت", "place_type": "village", "unique_id": "CAS_LBN33059", "district": "Chouf", "governorate": "Mount Lebanon" }, "geometry": { "type": "Point", "coordinates": [ 35.543536, 33.685228 ] } },
{ "type": "Feature", "properties": { "name_en": "Kfar Him", "name_ar": "كفرحيم", "place_type": "village", "unique_id": "CAS_LBN33117", "district": "Chouf", "governorate": "Mount Lebanon" }, "geometry": { "type": "Point", "coordinates": [ 35.523339, 33.688217 ] } },
{ "type": "Feature", "properties": { "name_en": "Choualiq Deir El Qamar", "name_ar": "شواليق دير القمر", "place_type": "village", "unique_id": "CAS_LBN33048", "district": "Chouf", "governorate": "Mount Lebanon" }, "geometry": { "type": "Point", "coordinates": [ 35.541753, 33.689794 ] } },
{ "type": "Feature", "properties": { "name_en": "Dmit", "name_ar": "دميت", "place_type": "village", "unique_id": "CAS_LBN33068", "district": "Chouf", "governorate": "Mount Lebanon" }, "geometry": { "type": "Point", "coordinates": [ 35.51105, 33.691317 ] } },
{ "type": "Feature", "properties": { "name_en": "Ghabet Jaafar", "name_ar": "غابة جعفر", "place_type": "village", "unique_id": "CAS_LBN33085", "district": "Chouf", "governorate": "Mount Lebanon" }, "geometry": { "type": "Point", "coordinates": [ 35.526495, 33.693247 ] } },
{ "type": "Feature", "properties": { "name_en": "Beit ed Dine", "name_ar": "بيت الدين", "place_type": "village", "unique_id": "CAS_LBN33030", "district": "Chouf", "governorate": "Mount Lebanon" }, "geometry": { "type": "Point", "coordinates": [ 35.581658, 33.694667 ] } },
{ "type": "Feature", "properties": { "name_en": "Khalouat Jernaya", "name_ar": "خلوات جرنايا", "place_type": "village", "unique_id": "CAS_LBN33121", "district": "Chouf", "governorate": "Mount Lebanon" }, "geometry": { "type": "Point", "coordinates": [ 35.535884, 33.694882 ] } },
{ "type": "Feature", "properties": { "name_en": "Deir el Qamar", "name_ar": "دير القمر", "place_type": "village", "unique_id": "CAS_LBN33061", "district": "Chouf", "governorate": "Mount Lebanon" }, "geometry": { "type": "Point", "coordinates": [ 35.561119, 33.69618 ] } },
{ "type": "Feature", "properties": { "name_en": "Deir Baba", "name_ar": "دير بابا", "place_type": "village", "unique_id": "CAS_LBN33058", "district": "Chouf", "governorate": "Mount Lebanon" }, "geometry": { "type": "Point", "coordinates": [ 35.524389, 33.697353 ] } },
{ "type": "Feature", "properties": { "name_en": "Kfar Faqoud", "name_ar": "كفرفاقود", "place_type": "village", "unique_id": "CAS_LBN33114", "district": "Chouf", "governorate": "Mount Lebanon" }, "geometry": { "type": "Point", "coordinates": [ 35.532206, 33.700444 ] } },
{ "type": "Feature", "properties": { "name_en": "Zaarour", "name_ar": "زعرور", "place_type": "village", "unique_id": "CAS_LBN33190", "district": "Chouf", "governorate": "Mount Lebanon" }, "geometry": { "type": "Point", "coordinates": [ 35.557665, 33.595807 ] } },
{ "type": "Feature", "properties": { "name_en": "Mazraat ez Zaitounniyeh", "name_ar": "مزرعة الزيتونه", "place_type": "village", "unique_id": "CAS_LBN33149", "district": "Chouf", "governorate": "Mount Lebanon" }, "geometry": { "type": "Point", "coordinates": [ 35.510719, 33.600233 ] } },
{ "type": "Feature", "properties": { "name_en": "Hjaijiye", "name_ar": "حجاجية", "place_type": "village", "unique_id": "CAS_LBN33100", "district": "Chouf", "governorate": "Mount Lebanon" }, "geometry": { "type": "Point", "coordinates": [ 35.572108, 33.603028 ] } },
{ "type": "Feature", "properties": { "name_en": "Bsaba", "name_ar": "بسابا", "place_type": "village", "unique_id": "CAS_LBN33042", "district": "Chouf", "governorate": "Mount Lebanon" }, "geometry": { "type": "Point", "coordinates": [ 35.552222, 33.604408 ] } },
{ "type": "Feature", "properties": { "name_en": "Jlailiye", "name_ar": "جليلية", "place_type": "village", "unique_id": "CAS_LBN33110", "district": "Chouf", "governorate": "Mount Lebanon" }, "geometry": { "type": "Point", "coordinates": [ 35.526342, 33.604819 ] } },
{ "type": "Feature", "properties": { "name_en": "Bzina", "name_ar": "بزينا", "place_type": "village", "unique_id": "CAS_LBN33044", "district": "Chouf", "governorate": "Mount Lebanon" }, "geometry": { "type": "Point", "coordinates": [ 35.536585, 33.607788 ] } },
{ "type": "Feature", "properties": { "name_en": "Souane Bsaba", "name_ar": "صوانة بسابا", "place_type": "village", "unique_id": "CAS_LBN33189", "district": "Chouf", "governorate": "Mount Lebanon" }, "geometry": { "type": "Point", "coordinates": [ 35.544036, 33.608104 ] } },
{ "type": "Feature", "properties": { "name_en": "Mtoulle", "name_ar": "مطله", "place_type": "village", "unique_id": "CAS_LBN33162", "district": "Chouf", "governorate": "Mount Lebanon" }, "geometry": { "type": "Point", "coordinates": [ 35.538061, 33.611894 ] } },
{ "type": "Feature", "properties": { "name_en": "Zaarouriye", "name_ar": "زعرورية", "place_type": "village", "unique_id": "CAS_LBN33191", "district": "Chouf", "governorate": "Mount Lebanon" }, "geometry": { "type": "Point", "coordinates": [ 35.519792, 33.614733 ] } },
{ "type": "Feature", "properties": { "name_en": "Ech Charbine", "name_ar": "شربين", "place_type": "village", "unique_id": "CAS_LBN33071", "district": "Chouf", "governorate": "Mount Lebanon" }, "geometry": { "type": "Point", "coordinates": [ 35.511616, 33.617237 ] } },
{ "type": "Feature", "properties": { "name_en": "Baiqoun", "name_ar": "بيقون", "place_type": "village", "unique_id": "CAS_LBN33021", "district": "Chouf", "governorate": "Mount Lebanon" }, "geometry": { "type": "Point", "coordinates": [ 35.581494, 33.617419 ] } },
{ "type": "Feature", "properties": { "name_en": "القاطع", "name_ar": "القاطع", "place_type": "hamlet", "unique_id": "OSM_node/258400274", "district": "Chouf", "governorate": "Mount Lebanon" }, "geometry": { "type": "Point", "coordinates": [ 35.518267700000024, 33.6244623 ] } },
{ "type": "Feature", "properties": { "name_en": "Hasrout", "name_ar": "حصروت", "place_type": "village", "unique_id": "CAS_LBN33099", "district": "Chouf", "governorate": "Mount Lebanon" }, "geometry": { "type": "Point", "coordinates": [ 35.531325, 33.629222 ] } },
{ "type": "Feature", "properties": { "name_en": "Aanout", "name_ar": "عانوت", "place_type": "village", "unique_id": "CAS_LBN33004", "district": "Chouf", "governorate": "Mount Lebanon" }, "geometry": { "type": "Point", "coordinates": [ 35.513417, 33.630758 ] } },
{ "type": "Feature", "properties": { "name_en": "Khirbet Dabach", "name_ar": "خربة دبش", "place_type": "village", "unique_id": "CAS_LBN33123", "district": "Chouf", "governorate": "Mount Lebanon" }, "geometry": { "type": "Point", "coordinates": [ 35.519263, 33.635728 ] } },
{ "type": "Feature", "properties": { "name_en": "Gharife", "name_ar": "غريفة", "place_type": "village", "unique_id": "CAS_LBN33087", "district": "Chouf", "governorate": "Mount Lebanon" }, "geometry": { "type": "Point", "coordinates": [ 35.552753, 33.637353 ] } },
{ "type": "Feature", "properties": { "name_en": "Mazraat ech Chouf", "name_ar": "مزرعة", "place_type": "village", "unique_id": "CAS_LBN33143", "district": "Chouf", "governorate": "Mount Lebanon" }, "geometry": { "type": "Point", "coordinates": [ 35.586622, 33.641386 ] } },
{ "type": "Feature", "properties": { "name_en": "Mazraat Al Shouf", "name_ar": "مزرعة الشوف", "place_type": "village", "unique_id": "OSM_node/6636944214", "district": "Chouf", "governorate": "Mount Lebanon" }, "geometry": { "type": "Point", "coordinates": [ 35.580102599999975, 33.6461367 ] } },
{ "type": "Feature", "properties": { "name_en": "Traile", "name_ar": "تريله", "place_type": "village", "unique_id": "CAS_LBN33148", "district": "Chouf", "governorate": "Mount Lebanon" }, "geometry": { "type": "Point", "coordinates": [ 35.519393, 33.647109 ] } },
{ "type": "Feature", "properties": { "name_en": "Kahlouniye chouf", "name_ar": "كحلونية الشوف", "place_type": "village", "unique_id": "CAS_LBN33112", "district": "Chouf", "governorate": "Mount Lebanon" }, "geometry": { "type": "Point", "coordinates": [ 35.5895, 33.649875 ] } },
{ "type": "Feature", "properties": { "name_en": "Kfar Hamal", "name_ar": "كفر حمل", "place_type": "village", "unique_id": "CAS_LBN33116", "district": "Chouf", "governorate": "Mount Lebanon" }, "geometry": { "type": "Point", "coordinates": [ 35.569747, 33.710178 ] } },
{ "type": "Feature", "properties": { "name_en": "Kfar Qatra", "name_ar": "كفرقطرة", "place_type": "village", "unique_id": "CAS_LBN33120", "district": "Chouf", "governorate": "Mount Lebanon" }, "geometry": { "type": "Point", "coordinates": [ 35.587297, 33.71175 ] } },
{ "type": "Feature", "properties": { "name_en": "Bchatfine", "name_ar": "بشتفين", "place_type": "village", "unique_id": "CAS_LBN33028", "district": "Chouf", "governorate": "Mount Lebanon" }, "geometry": { "type": "Point", "coordinates": [ 35.553958, 33.712664 ] } },
{ "type": "Feature", "properties": { "name_en": "Aammiq chouf", "name_ar": "عميق الشوف", "place_type": "village", "unique_id": "CAS_LBN33003", "district": "Chouf", "governorate": "Mount Lebanon" }, "geometry": { "type": "Point", "coordinates": [ 35.581442, 33.717508 ] } },
{ "type": "Feature", "properties": { "name_en": "Knaisseh", "name_ar": "كنيسة", "place_type": "village", "unique_id": "OSM_node/7906656537", "district": "Chouf", "governorate": "Mount Lebanon" }, "geometry": { "type": "Point", "coordinates": [ 35.575248699999975, 33.7178508 ] } },
{ "type": "Feature", "properties": { "name_en": "Knisse chouf", "name_ar": "كنيسة الشوف", "place_type": "village", "unique_id": "CAS_LBN33125", "district": "Chouf", "governorate": "Mount Lebanon" }, "geometry": { "type": "Point", "coordinates": [ 35.573247, 33.720069 ] } },
{ "type": "Feature", "properties": { "name_en": "Deir Qouche", "name_ar": "دير كوشه", "place_type": "village", "unique_id": "CAS_LBN33064", "district": "Chouf", "governorate": "Mount Lebanon" }, "geometry": { "type": "Point", "coordinates": [ 35.562081, 33.7206 ] } },
{ "type": "Feature", "properties": { "name_en": "Aazibett tahta", "name_ar": "عزبيات التحتا", "place_type": "village", "unique_id": "CAS_LBN33007", "district": "Chouf", "governorate": "Mount Lebanon" }, "geometry": { "type": "Point", "coordinates": [ 35.59559, 33.553317 ] } },
{ "type": "Feature", "properties": { "name_en": "Batloun", "name_ar": "بتلون", "place_type": "village", "unique_id": "CAS_LBN33027", "district": "Chouf", "governorate": "Mount Lebanon" }, "geometry": { "type": "Point", "coordinates": [ 35.649903, 33.696153 ] } },
{ "type": "Feature", "properties": { "name_en": "Kfar Nabrakh", "name_ar": "كفرنبرخ", "place_type": "village", "unique_id": "CAS_LBN33118", "district": "Chouf", "governorate": "Mount Lebanon" }, "geometry": { "type": "Point", "coordinates": [ 35.630322, 33.698853 ] } },
{ "type": "Feature", "properties": { "name_en": "Maaser Beit ed Dine", "name_ar": "معاصر بيت الدين", "place_type": "village", "unique_id": "CAS_LBN33128", "district": "Chouf", "governorate": "Mount Lebanon" }, "geometry": { "type": "Point", "coordinates": [ 35.595633, 33.700889 ] } },
{ "type": "Feature", "properties": { "name_en": "Barouk", "name_ar": "الباروك", "place_type": "village", "unique_id": "CAS_LBN33025", "district": "Chouf", "governorate": "Mount Lebanon" }, "geometry": { "type": "Point", "coordinates": [ 35.677961, 33.704242 ] } },
{ "type": "Feature", "properties": { "name_en": "Bsennay", "name_ar": "بصّني", "place_type": "village", "unique_id": "CAS_LBN33043", "district": "Chouf", "governorate": "Mount Lebanon" }, "geometry": { "type": "Point", "coordinates": [ 35.616981, 33.704544 ] } },
{ "type": "Feature", "properties": { "name_en": null, "name_ar": null, "place_type": "isolated_dwelling", "unique_id": "OSM_node/11508140834", "district": "Chouf", "governorate": "Mount Lebanon" }, "geometry": { "type": "Point", "coordinates": [ 35.7030451, 33.706022500000017 ] } },
{ "type": "Feature", "properties": { "name_en": "Mazraat ed Doueir", "name_ar": "مزرعة الدوير", "place_type": "village", "unique_id": "CAS_LBN33145", "district": "Chouf", "governorate": "Mount Lebanon" }, "geometry": { "type": "Point", "coordinates": [ 35.604183, 33.708742 ] } },
{ "type": "Feature", "properties": { "name_en": "Fraidiss", "name_ar": "فريديس الشوف", "place_type": "village", "unique_id": "CAS_LBN33084", "district": "Chouf", "governorate": "Mount Lebanon" }, "geometry": { "type": "Point", "coordinates": [ 35.678008, 33.710806 ] } },
{ "type": "Feature", "properties": { "name_en": "Faouarat Jaafar", "name_ar": "فوارة جعفر", "place_type": "village", "unique_id": "CAS_LBN33083", "district": "Chouf", "governorate": "Mount Lebanon" }, "geometry": { "type": "Point", "coordinates": [ 35.639061, 33.710917 ] } },
{ "type": "Feature", "properties": { "name_en": "Mtaile", "name_ar": "مطيلة", "place_type": "village", "unique_id": "CAS_LBN33160", "district": "Chouf", "governorate": "Mount Lebanon" }, "geometry": { "type": "Point", "coordinates": [ 35.648861, 33.713922 ] } },
{ "type": "Feature", "properties": { "name_en": "Ouadi es Sitt", "name_ar": "وادي الست", "place_type": "village", "unique_id": "CAS_LBN33171", "district": "Chouf", "governorate": "Mount Lebanon" }, "geometry": { "type": "Point", "coordinates": [ 35.629256, 33.7144 ] } },
{ "type": "Feature", "properties": { "name_en": "Brih", "name_ar": "بريح", "place_type": "village", "unique_id": "CAS_LBN33041", "district": "Chouf", "governorate": "Mount Lebanon" }, "geometry": { "type": "Point", "coordinates": [ 35.657486, 33.716306 ] } },
{ "type": "Feature", "properties": { "name_en": "Ouarhaniye", "name_ar": "ورهانية", "place_type": "village", "unique_id": "CAS_LBN33174", "district": "Chouf", "governorate": "Mount Lebanon" }, "geometry": { "type": "Point", "coordinates": [ 35.669586, 33.718064 ] } },
{ "type": "Feature", "properties": { "name_en": "Bire", "name_ar": "بيرة", "place_type": "village", "unique_id": "CAS_LBN33032", "district": "Chouf", "governorate": "Mount Lebanon" }, "geometry": { "type": "Point", "coordinates": [ 35.637978, 33.721664 ] } },
{ "type": "Feature", "properties": { "name_en": "El Bireh", "name_ar": "بيرة", "place_type": "village", "unique_id": "OSM_node/6765264190", "district": "Chouf", "governorate": "Mount Lebanon" }, "geometry": { "type": "Point", "coordinates": [ 35.643729300000018, 33.7218219 ] } },
{ "type": "Feature", "properties": { "name_en": "Ain Aazime", "name_ar": "عين عزيمة", "place_type": "village", "unique_id": "CAS_LBN33008", "district": "Chouf", "governorate": "Mount Lebanon" }, "geometry": { "type": "Point", "coordinates": [ 35.699653, 33.723464 ] } },
{ "type": "Feature", "properties": { "name_en": "Majdel el Meouch", "name_ar": "مجدل المعوش", "place_type": "village", "unique_id": "CAS_LBN33131", "district": "Chouf", "governorate": "Mount Lebanon" }, "geometry": { "type": "Point", "coordinates": [ 35.622164, 33.724361 ] } },
{ "type": "Feature", "properties": { "name_en": "El Khraibe", "name_ar": "خريبة بيرة الشوف", "place_type": "village", "unique_id": "CAS_LBN33077", "district": "Chouf", "governorate": "Mount Lebanon" }, "geometry": { "type": "Point", "coordinates": [ 35.655414, 33.727769 ] } },
{ "type": "Feature", "properties": { "name_en": "Je'ayel", "name_ar": "جعايل", "place_type": "village", "unique_id": "CAS_LBN33107", "district": "Chouf", "governorate": "Mount Lebanon" }, "geometry": { "type": "Point", "coordinates": [ 35.648108, 33.727808 ] } },
{ "type": "Feature", "properties": { "name_en": "Niha", "name_ar": "نيحا", "place_type": "village", "unique_id": "CAS_LBN33166", "district": "Chouf", "governorate": "Mount Lebanon" }, "geometry": { "type": "Point", "coordinates": [ 35.622986, 33.594839 ] } },
{ "type": "Feature", "properties": { "name_en": "Mazraat Khafiche", "name_ar": "مزرعة الخفيش", "place_type": "village", "unique_id": "CAS_LBN33150", "district": "Chouf", "governorate": "Mount Lebanon" }, "geometry": { "type": "Point", "coordinates": [ 35.595635, 33.595583 ] } },
{ "type": "Feature", "properties": { "name_en": "Delghani", "name_ar": "دلغاني", "place_type": "village", "unique_id": "OSM_node/382986443", "district": "Chouf", "governorate": "Mount Lebanon" }, "geometry": { "type": "Point", "coordinates": [ 35.6109609, 33.598855800000024 ] } },
{ "type": "Feature", "properties": { "name_en": "Delghani", "name_ar": "دلغاني", "place_type": "village", "unique_id": "CAS_LBN33065", "district": "Chouf", "governorate": "Mount Lebanon" }, "geometry": { "type": "Point", "coordinates": [ 35.603556, 33.599219 ] } },
{ "type": "Feature", "properties": { "name_en": "Bater", "name_ar": "باتر", "place_type": "village", "unique_id": "CAS_LBN33026", "district": "Chouf", "governorate": "Mount Lebanon" }, "geometry": { "type": "Point", "coordinates": [ 35.616919, 33.602425 ] } },
{ "type": "Feature", "properties": { "name_en": "Jiblaye", "name_ar": "جبلايا", "place_type": "village", "unique_id": "CAS_LBN33108", "district": "Chouf", "governorate": "Mount Lebanon" }, "geometry": { "type": "Point", "coordinates": [ 35.611247, 33.612742 ] } },
{ "type": "Feature", "properties": { "name_en": "Jbaa", "name_ar": "جباع", "place_type": "village", "unique_id": "CAS_LBN33105", "district": "Chouf", "governorate": "Mount Lebanon" }, "geometry": { "type": "Point", "coordinates": [ 35.628458, 33.613261 ] } },
{ "type": "Feature", "properties": { "name_en": "Mristi", "name_ar": "مرستى", "place_type": "village", "unique_id": "CAS_LBN33159", "district": "Chouf", "governorate": "Mount Lebanon" }, "geometry": { "type": "Point", "coordinates": [ 35.645197, 33.622597 ] } },
{ "type": "Feature", "properties": { "name_en": "Haret Jandal", "name_ar": "حارة جندل", "place_type": "village", "unique_id": "CAS_LBN33098", "district": "Chouf", "governorate": "Mount Lebanon" }, "geometry": { "type": "Point", "coordinates": [ 35.607984, 33.628287 ] } },
{ "type": "Feature", "properties": { "name_en": "Haret el Ouasta", "name_ar": "حارة الواسطة", "place_type": "village", "unique_id": "CAS_LBN33096", "district": "Chouf", "governorate": "Mount Lebanon" }, "geometry": { "type": "Point", "coordinates": [ 35.606827, 33.635896 ] } },
{ "type": "Feature", "properties": { "name_en": "Baadarane", "name_ar": "بعدران", "place_type": "village", "unique_id": "CAS_LBN33016", "district": "Chouf", "governorate": "Mount Lebanon" }, "geometry": { "type": "Point", "coordinates": [ 35.618142, 33.636344 ] } },
{ "type": "Feature", "properties": { "name_en": "Aammatour", "name_ar": "عمّاطور", "place_type": "village", "unique_id": "CAS_LBN33002", "district": "Chouf", "governorate": "Mount Lebanon" }, "geometry": { "type": "Point", "coordinates": [ 35.608769, 33.640767 ] } },
{ "type": "Feature", "properties": { "name_en": "Khraibe chouf", "name_ar": "خريبة الشوف", "place_type": "village", "unique_id": "CAS_LBN33124", "district": "Chouf", "governorate": "Mount Lebanon" }, "geometry": { "type": "Point", "coordinates": [ 35.643055, 33.648528 ] } },
{ "type": "Feature", "properties": { "name_en": "Ain Qeni", "name_ar": "عين قني", "place_type": "village", "unique_id": "CAS_LBN33013", "district": "Chouf", "governorate": "Mount Lebanon" }, "geometry": { "type": "Point", "coordinates": [ 35.609528, 33.64955 ] } },
{ "type": "Feature", "properties": { "name_en": "Moukhtara", "name_ar": "مختارة", "place_type": "village", "unique_id": "CAS_LBN33158", "district": "Chouf", "governorate": "Mount Lebanon" }, "geometry": { "type": "Point", "coordinates": [ 35.614747, 33.657747 ] } },
{ "type": "Feature", "properties": { "name_en": "Boutme", "name_ar": "بطمة", "place_type": "village", "unique_id": "CAS_LBN33039", "district": "Chouf", "governorate": "Mount Lebanon" }, "geometry": { "type": "Point", "coordinates": [ 35.620703, 33.664161 ] } },
{ "type": "Feature", "properties": { "name_en": "Jdaide chouf", "name_ar": "جديدة الشوف", "place_type": "village", "unique_id": "CAS_LBN33106", "district": "Chouf", "governorate": "Mount Lebanon" }, "geometry": { "type": "Point", "coordinates": [ 35.605932, 33.665528 ] } },
{ "type": "Feature", "properties": { "name_en": "Maasser ech Chouf", "name_ar": "معاصر الشوف", "place_type": "village", "unique_id": "CAS_LBN33129", "district": "Chouf", "governorate": "Mount Lebanon" }, "geometry": { "type": "Point", "coordinates": [ 35.670256, 33.667214 ] } },
{ "type": "Feature", "properties": { "name_en": "Boqaata", "name_ar": "بقعاتا", "place_type": "village", "unique_id": "CAS_LBN33036", "district": "Chouf", "governorate": "Mount Lebanon" }, "geometry": { "type": "Point", "coordinates": [ 35.598008, 33.670139 ] } },
{ "type": "Feature", "properties": { "name_en": "Ain Ouzain", "name_ar": "عين وزين", "place_type": "village", "unique_id": "CAS_LBN33194", "district": "Chouf", "governorate": "Mount Lebanon" }, "geometry": { "type": "Point", "coordinates": [ 35.621058, 33.675589 ] } },
{ "type": "Feature", "properties": { "name_en": "Boudine", "name_ar": "بودين", "place_type": "village", "unique_id": "CAS_LBN33038", "district": "Chouf", "governorate": "Mount Lebanon" }, "geometry": { "type": "Point", "coordinates": [ 35.626333, 33.734822 ] } },
{ "type": "Feature", "properties": { "name_en": "Kfar Niss", "name_ar": "كفرنيس", "place_type": "village", "unique_id": "CAS_LBN33119", "district": "Chouf", "governorate": "Mount Lebanon" }, "geometry": { "type": "Point", "coordinates": [ 35.640445, 33.738231 ] } },
{ "type": "Feature", "properties": { "name_en": "Chourit", "name_ar": "شوريت", "place_type": "village", "unique_id": "CAS_LBN33049", "district": "Chouf", "governorate": "Mount Lebanon" }, "geometry": { "type": "Point", "coordinates": [ 35.632347, 33.739233 ] } },
{ "type": "Feature", "properties": { "name_en": "Kfar Hai", "name_ar": "كفر حي", "place_type": "village", "unique_id": "CAS_LBN33115", "district": "Chouf", "governorate": "Mount Lebanon" }, "geometry": { "type": "Point", "coordinates": [ 35.637858, 33.746693 ] } },
{ "type": "Feature", "properties": { "name_en": "Ain Zhalta", "name_ar": "عين زحلتا", "place_type": "village", "unique_id": "CAS_LBN33014", "district": "Chouf", "governorate": "Mount Lebanon" }, "geometry": { "type": "Point", "coordinates": [ 35.699269, 33.740883 ] } },
{ "type": "Feature", "properties": { "name_en": "Nabaa es Safa", "name_ar": "نبع الصفا", "place_type": "village", "unique_id": "CAS_LBN33164", "district": "Chouf", "governorate": "Mount Lebanon" }, "geometry": { "type": "Point", "coordinates": [ 35.694772, 33.749644 ] } },
{ "type": "Feature", "properties": { "name_en": "Qalaat el Hosn", "name_ar": "قلعة الحصن", "place_type": "village", "unique_id": "CAS_LBN33175", "district": "Chouf", "governorate": "Mount Lebanon" }, "geometry": { "type": "Point", "coordinates": [ 35.418179, 33.624137 ] } },
{ "type": "Feature", "properties": { "name_en": "Mazraat El Barghoutiye", "name_ar": "مزرعة البرغوتية", "place_type": "village", "unique_id": "CAS_LBN33146", "district": "Chouf", "governorate": "Mount Lebanon" }, "geometry": { "type": "Point", "coordinates": [ 35.420944, 33.590105 ] } },
{ "type": "Feature", "properties": { "name_en": "Sabouniye", "name_ar": "صابونية", "place_type": "village", "unique_id": "CAS_LBN33183", "district": "Chouf", "governorate": "Mount Lebanon" }, "geometry": { "type": "Point", "coordinates": [ 35.421897, 33.597522 ] } },
{ "type": "Feature", "properties": { "name_en": "Jamailiye", "name_ar": "جميلية", "place_type": "village", "unique_id": "CAS_LBN33104", "district": "Chouf", "governorate": "Mount Lebanon" }, "geometry": { "type": "Point", "coordinates": [ 35.425517, 33.600286 ] } },
{ "type": "Feature", "properties": { "name_en": "Quardaniye", "name_ar": "وردانيه", "place_type": "village", "unique_id": "CAS_LBN33173", "district": "Chouf", "governorate": "Mount Lebanon" }, "geometry": { "type": "Point", "coordinates": [ 35.431667, 33.613058 ] } },
{ "type": "Feature", "properties": { "name_en": "Sibline", "name_ar": "سبلين", "place_type": "village", "unique_id": "CAS_LBN33187", "district": "Chouf", "governorate": "Mount Lebanon" }, "geometry": { "type": "Point", "coordinates": [ 35.433875, 33.623486 ] } },
{ "type": "Feature", "properties": { "name_en": "Saraouniye", "name_ar": "سرعونية", "place_type": "village", "unique_id": "CAS_LBN33186", "district": "Chouf", "governorate": "Mount Lebanon" }, "geometry": { "type": "Point", "coordinates": [ 35.436586, 33.577772 ] } },
{ "type": "Feature", "properties": { "name_en": "Barja", "name_ar": "برجا", "place_type": "village", "unique_id": "CAS_LBN33024", "district": "Chouf", "governorate": "Mount Lebanon" }, "geometry": { "type": "Point", "coordinates": [ 35.441761, 33.649664 ] } },
{ "type": "Feature", "properties": { "name_en": "As Sarawuniyya", "name_ar": "الصرونية", "place_type": "village", "unique_id": "OSM_node/6918426344", "district": "Chouf", "governorate": "Mount Lebanon" }, "geometry": { "type": "Point", "coordinates": [ 35.4429996, 33.58236770000002 ] } },
{ "type": "Feature", "properties": { "name_en": "Eskandarouna", "name_ar": "إسكندرونة", "place_type": "village", "unique_id": "CAS_LBN33177", "district": "Chouf", "governorate": "Mount Lebanon" }, "geometry": { "type": "Point", "coordinates": [ 35.444211, 33.602312 ] } },
{ "type": "Feature", "properties": { "name_en": "Maaniye", "name_ar": "معنيه", "place_type": "village", "unique_id": "CAS_LBN33127", "district": "Chouf", "governorate": "Mount Lebanon" }, "geometry": { "type": "Point", "coordinates": [ 35.445883, 33.629769 ] } },
{ "type": "Feature", "properties": { "name_en": "Ketermaya", "name_ar": "كترمايا", "place_type": "village", "unique_id": "CAS_LBN33113", "district": "Chouf", "governorate": "Mount Lebanon" }, "geometry": { "type": "Point", "coordinates": [ 35.447344, 33.615872 ] } },
{ "type": "Feature", "properties": { "name_en": "Majdalouna", "name_ar": "مجدلونا", "place_type": "village", "unique_id": "CAS_LBN33130", "district": "Chouf", "governorate": "Mount Lebanon" }, "geometry": { "type": "Point", "coordinates": [ 35.447503, 33.594611 ] } },
{ "type": "Feature", "properties": { "name_en": "El Meghraiqa", "name_ar": "مغريقا", "place_type": "village", "unique_id": "CAS_LBN33078", "district": "Chouf", "governorate": "Mount Lebanon" }, "geometry": { "type": "Point", "coordinates": [ 35.450633, 33.596621 ] } },
{ "type": "Feature", "properties": { "name_en": "Marj Barja", "name_ar": "مرج برجا", "place_type": "village", "unique_id": "CAS_LBN33137", "district": "Chouf", "governorate": "Mount Lebanon" }, "geometry": { "type": "Point", "coordinates": [ 35.455202, 33.648757 ] } },
{ "type": "Feature", "properties": { "name_en": "Mghairiye Chouf", "name_ar": "مغيرية  الشوف", "place_type": "village", "unique_id": "CAS_LBN33154", "district": "Chouf", "governorate": "Mount Lebanon" }, "geometry": { "type": "Point", "coordinates": [ 35.456678, 33.603164 ] } },
{ "type": "Feature", "properties": { "name_en": "Ain El Assad", "name_ar": "عين الاسد", "place_type": "village", "unique_id": "CAS_LBN33010", "district": "Chouf", "governorate": "Mount Lebanon" }, "geometry": { "type": "Point", "coordinates": [ 35.457892, 33.646636 ] } },
{ "type": "Feature", "properties": { "name_en": "Joun", "name_ar": "جون", "place_type": "village", "unique_id": "CAS_LBN33111", "district": "Chouf", "governorate": "Mount Lebanon" }, "geometry": { "type": "Point", "coordinates": [ 35.459014, 33.583778 ] } },
{ "type": "Feature", "properties": { "name_en": "Chmis chouf", "name_ar": "شميس", "place_type": "village", "unique_id": "CAS_LBN33047", "district": "Chouf", "governorate": "Mount Lebanon" }, "geometry": { "type": "Point", "coordinates": [ 35.463481, 33.639261 ] } },
{ "type": "Feature", "properties": { "name_en": "Dalhoun", "name_ar": "دلهون", "place_type": "village", "unique_id": "CAS_LBN33054", "district": "Chouf", "governorate": "Mount Lebanon" }, "geometry": { "type": "Point", "coordinates": [ 35.467169, 33.626633 ] } },
{ "type": "Feature", "properties": { "name_en": "El Aaqbe joun", "name_ar": "عقبة جون", "place_type": "village", "unique_id": "CAS_LBN33074", "district": "Chouf", "governorate": "Mount Lebanon" }, "geometry": { "type": "Point", "coordinates": [ 35.467608, 33.583862 ] } },
{ "type": "Feature", "properties": { "name_en": "Marj Ketermaya", "name_ar": "مرج كترمايا", "place_type": "village", "unique_id": "CAS_LBN33138", "district": "Chouf", "governorate": "Mount Lebanon" }, "geometry": { "type": "Point", "coordinates": [ 35.47177, 33.613745 ] } },
{ "type": "Feature", "properties": { "name_en": "Mtairiyat", "name_ar": "مطيرية", "place_type": "village", "unique_id": "CAS_LBN33161", "district": "Chouf", "governorate": "Mount Lebanon" }, "geometry": { "type": "Point", "coordinates": [ 35.476373, 33.617325 ] } },
{ "type": "Feature", "properties": { "name_en": "Deir El MKhales", "name_ar": "دير المخلص الشوف", "place_type": "village", "unique_id": "CAS_LBN33060", "district": "Chouf", "governorate": "Mount Lebanon" }, "geometry": { "type": "Point", "coordinates": [ 35.477572, 33.584457 ] } },
{ "type": "Feature", "properties": { "name_en": "Mazboud", "name_ar": "مزبود", "place_type": "village", "unique_id": "CAS_LBN33141", "district": "Chouf", "governorate": "Mount Lebanon" }, "geometry": { "type": "Point", "coordinates": [ 35.478739, 33.610606 ] } },
{ "type": "Feature", "properties": { "name_en": "Al Masrab", "name_ar": "المسرب", "place_type": "village", "unique_id": "OSM_node/6125626432", "district": "Chouf", "governorate": "Mount Lebanon" }, "geometry": { "type": "Point", "coordinates": [ 35.481316600000014, 33.6247606 ] } },
{ "type": "Feature", "properties": { "name_en": "Chhim", "name_ar": "شحيم", "place_type": "village", "unique_id": "CAS_LBN33045", "district": "Chouf", "governorate": "Mount Lebanon" }, "geometry": { "type": "Point", "coordinates": [ 35.485017, 33.62305 ] } },
{ "type": "Feature", "properties": { "name_en": "Deir er Rahbat", "name_ar": "دير الراهبات", "place_type": "village", "unique_id": "CAS_LBN33062", "district": "Chouf", "governorate": "Mount Lebanon" }, "geometry": { "type": "Point", "coordinates": [ 35.48811, 33.578572 ] } },
{ "type": "Feature", "properties": { "name_en": "Mouhtaqara", "name_ar": "محتقره", "place_type": "village", "unique_id": "CAS_LBN33157", "district": "Chouf", "governorate": "Mount Lebanon" }, "geometry": { "type": "Point", "coordinates": [ 35.482542, 33.577619 ] } },
{ "type": "Feature", "properties": { "name_en": "Qraiaa", "name_ar": "قريعة", "place_type": "village", "unique_id": "CAS_LBN33179", "district": "Chouf", "governorate": "Mount Lebanon" }, "geometry": { "type": "Point", "coordinates": [ 35.491211, 33.598067 ] } },
{ "type": "Feature", "properties": { "name_en": "Deir es Saide", "name_ar": "دير السيدة", "place_type": "village", "unique_id": "CAS_LBN33063", "district": "Chouf", "governorate": "Mount Lebanon" }, "geometry": { "type": "Point", "coordinates": [ 35.494151, 33.577899 ] } },
{ "type": "Feature", "properties": { "name_en": "Bkifa", "name_ar": "بكيفا", "place_type": "village", "unique_id": "CAS_LBN33035", "district": "Chouf", "governorate": "Mount Lebanon" }, "geometry": { "type": "Point", "coordinates": [ 35.502731, 33.596136 ] } },
{ "type": "Feature", "properties": { "name_en": "Mazmoura", "name_ar": "مزمورة", "place_type": "village", "unique_id": "CAS_LBN33142", "district": "Chouf", "governorate": "Mount Lebanon" }, "geometry": { "type": "Point", "coordinates": [ 35.508642, 33.595628 ] } },
{ "type": "Feature", "properties": { "name_en": "Mazraat ed Dahr", "name_ar": "مزرعة الضهر", "place_type": "village", "unique_id": "CAS_LBN33144", "district": "Chouf", "governorate": "Mount Lebanon" }, "geometry": { "type": "Point", "coordinates": [ 35.515972, 33.594975 ] } },
{ "type": "Feature", "properties": { "name_en": "El Kherbe", "name_ar": "الخربة الشوف", "place_type": "village", "unique_id": "CAS_LBN33076", "district": "Chouf", "governorate": "Mount Lebanon" }, "geometry": { "type": "Point", "coordinates": [ 35.525662, 33.582121 ] } },
{ "type": "Feature", "properties": { "name_en": "Khirbit Bisri", "name_ar": "خربة بسري", "place_type": "village", "unique_id": "CAS_LBN33196", "district": "Chouf", "governorate": "Mount Lebanon" }, "geometry": { "type": "Point", "coordinates": [ 35.5261, 33.5843 ] } },
{ "type": "Feature", "properties": { "name_en": "Saqi Lassa", "name_ar": "سقي لاسا", "place_type": "village", "unique_id": "CAS_LBN34191", "district": "Jbeil", "governorate": "Keserwan-Jbeil" }, "geometry": { "type": "Point", "coordinates": [ 35.848563, 34.077246 ] } },
{ "type": "Feature", "properties": { "name_en": "Mazraa Lassa", "name_ar": "مزرعة لاسا", "place_type": "village", "unique_id": "CAS_LBN34081", "district": "Jbeil", "governorate": "Keserwan-Jbeil" }, "geometry": { "type": "Point", "coordinates": [ 35.848638, 34.06318 ] } },
{ "type": "Feature", "properties": { "name_en": "Qartaba", "name_ar": "قرطبا", "place_type": "village", "unique_id": "CAS_LBN34178", "district": "Jbeil", "governorate": "Keserwan-Jbeil" }, "geometry": { "type": "Point", "coordinates": [ 35.849808, 34.093447 ] } },
{ "type": "Feature", "properties": { "name_en": "Chouata", "name_ar": "شواتا", "place_type": "village", "unique_id": "CAS_LBN34056", "district": "Jbeil", "governorate": "Keserwan-Jbeil" }, "geometry": { "type": "Point", "coordinates": [ 35.85472, 34.0701 ] } },
{ "type": "Feature", "properties": { "name_en": "El Marj Lassa", "name_ar": "مرج لاسا", "place_type": "village", "unique_id": "CAS_LBN34080", "district": "Jbeil", "governorate": "Keserwan-Jbeil" }, "geometry": { "type": "Point", "coordinates": [ 35.854769, 34.080216 ] } },
{ "type": "Feature", "properties": { "name_en": "Aaboud", "name_ar": "عبود", "place_type": "village", "unique_id": "CAS_LBN34002", "district": "Jbeil", "governorate": "Keserwan-Jbeil" }, "geometry": { "type": "Point", "coordinates": [ 35.85503, 34.101833 ] } },
{ "type": "Feature", "properties": { "name_en": "Deir Mar Sarkis", "name_ar": "دير مار سركيس", "place_type": "village", "unique_id": "CAS_LBN34060", "district": "Jbeil", "governorate": "Keserwan-Jbeil" }, "geometry": { "type": "Point", "coordinates": [ 35.856792, 34.095816 ] } },
{ "type": "Feature", "properties": { "name_en": "Lassa", "name_ar": "لاسا", "place_type": "village", "unique_id": "CAS_LBN34146", "district": "Jbeil", "governorate": "Keserwan-Jbeil" }, "geometry": { "type": "Point", "coordinates": [ 35.858975, 34.074725 ] } },
{ "type": "Feature", "properties": { "name_en": "Ain el Ghouaibe", "name_ar": "عين الغويبة", "place_type": "village", "unique_id": "CAS_LBN34003", "district": "Jbeil", "governorate": "Keserwan-Jbeil" }, "geometry": { "type": "Point", "coordinates": [ 35.860078, 34.082267 ] } },
{ "type": "Feature", "properties": { "name_en": "Sariita", "name_ar": "سرعيتا", "place_type": "village", "unique_id": "CAS_LBN34195", "district": "Jbeil", "governorate": "Keserwan-Jbeil" }, "geometry": { "type": "Point", "coordinates": [ 35.864462, 34.082976 ] } },
{ "type": "Feature", "properties": { "name_en": "Hedayne", "name_ar": "هدينة", "place_type": "village", "unique_id": "CAS_LBN34108", "district": "Jbeil", "governorate": "Keserwan-Jbeil" }, "geometry": { "type": "Point", "coordinates": [ 35.866142, 34.090947 ] } },
{ "type": "Feature", "properties": { "name_en": "Qeryaqous", "name_ar": "قرياقس", "place_type": "village", "unique_id": "CAS_LBN34185", "district": "Jbeil", "governorate": "Keserwan-Jbeil" }, "geometry": { "type": "Point", "coordinates": [ 35.870096, 34.093512 ] } },
{ "type": "Feature", "properties": { "name_en": "Rouaiss", "name_ar": "رويس", "place_type": "village", "unique_id": "CAS_LBN34018", "district": "Jbeil", "governorate": "Keserwan-Jbeil" }, "geometry": { "type": "Point", "coordinates": [ 35.870795, 34.079278 ] } },
{ "type": "Feature", "properties": { "name_en": "Mghaira", "name_ar": "مغيره", "place_type": "village", "unique_id": "CAS_LBN34167", "district": "Jbeil", "governorate": "Keserwan-Jbeil" }, "geometry": { "type": "Point", "coordinates": [ 35.871044, 34.097842 ] } },
{ "type": "Feature", "properties": { "name_en": "Ghabate", "name_ar": "غابات", "place_type": "village", "unique_id": "CAS_LBN34094", "district": "Jbeil", "governorate": "Keserwan-Jbeil" }, "geometry": { "type": "Point", "coordinates": [ 35.872958, 34.08245 ] } },
{ "type": "Feature", "properties": { "name_en": "Aarasta", "name_ar": "عرستا", "place_type": "village", "unique_id": "CAS_LBN34010", "district": "Jbeil", "governorate": "Keserwan-Jbeil" }, "geometry": { "type": "Point", "coordinates": [ 35.879033, 34.085984 ] } },
{ "type": "Feature", "properties": { "name_en": "Ain Bqechqoch", "name_ar": "عين بقشقش", "place_type": "village", "unique_id": "CAS_LBN34014", "district": "Jbeil", "governorate": "Keserwan-Jbeil" }, "geometry": { "type": "Point", "coordinates": [ 35.87923, 34.097112 ] } },
{ "type": "Feature", "properties": { "name_en": "Mzarib", "name_ar": "المزاريب", "place_type": "village", "unique_id": "CAS_LBN34172", "district": "Jbeil", "governorate": "Keserwan-Jbeil" }, "geometry": { "type": "Point", "coordinates": [ 35.880313, 34.076415 ] } },
{ "type": "Feature", "properties": { "name_en": "Yanouh", "name_ar": "يانوح", "place_type": "village", "unique_id": "CAS_LBN34210", "district": "Jbeil", "governorate": "Keserwan-Jbeil" }, "geometry": { "type": "Point", "coordinates": [ 35.88377, 34.097767 ] } },
{ "type": "Feature", "properties": { "name_en": "Afqa", "name_ar": "افقا", "place_type": "village", "unique_id": "CAS_LBN34013", "district": "Jbeil", "governorate": "Keserwan-Jbeil" }, "geometry": { "type": "Point", "coordinates": [ 35.885156, 34.069648 ] } },
{ "type": "Feature", "properties": { "name_en": "Mnaitra", "name_ar": "منيطرة", "place_type": "village", "unique_id": "CAS_LBN34168", "district": "Jbeil", "governorate": "Keserwan-Jbeil" }, "geometry": { "type": "Point", "coordinates": [ 35.889187, 34.073406 ] } },
{ "type": "Feature", "properties": { "name_en": "El Boustane", "name_ar": "بستان يانوح", "place_type": "village", "unique_id": "CAS_LBN34074", "district": "Jbeil", "governorate": "Keserwan-Jbeil" }, "geometry": { "type": "Point", "coordinates": [ 35.887968, 34.103438 ] } },
{ "type": "Feature", "properties": { "name_en": "Saqiet ed Delb", "name_ar": "ساقية الدلب", "place_type": "village", "unique_id": "CAS_LBN34193", "district": "Jbeil", "governorate": "Keserwan-Jbeil" }, "geometry": { "type": "Point", "coordinates": [ 35.889602, 34.104824 ] } },
{ "type": "Feature", "properties": { "name_en": "Serghol", "name_ar": "سرغل", "place_type": "village", "unique_id": "CAS_LBN34117", "district": "Jbeil", "governorate": "Keserwan-Jbeil" }, "geometry": { "type": "Point", "coordinates": [ 35.867562, 34.105033 ] } },
{ "type": "Feature", "properties": { "name_en": "Mazraat Es Siyad", "name_ar": "مزرعة السياد", "place_type": "village", "unique_id": "CAS_LBN34160", "district": "Jbeil", "governorate": "Keserwan-Jbeil" }, "geometry": { "type": "Point", "coordinates": [ 35.861083, 34.105619 ] } },
{ "type": "Feature", "properties": { "name_en": "Majdel", "name_ar": "المجدل", "place_type": "village", "unique_id": "CAS_LBN34152", "district": "Jbeil", "governorate": "Keserwan-Jbeil" }, "geometry": { "type": "Point", "coordinates": [ 35.897658, 34.106428 ] } },
{ "type": "Feature", "properties": { "name_en": "Taht el Qalaa", "name_ar": "تحت القلعة", "place_type": "village", "unique_id": "CAS_LBN34203", "district": "Jbeil", "governorate": "Keserwan-Jbeil" }, "geometry": { "type": "Point", "coordinates": [ 35.892724, 34.10718 ] } },
{ "type": "Feature", "properties": { "name_en": "Tedmor", "name_ar": "تدمر", "place_type": "village", "unique_id": "CAS_LBN34206", "district": "Jbeil", "governorate": "Keserwan-Jbeil" }, "geometry": { "type": "Point", "coordinates": [ 35.869991, 34.108466 ] } },
{ "type": "Feature", "properties": { "name_en": "Charbine Mazraat Es Siyad", "name_ar": "شربين مزرعة السياد", "place_type": "village", "unique_id": "CAS_LBN34052", "district": "Jbeil", "governorate": "Keserwan-Jbeil" }, "geometry": { "type": "Point", "coordinates": [ 35.8589, 34.118094 ] } },
{ "type": "Feature", "properties": { "name_en": "Marj Mokhtara", "name_ar": "مرج مختارة", "place_type": "village", "unique_id": "CAS_LBN34156", "district": "Jbeil", "governorate": "Keserwan-Jbeil" }, "geometry": { "type": "Point", "coordinates": [ 35.860297, 34.121367 ] } },
{ "type": "Feature", "properties": { "name_en": "Aaqoura", "name_ar": "عاقورة", "place_type": "village", "unique_id": "CAS_LBN34009", "district": "Jbeil", "governorate": "Keserwan-Jbeil" }, "geometry": { "type": "Point", "coordinates": [ 35.903022, 34.121569 ] } },
{ "type": "Feature", "properties": { "name_en": "Ghabat", "name_ar": "غابات", "place_type": "village", "unique_id": "OSM_node/4866287956", "district": "Jbeil", "governorate": "Keserwan-Jbeil" }, "geometry": { "type": "Point", "coordinates": [ 35.8659892, 34.0794669 ] } },
{ "type": "Feature", "properties": { "name_en": "Nahrh Ibrahim", "name_ar": "نهر ابراهيم", "place_type": "village", "unique_id": "CAS_LBN34174", "district": "Jbeil", "governorate": "Keserwan-Jbeil" }, "geometry": { "type": "Point", "coordinates": [ 35.647411, 34.064689 ] } },
{ "type": "Feature", "properties": { "name_en": "Es Sare", "name_ar": "سار", "place_type": "village", "unique_id": "CAS_LBN34086", "district": "Jbeil", "governorate": "Keserwan-Jbeil" }, "geometry": { "type": "Point", "coordinates": [ 35.645294, 34.071067 ] } },
{ "type": "Feature", "properties": { "name_en": "Zayer", "name_ar": "زاير", "place_type": "village", "unique_id": "CAS_LBN35175", "district": "Jbeil", "governorate": "Keserwan-Jbeil" }, "geometry": { "type": "Point", "coordinates": [ 35.657305, 34.071383 ] } },
{ "type": "Feature", "properties": { "name_en": "Douar Bou chahine", "name_ar": "دوار بو شاهين", "place_type": "village", "unique_id": "CAS_LBN34062", "district": "Jbeil", "governorate": "Keserwan-Jbeil" }, "geometry": { "type": "Point", "coordinates": [ 35.925522, 34.12795 ] } },
{ "type": "Feature", "properties": { "name_en": "Moukhada", "name_ar": "مخاضة", "place_type": "village", "unique_id": "CAS_LBN34171", "district": "Jbeil", "governorate": "Keserwan-Jbeil" }, "geometry": { "type": "Point", "coordinates": [ 35.843817, 34.132894 ] } },
{ "type": "Feature", "properties": { "name_en": "Hima Mar Maroun Aannaya", "name_ar": "حمى مار مارون عنَايا", "place_type": "village", "unique_id": "CAS_LBN34218", "district": "Jbeil", "governorate": "Keserwan-Jbeil" }, "geometry": { "type": "Point", "coordinates": [ 35.848875, 34.13383 ] } },
{ "type": "Feature", "properties": { "name_en": "Laqlouq", "name_ar": "اللقلوق", "place_type": "village", "unique_id": "CAS_LBN34144", "district": "Jbeil", "governorate": "Keserwan-Jbeil" }, "geometry": { "type": "Point", "coordinates": [ 35.860239, 34.133994 ] } },
{ "type": "Feature", "properties": { "name_en": "Aayoun el Aalaq", "name_ar": "عيون العلاق", "place_type": "village", "unique_id": "CAS_LBN34011", "district": "Jbeil", "governorate": "Keserwan-Jbeil" }, "geometry": { "type": "Point", "coordinates": [ 35.87042, 34.138494 ] } },
{ "type": "Feature", "properties": { "name_en": "El Borj", "name_ar": "برج", "place_type": "village", "unique_id": "CAS_LBN34073", "district": "Jbeil", "governorate": "Keserwan-Jbeil" }, "geometry": { "type": "Point", "coordinates": [ 35.855233, 34.140685 ] } },
{ "type": "Feature", "properties": { "name_en": "Hima Er Rehbane", "name_ar": "حمى الرهبان", "place_type": "village", "unique_id": "CAS_LBN34219", "district": "Jbeil", "governorate": "Keserwan-Jbeil" }, "geometry": { "type": "Point", "coordinates": [ 35.860962, 34.14687 ] } },
{ "type": "Feature", "properties": { "name_en": "Ain es Salib", "name_ar": "عين الصليب", "place_type": "village", "unique_id": "CAS_LBN34019", "district": "Jbeil", "governorate": "Keserwan-Jbeil" }, "geometry": { "type": "Point", "coordinates": [ 35.867542, 34.151036 ] } },
{ "type": "Feature", "properties": { "name_en": "Aarab el Lahib", "name_ar": "عرب اللهيب", "place_type": "village", "unique_id": "CAS_LBN34217", "district": "Jbeil", "governorate": "Keserwan-Jbeil" }, "geometry": { "type": "Point", "coordinates": [ 35.894301, 34.151936 ] } },
{ "type": "Feature", "properties": { "name_en": "Boaatara", "name_ar": "بعتارا", "place_type": "village", "unique_id": "CAS_LBN34046", "district": "Jbeil", "governorate": "Keserwan-Jbeil" }, "geometry": { "type": "Point", "coordinates": [ 35.860356, 34.153856 ] } },
{ "type": "Feature", "properties": { "name_en": "El Aarich", "name_ar": "عريش", "place_type": "village", "unique_id": "CAS_LBN34069", "district": "Jbeil", "governorate": "Keserwan-Jbeil" }, "geometry": { "type": "Point", "coordinates": [ 35.877354, 34.154873 ] } },
{ "type": "Feature", "properties": { "name_en": "Ain el Qadah", "name_ar": "عين القدح", "place_type": "village", "unique_id": "CAS_LBN34017", "district": "Jbeil", "governorate": "Keserwan-Jbeil" }, "geometry": { "type": "Point", "coordinates": [ 35.802338, 34.055126 ] } },
{ "type": "Feature", "properties": { "name_en": "Qehmez", "name_ar": "قهمز", "place_type": "village", "unique_id": "OSM_node/4909365363", "district": "Jbeil", "governorate": "Keserwan-Jbeil" }, "geometry": { "type": "Point", "coordinates": [ 35.8125263, 34.056002400000011 ] } },
{ "type": "Feature", "properties": { "name_en": "Bhassis", "name_ar": "بحسيس", "place_type": "village", "unique_id": "CAS_LBN34040", "district": "Jbeil", "governorate": "Keserwan-Jbeil" }, "geometry": { "type": "Point", "coordinates": [ 35.815928, 34.057186 ] } },
{ "type": "Feature", "properties": { "name_en": "Ouata el Khirbe", "name_ar": "وطى الخربة", "place_type": "village", "unique_id": "CAS_LBN34177", "district": "Jbeil", "governorate": "Keserwan-Jbeil" }, "geometry": { "type": "Point", "coordinates": [ 35.832761, 34.065155 ] } },
{ "type": "Feature", "properties": { "name_en": "Qehmez", "name_ar": "قهمز", "place_type": "village", "unique_id": "CAS_LBN34183", "district": "Jbeil", "governorate": "Keserwan-Jbeil" }, "geometry": { "type": "Point", "coordinates": [ 35.802208, 34.065886 ] } },
{ "type": "Feature", "properties": { "name_en": "Broqta", "name_ar": "برقتا", "place_type": "village", "unique_id": "CAS_LBN34048", "district": "Jbeil", "governorate": "Keserwan-Jbeil" }, "geometry": { "type": "Point", "coordinates": [ 35.788944, 34.068909 ] } },
{ "type": "Feature", "properties": { "name_en": "Qerqraiya", "name_ar": "قرقريا", "place_type": "village", "unique_id": "CAS_LBN34184", "district": "Jbeil", "governorate": "Keserwan-Jbeil" }, "geometry": { "type": "Point", "coordinates": [ 35.816086, 34.074051 ] } },
{ "type": "Feature", "properties": { "name_en": "Janne", "name_ar": "جنة", "place_type": "village", "unique_id": "CAS_LBN34119", "district": "Jbeil", "governorate": "Keserwan-Jbeil" }, "geometry": { "type": "Point", "coordinates": [ 35.828542, 34.080931 ] } },
{ "type": "Feature", "properties": { "name_en": "Frat", "name_ar": "فرات", "place_type": "village", "unique_id": "CAS_LBN34093", "district": "Jbeil", "governorate": "Keserwan-Jbeil" }, "geometry": { "type": "Point", "coordinates": [ 35.788461, 34.087217 ] } },
{ "type": "Feature", "properties": { "name_en": "Balhoss", "name_ar": "بلحص", "place_type": "village", "unique_id": "CAS_LBN34027", "district": "Jbeil", "governorate": "Keserwan-Jbeil" }, "geometry": { "type": "Point", "coordinates": [ 35.805828, 34.093808 ] } },
{ "type": "Feature", "properties": { "name_en": "Mazraat El Maadene", "name_ar": "مزرعة المعادن", "place_type": "village", "unique_id": "CAS_LBN34079", "district": "Jbeil", "governorate": "Keserwan-Jbeil" }, "geometry": { "type": "Point", "coordinates": [ 35.793568, 34.118055 ] } },
{ "type": "Feature", "properties": { "name_en": "Ain ed Deir", "name_ar": "عين الدير", "place_type": "village", "unique_id": "CAS_LBN34015", "district": "Jbeil", "governorate": "Keserwan-Jbeil" }, "geometry": { "type": "Point", "coordinates": [ 35.782716, 34.118419 ] } },
{ "type": "Feature", "properties": { "name_en": "Ehmej", "name_ar": "اهمج", "place_type": "village", "unique_id": "CAS_LBN34066", "district": "Jbeil", "governorate": "Keserwan-Jbeil" }, "geometry": { "type": "Point", "coordinates": [ 35.783992, 34.121781 ] } },
{ "type": "Feature", "properties": { "name_en": "Hrazmin", "name_ar": "حرازمين", "place_type": "village", "unique_id": "CAS_LBN34115", "district": "Jbeil", "governorate": "Keserwan-Jbeil" }, "geometry": { "type": "Point", "coordinates": [ 35.794033, 34.125239 ] } },
{ "type": "Feature", "properties": { "name_en": "Bqarta", "name_ar": "بقرتا", "place_type": "village", "unique_id": "CAS_LBN34047", "district": "Jbeil", "governorate": "Keserwan-Jbeil" }, "geometry": { "type": "Point", "coordinates": [ 35.797358, 34.128967 ] } },
{ "type": "Feature", "properties": { "name_en": "Sbail", "name_ar": "سبايل", "place_type": "village", "unique_id": "CAS_LBN34196", "district": "Jbeil", "governorate": "Keserwan-Jbeil" }, "geometry": { "type": "Point", "coordinates": [ 35.741972, 34.176656 ] } },
{ "type": "Feature", "properties": { "name_en": "Harsha", "name_ar": "هرشا", "place_type": "village", "unique_id": "CAS_LBN34104", "district": "Jbeil", "governorate": "Keserwan-Jbeil" }, "geometry": { "type": "Point", "coordinates": [ 35.72222, 34.178783 ] } },
{ "type": "Feature", "properties": { "name_en": "Lehfed", "name_ar": "لحفد", "place_type": "village", "unique_id": "CAS_LBN34147", "district": "Jbeil", "governorate": "Keserwan-Jbeil" }, "geometry": { "type": "Point", "coordinates": [ 35.775513, 34.164394 ] } },
{ "type": "Feature", "properties": { "name_en": "Haqel", "name_ar": "حقل", "place_type": "village", "unique_id": "CAS_LBN34102", "district": "Jbeil", "governorate": "Keserwan-Jbeil" }, "geometry": { "type": "Point", "coordinates": [ 35.748111, 34.171019 ] } },
{ "type": "Feature", "properties": { "name_en": "Kfar Chilli", "name_ar": "كفر شلي", "place_type": "village", "unique_id": "CAS_LBN34130", "district": "Jbeil", "governorate": "Keserwan-Jbeil" }, "geometry": { "type": "Point", "coordinates": [ 35.778203, 34.17789 ] } },
{ "type": "Feature", "properties": { "name_en": "Kharbe", "name_ar": "خاربة جبيل", "place_type": "village", "unique_id": "CAS_LBN34142", "district": "Jbeil", "governorate": "Keserwan-Jbeil" }, "geometry": { "type": "Point", "coordinates": [ 35.752539, 34.179625 ] } },
{ "type": "Feature", "properties": { "name_en": "Maifouq", "name_ar": "ميفوق", "place_type": "village", "unique_id": "CAS_LBN34151", "district": "Jbeil", "governorate": "Keserwan-Jbeil" }, "geometry": { "type": "Point", "coordinates": [ 35.773753, 34.181628 ] } },
{ "type": "Feature", "properties": { "name_en": "Mayfouq", "name_ar": "ميفوق", "place_type": "village", "unique_id": "OSM_node/6188279209", "district": "Jbeil", "governorate": "Keserwan-Jbeil" }, "geometry": { "type": "Point", "coordinates": [ 35.778399400000012, 34.1816447 ] } },
{ "type": "Feature", "properties": { "name_en": "Qattara", "name_ar": "قطارة", "place_type": "village", "unique_id": "CAS_LBN34182", "district": "Jbeil", "governorate": "Keserwan-Jbeil" }, "geometry": { "type": "Point", "coordinates": [ 35.786161, 34.1836 ] } },
{ "type": "Feature", "properties": { "name_en": "Deir el Qattara", "name_ar": "دير القطارة", "place_type": "village", "unique_id": "CAS_LBN34058", "district": "Jbeil", "governorate": "Keserwan-Jbeil" }, "geometry": { "type": "Point", "coordinates": [ 35.795626, 34.180346 ] } },
{ "type": "Feature", "properties": { "name_en": "El Bhayri", "name_ar": "بحيري", "place_type": "village", "unique_id": "CAS_LBN34071", "district": "Jbeil", "governorate": "Keserwan-Jbeil" }, "geometry": { "type": "Point", "coordinates": [ 35.702789, 34.083537 ] } },
{ "type": "Feature", "properties": { "name_en": "Fatre", "name_ar": "فتري", "place_type": "village", "unique_id": "CAS_LBN34087", "district": "Jbeil", "governorate": "Keserwan-Jbeil" }, "geometry": { "type": "Point", "coordinates": [ 35.708664, 34.086886 ] } },
{ "type": "Feature", "properties": { "name_en": "El Owaynate", "name_ar": "عوينات", "place_type": "village", "unique_id": "CAS_LBN34083", "district": "Jbeil", "governorate": "Keserwan-Jbeil" }, "geometry": { "type": "Point", "coordinates": [ 35.718989, 34.085775 ] } },
{ "type": "Feature", "properties": { "name_en": "Sinnawr", "name_ar": "سنور", "place_type": "village", "unique_id": "CAS_LBN34198", "district": "Jbeil", "governorate": "Keserwan-Jbeil" }, "geometry": { "type": "Point", "coordinates": [ 35.730011, 34.079307 ] } },
{ "type": "Feature", "properties": { "name_en": "Adonis", "name_ar": "ادونيس", "place_type": "village", "unique_id": "CAS_LBN34012", "district": "Jbeil", "governorate": "Keserwan-Jbeil" }, "geometry": { "type": "Point", "coordinates": [ 35.735131, 34.079528 ] } },
{ "type": "Feature", "properties": { "name_en": "Aalita", "name_ar": "عاليتا", "place_type": "village", "unique_id": "CAS_LBN34005", "district": "Jbeil", "governorate": "Keserwan-Jbeil" }, "geometry": { "type": "Point", "coordinates": [ 35.688607, 34.091394 ] } },
{ "type": "Feature", "properties": { "name_en": "Zebdine", "name_ar": "زبدين", "place_type": "village", "unique_id": "CAS_LBN34212", "district": "Jbeil", "governorate": "Keserwan-Jbeil" }, "geometry": { "type": "Point", "coordinates": [ 35.716441, 34.095851 ] } },
{ "type": "Feature", "properties": { "name_en": "Meftah es Sellom", "name_ar": "مفتاح السلم", "place_type": "village", "unique_id": "CAS_LBN34165", "district": "Jbeil", "governorate": "Keserwan-Jbeil" }, "geometry": { "type": "Point", "coordinates": [ 35.70695, 34.09638 ] } },
{ "type": "Feature", "properties": { "name_en": "Haqlet et Tine", "name_ar": "حقلة التينة", "place_type": "village", "unique_id": "CAS_LBN34103", "district": "Jbeil", "governorate": "Keserwan-Jbeil" }, "geometry": { "type": "Point", "coordinates": [ 35.697986, 34.097617 ] } },
{ "type": "Feature", "properties": { "name_en": "Bchelli", "name_ar": "بشلّلي", "place_type": "village", "unique_id": "CAS_LBN34030", "district": "Jbeil", "governorate": "Keserwan-Jbeil" }, "geometry": { "type": "Point", "coordinates": [ 35.718389, 34.102253 ] } },
{ "type": "Feature", "properties": { "name_en": "Ernaya", "name_ar": "ارنايا", "place_type": "village", "unique_id": "CAS_LBN34186", "district": "Jbeil", "governorate": "Keserwan-Jbeil" }, "geometry": { "type": "Point", "coordinates": [ 35.709992, 34.104014 ] } },
{ "type": "Feature", "properties": { "name_en": "Ed Darje", "name_ar": "درجه", "place_type": "village", "unique_id": "CAS_LBN34064", "district": "Jbeil", "governorate": "Keserwan-Jbeil" }, "geometry": { "type": "Point", "coordinates": [ 35.710971, 34.105675 ] } },
{ "type": "Feature", "properties": { "name_en": "Mdamit", "name_ar": "مداميت", "place_type": "village", "unique_id": "CAS_LBN34161", "district": "Jbeil", "governorate": "Keserwan-Jbeil" }, "geometry": { "type": "Point", "coordinates": [ 35.684125, 34.106328 ] } },
{ "type": "Feature", "properties": { "name_en": "Ouata El Bane", "name_ar": "وطى البان", "place_type": "village", "unique_id": "CAS_LBN34176", "district": "Jbeil", "governorate": "Keserwan-Jbeil" }, "geometry": { "type": "Point", "coordinates": [ 35.683658, 34.109378 ] } },
{ "type": "Feature", "properties": { "name_en": "Sebrine", "name_ar": "سربين", "place_type": "village", "unique_id": "CAS_LBN34197", "district": "Jbeil", "governorate": "Keserwan-Jbeil" }, "geometry": { "type": "Point", "coordinates": [ 35.709497, 34.110994 ] } },
{ "type": "Feature", "properties": { "name_en": "Souq el Firi", "name_ar": "سوق الفارة", "place_type": "village", "unique_id": "CAS_LBN34202", "district": "Jbeil", "governorate": "Keserwan-Jbeil" }, "geometry": { "type": "Point", "coordinates": [ 35.694741, 34.113063 ] } },
{ "type": "Feature", "properties": { "name_en": "Jlaisse", "name_ar": "جليسه", "place_type": "village", "unique_id": "CAS_LBN34123", "district": "Jbeil", "governorate": "Keserwan-Jbeil" }, "geometry": { "type": "Point", "coordinates": [ 35.690692, 34.115894 ] } },
{ "type": "Feature", "properties": { "name_en": "Ras Usta", "name_ar": "رأس أسطا", "place_type": "village", "unique_id": "OSM_node/4867752957", "district": "Jbeil", "governorate": "Keserwan-Jbeil" }, "geometry": { "type": "Point", "coordinates": [ 35.713659600000028, 34.116932 ] } },
{ "type": "Feature", "properties": { "name_en": "Barij", "name_ar": "بريج", "place_type": "village", "unique_id": "CAS_LBN34029", "district": "Jbeil", "governorate": "Keserwan-Jbeil" }, "geometry": { "type": "Point", "coordinates": [ 35.701922, 34.119744 ] } },
{ "type": "Feature", "properties": { "name_en": "Zmar", "name_ar": "زمار", "place_type": "village", "unique_id": "CAS_LBN34214", "district": "Jbeil", "governorate": "Keserwan-Jbeil" }, "geometry": { "type": "Point", "coordinates": [ 35.719019, 34.122439 ] } },
{ "type": "Feature", "properties": { "name_en": "Kfar Qaouass", "name_ar": "كفر قواص", "place_type": "village", "unique_id": "CAS_LBN34135", "district": "Jbeil", "governorate": "Keserwan-Jbeil" }, "geometry": { "type": "Point", "coordinates": [ 35.697917, 34.123989 ] } },
{ "type": "Feature", "properties": { "name_en": "Jengel", "name_ar": "جونجل", "place_type": "village", "unique_id": "CAS_LBN34122", "district": "Jbeil", "governorate": "Keserwan-Jbeil" }, "geometry": { "type": "Point", "coordinates": [ 35.686897, 34.124978 ] } },
{ "type": "Feature", "properties": { "name_en": "Kfar Shabbouh", "name_ar": "كفر شبوح", "place_type": "village", "unique_id": "CAS_LBN34137", "district": "Jbeil", "governorate": "Keserwan-Jbeil" }, "geometry": { "type": "Point", "coordinates": [ 35.709037, 34.125759 ] } },
{ "type": "Feature", "properties": { "name_en": "Mechane", "name_ar": "مشان", "place_type": "village", "unique_id": "CAS_LBN34162", "district": "Jbeil", "governorate": "Keserwan-Jbeil" }, "geometry": { "type": "Point", "coordinates": [ 35.755736, 34.084717 ] } },
{ "type": "Feature", "properties": { "name_en": "Qass", "name_ar": "القص", "place_type": "village", "unique_id": "CAS_LBN34180", "district": "Jbeil", "governorate": "Keserwan-Jbeil" }, "geometry": { "type": "Point", "coordinates": [ 35.726422, 34.086138 ] } },
{ "type": "Feature", "properties": { "name_en": "Ain Jrain", "name_ar": "عين جرين", "place_type": "village", "unique_id": "CAS_LBN34021", "district": "Jbeil", "governorate": "Keserwan-Jbeil" }, "geometry": { "type": "Point", "coordinates": [ 35.762775, 34.086772 ] } },
{ "type": "Feature", "properties": { "name_en": "Ramiet el Hsoun", "name_ar": "رامية الحصون", "place_type": "village", "unique_id": "CAS_LBN34187", "district": "Jbeil", "governorate": "Keserwan-Jbeil" }, "geometry": { "type": "Point", "coordinates": [ 35.737385, 34.088002 ] } },
{ "type": "Feature", "properties": { "name_en": "Bir El Hait", "name_ar": "بير الهيت", "place_type": "village", "unique_id": "CAS_LBN34041", "district": "Jbeil", "governorate": "Keserwan-Jbeil" }, "geometry": { "type": "Point", "coordinates": [ 35.722131, 34.089309 ] } },
{ "type": "Feature", "properties": { "name_en": "Ain Ed Delbe Jbeil", "name_ar": "عين الدلبة جبيل", "place_type": "village", "unique_id": "CAS_LBN34016", "district": "Jbeil", "governorate": "Keserwan-Jbeil" }, "geometry": { "type": "Point", "coordinates": [ 35.760889, 34.091458 ] } },
{ "type": "Feature", "properties": { "name_en": "El Houssoun", "name_ar": "حصون", "place_type": "village", "unique_id": "CAS_LBN34077", "district": "Jbeil", "governorate": "Keserwan-Jbeil" }, "geometry": { "type": "Point", "coordinates": [ 35.735522, 34.092825 ] } },
{ "type": "Feature", "properties": { "name_en": "Souane", "name_ar": "صوانة", "place_type": "village", "unique_id": "CAS_LBN34201", "district": "Jbeil", "governorate": "Keserwan-Jbeil" }, "geometry": { "type": "Point", "coordinates": [ 35.77415, 34.093636 ] } },
{ "type": "Feature", "properties": { "name_en": "Beziyoun", "name_ar": "بزيون", "place_type": "village", "unique_id": "CAS_LBN34039", "district": "Jbeil", "governorate": "Keserwan-Jbeil" }, "geometry": { "type": "Point", "coordinates": [ 35.753745, 34.098569 ] } },
{ "type": "Feature", "properties": { "name_en": "Ferhet", "name_ar": "فرحت", "place_type": "village", "unique_id": "CAS_LBN34088", "district": "Jbeil", "governorate": "Keserwan-Jbeil" }, "geometry": { "type": "Point", "coordinates": [ 35.761386, 34.100822 ] } },
{ "type": "Feature", "properties": { "name_en": "Bkourkaz", "name_ar": "بكركز", "place_type": "village", "unique_id": "CAS_LBN34043", "district": "Jbeil", "governorate": "Keserwan-Jbeil" }, "geometry": { "type": "Point", "coordinates": [ 35.72642, 34.102472 ] } },
{ "type": "Feature", "properties": { "name_en": "Chaloumas", "name_ar": "شلوماس", "place_type": "village", "unique_id": "CAS_LBN34050", "district": "Jbeil", "governorate": "Keserwan-Jbeil" }, "geometry": { "type": "Point", "coordinates": [ 35.742478, 34.102781 ] } },
{ "type": "Feature", "properties": { "name_en": "Hosna", "name_ar": "حصنا", "place_type": "village", "unique_id": "CAS_LBN34112", "district": "Jbeil", "governorate": "Keserwan-Jbeil" }, "geometry": { "type": "Point", "coordinates": [ 35.774122, 34.10318 ] } },
{ "type": "Feature", "properties": { "name_en": "Es Saqi", "name_ar": "سقي", "place_type": "village", "unique_id": "CAS_LBN34085", "district": "Jbeil", "governorate": "Keserwan-Jbeil" }, "geometry": { "type": "Point", "coordinates": [ 35.756523, 34.103763 ] } },
{ "type": "Feature", "properties": { "name_en": "Jouret El Qattine", "name_ar": "جورة القطين", "place_type": "village", "unique_id": "CAS_LBN34124", "district": "Jbeil", "governorate": "Keserwan-Jbeil" }, "geometry": { "type": "Point", "coordinates": [ 35.724356, 34.105489 ] } },
{ "type": "Feature", "properties": { "name_en": "Kfarbaal", "name_ar": "كفر بعال", "place_type": "village", "unique_id": "CAS_LBN34128", "district": "Jbeil", "governorate": "Keserwan-Jbeil" }, "geometry": { "type": "Point", "coordinates": [ 35.737194, 34.106763 ] } },
{ "type": "Feature", "properties": { "name_en": "Almat Ej Jnoubiye", "name_ar": "علمات الجنوبية", "place_type": "village", "unique_id": "CAS_LBN34024", "district": "Jbeil", "governorate": "Keserwan-Jbeil" }, "geometry": { "type": "Point", "coordinates": [ 35.779636, 34.108203 ] } },
{ "type": "Feature", "properties": { "name_en": "Tourzaiya", "name_ar": "طورزيا", "place_type": "village", "unique_id": "CAS_LBN34208", "district": "Jbeil", "governorate": "Keserwan-Jbeil" }, "geometry": { "type": "Point", "coordinates": [ 35.757679, 34.108763 ] } },
{ "type": "Feature", "properties": { "name_en": "El Mtolle", "name_ar": "مطله جبيل", "place_type": "village", "unique_id": "CAS_LBN34082", "district": "Jbeil", "governorate": "Keserwan-Jbeil" }, "geometry": { "type": "Point", "coordinates": [ 35.748398, 34.108872 ] } },
{ "type": "Feature", "properties": { "name_en": "Almat ech Chemaliye", "name_ar": "علمات الشمالية", "place_type": "village", "unique_id": "CAS_LBN34023", "district": "Jbeil", "governorate": "Keserwan-Jbeil" }, "geometry": { "type": "Point", "coordinates": [ 35.776956, 34.109842 ] } },
{ "type": "Feature", "properties": { "name_en": "Nabaa Tourzaiya", "name_ar": "نبع طورزيا", "place_type": "village", "unique_id": "CAS_LBN34173", "district": "Jbeil", "governorate": "Keserwan-Jbeil" }, "geometry": { "type": "Point", "coordinates": [ 35.772425, 34.111069 ] } },
{ "type": "Feature", "properties": { "name_en": "Mar Meqna", "name_ar": "مار مقانة", "place_type": "village", "unique_id": "CAS_LBN34154", "district": "Jbeil", "governorate": "Keserwan-Jbeil" }, "geometry": { "type": "Point", "coordinates": [ 35.748228, 34.112192 ] } },
{ "type": "Feature", "properties": { "name_en": "Chekhnaya", "name_ar": "شخنايا", "place_type": "village", "unique_id": "CAS_LBN34053", "district": "Jbeil", "governorate": "Keserwan-Jbeil" }, "geometry": { "type": "Point", "coordinates": [ 35.765735, 34.113709 ] } },
{ "type": "Feature", "properties": { "name_en": "Ras Osta", "name_ar": "راس اسطا", "place_type": "village", "unique_id": "CAS_LBN34189", "district": "Jbeil", "governorate": "Keserwan-Jbeil" }, "geometry": { "type": "Point", "coordinates": [ 35.722356, 34.114925 ] } },
{ "type": "Feature", "properties": { "name_en": "Aannaya", "name_ar": "عنَايا", "place_type": "village", "unique_id": "CAS_LBN34007", "district": "Jbeil", "governorate": "Keserwan-Jbeil" }, "geometry": { "type": "Point", "coordinates": [ 35.751889, 34.11765 ] } },
{ "type": "Feature", "properties": { "name_en": "Kelesh", "name_ar": "كلش", "place_type": "village", "unique_id": "CAS_LBN34127", "district": "Jbeil", "governorate": "Keserwan-Jbeil" }, "geometry": { "type": "Point", "coordinates": [ 35.73138, 34.119278 ] } },
{ "type": "Feature", "properties": { "name_en": "Aaouaini", "name_ar": "عويني", "place_type": "village", "unique_id": "CAS_LBN34008", "district": "Jbeil", "governorate": "Keserwan-Jbeil" }, "geometry": { "type": "Point", "coordinates": [ 35.769697, 34.119472 ] } },
{ "type": "Feature", "properties": { "name_en": "Deir Mar Maroun", "name_ar": "دير مار مارون", "place_type": "village", "unique_id": "CAS_LBN34059", "district": "Jbeil", "governorate": "Keserwan-Jbeil" }, "geometry": { "type": "Point", "coordinates": [ 35.753254, 34.120984 ] } },
{ "type": "Feature", "properties": { "name_en": "Khaab", "name_ar": "خعب", "place_type": "village", "unique_id": "CAS_LBN34140", "district": "Jbeil", "governorate": "Keserwan-Jbeil" }, "geometry": { "type": "Point", "coordinates": [ 35.754668, 34.126901 ] } },
{ "type": "Feature", "properties": { "name_en": "Hjoula", "name_ar": "حجولا", "place_type": "village", "unique_id": "CAS_LBN34110", "district": "Jbeil", "governorate": "Keserwan-Jbeil" }, "geometry": { "type": "Point", "coordinates": [ 35.745147, 34.132315 ] } },
{ "type": "Feature", "properties": { "name_en": "Talbita", "name_ar": "تلبيتا", "place_type": "village", "unique_id": "CAS_LBN34204", "district": "Jbeil", "governorate": "Keserwan-Jbeil" }, "geometry": { "type": "Point", "coordinates": [ 35.770821, 34.135563 ] } },
{ "type": "Feature", "properties": { "name_en": "Khaabiya", "name_ar": "خاعبية", "place_type": "village", "unique_id": "CAS_LBN34141", "district": "Jbeil", "governorate": "Keserwan-Jbeil" }, "geometry": { "type": "Point", "coordinates": [ 35.767836, 34.140116 ] } },
{ "type": "Feature", "properties": { "name_en": "El Hraifat", "name_ar": "الحريفات", "place_type": "village", "unique_id": "CAS_LBN34078", "district": "Jbeil", "governorate": "Keserwan-Jbeil" }, "geometry": { "type": "Point", "coordinates": [ 35.762692, 34.143013 ] } },
{ "type": "Feature", "properties": { "name_en": "MechMech Jbeil", "name_ar": "مشمش جبيل", "place_type": "village", "unique_id": "CAS_LBN34164", "district": "Jbeil", "governorate": "Keserwan-Jbeil" }, "geometry": { "type": "Point", "coordinates": [ 35.779888, 34.146474 ] } },
{ "type": "Feature", "properties": { "name_en": "Aalmat Ej Jnoubiyeh", "name_ar": "علمات الجنوبية", "place_type": "village", "unique_id": "OSM_node/6182415589", "district": "Jbeil", "governorate": "Keserwan-Jbeil" }, "geometry": { "type": "Point", "coordinates": [ 35.781929699999978, 34.0999167 ] } },
{ "type": "Feature", "properties": { "name_en": "Bechtelida", "name_ar": "بشتليدا", "place_type": "village", "unique_id": "CAS_LBN34031", "district": "Jbeil", "governorate": "Keserwan-Jbeil" }, "geometry": { "type": "Point", "coordinates": [ 35.722669, 34.132467 ] } },
{ "type": "Feature", "properties": { "name_en": "Berket Hejoula", "name_ar": "بركة حجولا", "place_type": "village", "unique_id": "CAS_LBN34042", "district": "Jbeil", "governorate": "Keserwan-Jbeil" }, "geometry": { "type": "Point", "coordinates": [ 35.731822, 34.138758 ] } },
{ "type": "Feature", "properties": { "name_en": "Wadi el Kalb", "name_ar": "وادي الكلب", "place_type": "village", "unique_id": "CAS_LBN34209", "district": "Jbeil", "governorate": "Keserwan-Jbeil" }, "geometry": { "type": "Point", "coordinates": [ 35.743223, 34.140017 ] } },
{ "type": "Feature", "properties": { "name_en": "Jrebta Jbeil", "name_ar": "جربتا جبيل", "place_type": "village", "unique_id": "CAS_LBN34125", "district": "Jbeil", "governorate": "Keserwan-Jbeil" }, "geometry": { "type": "Point", "coordinates": [ 35.719756, 34.140583 ] } },
{ "type": "Feature", "properties": { "name_en": "Hosn Aar", "name_ar": "حصن العر", "place_type": "village", "unique_id": "CAS_LBN34111", "district": "Jbeil", "governorate": "Keserwan-Jbeil" }, "geometry": { "type": "Point", "coordinates": [ 35.729817, 34.146106 ] } },
{ "type": "Feature", "properties": { "name_en": "Habil", "name_ar": "هابيل", "place_type": "village", "unique_id": "CAS_LBN34100", "district": "Jbeil", "governorate": "Keserwan-Jbeil" }, "geometry": { "type": "Point", "coordinates": [ 35.738145, 34.149109 ] } },
{ "type": "Feature", "properties": { "name_en": "Habboub", "name_ar": "حبوب", "place_type": "village", "unique_id": "CAS_LBN34099", "district": "Jbeil", "governorate": "Keserwan-Jbeil" }, "geometry": { "type": "Point", "coordinates": [ 35.668928, 34.131819 ] } },
{ "type": "Feature", "properties": { "name_en": "Fidar el Faouqa", "name_ar": "فدار الفوقا", "place_type": "village", "unique_id": "CAS_LBN34091", "district": "Jbeil", "governorate": "Keserwan-Jbeil" }, "geometry": { "type": "Point", "coordinates": [ 35.702208, 34.132444 ] } },
{ "type": "Feature", "properties": { "name_en": "Fidar Et Tahta", "name_ar": "فدار التحتا", "place_type": "village", "unique_id": "CAS_LBN34092", "district": "Jbeil", "governorate": "Keserwan-Jbeil" }, "geometry": { "type": "Point", "coordinates": [ 35.690986, 34.132828 ] } },
{ "type": "Feature", "properties": { "name_en": "Daouret Edde Jbayl", "name_ar": "دورة إده جبيل", "place_type": "village", "unique_id": "CAS_LBN34057", "district": "Jbeil", "governorate": "Keserwan-Jbeil" }, "geometry": { "type": "Point", "coordinates": [ 35.649858, 34.133392 ] } },
{ "type": "Feature", "properties": { "name_en": "Kfar Sal", "name_ar": "كفر سالا", "place_type": "village", "unique_id": "CAS_LBN34136", "district": "Jbeil", "governorate": "Keserwan-Jbeil" }, "geometry": { "type": "Point", "coordinates": [ 35.650442, 34.137536 ] } },
{ "type": "Feature", "properties": { "name_en": "Kfar Hitta", "name_ar": "كفر حتى", "place_type": "village", "unique_id": "CAS_LBN34131", "district": "Jbeil", "governorate": "Keserwan-Jbeil" }, "geometry": { "type": "Point", "coordinates": [ 35.673944, 34.137875 ] } },
{ "type": "Feature", "properties": { "name_en": "Edde", "name_ar": "إده", "place_type": "village", "unique_id": "CAS_LBN34065", "district": "Jbeil", "governorate": "Keserwan-Jbeil" }, "geometry": { "type": "Point", "coordinates": [ 35.66345, 34.139811 ] } },
{ "type": "Feature", "properties": { "name_en": "Mazraat ej Jmaiyel", "name_ar": "مزرعة الجميل", "place_type": "village", "unique_id": "CAS_LBN34158", "district": "Jbeil", "governorate": "Keserwan-Jbeil" }, "geometry": { "type": "Point", "coordinates": [ 35.681475, 34.140869 ] } },
{ "type": "Feature", "properties": { "name_en": "Hay El Aarbe", "name_ar": "حي العربي", "place_type": "village", "unique_id": "CAS_LBN34105", "district": "Jbeil", "governorate": "Keserwan-Jbeil" }, "geometry": { "type": "Point", "coordinates": [ 35.642772, 34.141908 ] } },
{ "type": "Feature", "properties": { "name_en": "Kfar Kahli", "name_ar": "كفر كخلة", "place_type": "village", "unique_id": "CAS_LBN34132", "district": "Jbeil", "governorate": "Keserwan-Jbeil" }, "geometry": { "type": "Point", "coordinates": [ 35.652283, 34.141958 ] } },
{ "type": "Feature", "properties": { "name_en": "Aamchit", "name_ar": "عمشيت", "place_type": "town", "unique_id": "OSM_node/4802509982", "district": "Jbeil", "governorate": "Keserwan-Jbeil" }, "geometry": { "type": "Point", "coordinates": [ 35.646552499999984, 34.1421297 ] } },
{ "type": "Feature", "properties": { "name_en": "Mechhellene", "name_ar": "مشحلان", "place_type": "village", "unique_id": "CAS_LBN34163", "district": "Jbeil", "governorate": "Keserwan-Jbeil" }, "geometry": { "type": "Point", "coordinates": [ 35.684058, 34.143019 ] } },
{ "type": "Feature", "properties": { "name_en": "Malhoun", "name_ar": "ملحون", "place_type": "village", "unique_id": "CAS_LBN34153", "district": "Jbeil", "governorate": "Keserwan-Jbeil" }, "geometry": { "type": "Point", "coordinates": [ 35.700172, 34.143952 ] } },
{ "type": "Feature", "properties": { "name_en": "El Barraniye", "name_ar": "برانية", "place_type": "village", "unique_id": "CAS_LBN34070", "district": "Jbeil", "governorate": "Keserwan-Jbeil" }, "geometry": { "type": "Point", "coordinates": [ 35.654562, 34.144899 ] } },
{ "type": "Feature", "properties": { "name_en": "Kfar Mashoun", "name_ar": "كفر مسحون", "place_type": "village", "unique_id": "CAS_LBN34134", "district": "Jbeil", "governorate": "Keserwan-Jbeil" }, "geometry": { "type": "Point", "coordinates": [ 35.670439, 34.145769 ] } },
{ "type": "Feature", "properties": { "name_en": "Bentaael", "name_ar": "بنتاعل", "place_type": "village", "unique_id": "CAS_LBN34038", "district": "Jbeil", "governorate": "Keserwan-Jbeil" }, "geometry": { "type": "Point", "coordinates": [ 35.692119, 34.146075 ] } },
{ "type": "Feature", "properties": { "name_en": "Aamchit", "name_ar": "عمشيت", "place_type": "village", "unique_id": "CAS_LBN34006", "district": "Jbeil", "governorate": "Keserwan-Jbeil" }, "geometry": { "type": "Point", "coordinates": [ 35.644933, 34.148444 ] } },
{ "type": "Feature", "properties": { "name_en": "Qateaa", "name_ar": "القاطعة", "place_type": "village", "unique_id": "CAS_LBN34181", "district": "Jbeil", "governorate": "Keserwan-Jbeil" }, "geometry": { "type": "Point", "coordinates": [ 35.652794, 34.148758 ] } },
{ "type": "Feature", "properties": { "name_en": "Behdaidat", "name_ar": "بحديدات", "place_type": "village", "unique_id": "CAS_LBN34032", "district": "Jbeil", "governorate": "Keserwan-Jbeil" }, "geometry": { "type": "Point", "coordinates": [ 35.705942, 34.148817 ] } },
{ "type": "Feature", "properties": { "name_en": "Dmalsa", "name_ar": "دملصا", "place_type": "village", "unique_id": "CAS_LBN34061", "district": "Jbeil", "governorate": "Keserwan-Jbeil" }, "geometry": { "type": "Point", "coordinates": [ 35.679981, 34.150289 ] } },
{ "type": "Feature", "properties": { "name_en": "Marbaa", "name_ar": "مربعه", "place_type": "village", "unique_id": "CAS_LBN34155", "district": "Jbeil", "governorate": "Keserwan-Jbeil" }, "geometry": { "type": "Point", "coordinates": [ 35.696294, 34.150397 ] } },
{ "type": "Feature", "properties": { "name_en": "Baachta", "name_ar": "بعشتا", "place_type": "village", "unique_id": "CAS_LBN34026", "district": "Jbeil", "governorate": "Keserwan-Jbeil" }, "geometry": { "type": "Point", "coordinates": [ 35.631036, 34.157264 ] } },
{ "type": "Feature", "properties": { "name_en": "Terouil", "name_ar": "ترويل", "place_type": "village", "unique_id": "CAS_LBN34207", "district": "Jbeil", "governorate": "Keserwan-Jbeil" }, "geometry": { "type": "Point", "coordinates": [ 35.631097, 34.151858 ] } },
{ "type": "Feature", "properties": { "name_en": "Heloue", "name_ar": "حلوة", "place_type": "village", "unique_id": "CAS_LBN34109", "district": "Jbeil", "governorate": "Keserwan-Jbeil" }, "geometry": { "type": "Point", "coordinates": [ 35.632056, 34.178184 ] } },
{ "type": "Feature", "properties": { "name_en": "Ouata el bourj", "name_ar": "وطى البرج", "place_type": "village", "unique_id": "CAS_LBN34175", "district": "Jbeil", "governorate": "Keserwan-Jbeil" }, "geometry": { "type": "Point", "coordinates": [ 35.634603, 34.192955 ] } },
{ "type": "Feature", "properties": { "name_en": "Rihani", "name_ar": "ريحانة", "place_type": "village", "unique_id": "CAS_LBN34190", "district": "Jbeil", "governorate": "Keserwan-Jbeil" }, "geometry": { "type": "Point", "coordinates": [ 35.639972, 34.164836 ] } },
{ "type": "Feature", "properties": { "name_en": "Barbara", "name_ar": "بربارة", "place_type": "village", "unique_id": "CAS_LBN34028", "district": "Jbeil", "governorate": "Keserwan-Jbeil" }, "geometry": { "type": "Point", "coordinates": [ 35.647339, 34.193572 ] } },
{ "type": "Feature", "properties": { "name_en": "Monsef", "name_ar": "المنصف", "place_type": "village", "unique_id": "CAS_LBN34169", "district": "Jbeil", "governorate": "Keserwan-Jbeil" }, "geometry": { "type": "Point", "coordinates": [ 35.649442, 34.178075 ] } },
{ "type": "Feature", "properties": { "name_en": "Jdayel", "name_ar": "جدايل", "place_type": "village", "unique_id": "CAS_LBN34121", "district": "Jbeil", "governorate": "Keserwan-Jbeil" }, "geometry": { "type": "Point", "coordinates": [ 35.650486, 34.164592 ] } },
{ "type": "Feature", "properties": { "name_en": "Aydamoun", "name_ar": "عيدامون", "place_type": "village", "unique_id": "CAS_LBN34025", "district": "Jbeil", "governorate": "Keserwan-Jbeil" }, "geometry": { "type": "Point", "coordinates": [ 35.652562, 34.153371 ] } },
{ "type": "Feature", "properties": { "name_en": "Kfar Kidda", "name_ar": "كفر كده", "place_type": "village", "unique_id": "CAS_LBN34133", "district": "Jbeil", "governorate": "Keserwan-Jbeil" }, "geometry": { "type": "Point", "coordinates": [ 35.654722, 34.200378 ] } },
{ "type": "Feature", "properties": { "name_en": "Hosrayel", "name_ar": "حصرايل", "place_type": "village", "unique_id": "CAS_LBN34113", "district": "Jbeil", "governorate": "Keserwan-Jbeil" }, "geometry": { "type": "Point", "coordinates": [ 35.655389, 34.158592 ] } },
{ "type": "Feature", "properties": { "name_en": "Kfar Chakha", "name_ar": "كفر شخي", "place_type": "village", "unique_id": "CAS_LBN34129", "district": "Jbeil", "governorate": "Keserwan-Jbeil" }, "geometry": { "type": "Point", "coordinates": [ 35.656578, 34.206836 ] } },
{ "type": "Feature", "properties": { "name_en": "Chikhane", "name_ar": "شيخان", "place_type": "village", "unique_id": "CAS_LBN34054", "district": "Jbeil", "governorate": "Keserwan-Jbeil" }, "geometry": { "type": "Point", "coordinates": [ 35.657961, 34.174642 ] } },
{ "type": "Feature", "properties": { "name_en": "Gharfine", "name_ar": "غرفين", "place_type": "village", "unique_id": "CAS_LBN34097", "district": "Jbeil", "governorate": "Keserwan-Jbeil" }, "geometry": { "type": "Point", "coordinates": [ 35.664436, 34.152503 ] } },
{ "type": "Feature", "properties": { "name_en": "Kour El Hooua", "name_ar": "كور الهوا", "place_type": "village", "unique_id": "CAS_LBN34143", "district": "Jbeil", "governorate": "Keserwan-Jbeil" }, "geometry": { "type": "Point", "coordinates": [ 35.664528, 34.168436 ] } },
{ "type": "Feature", "properties": { "name_en": "Gharzouz", "name_ar": "غرزوز", "place_type": "village", "unique_id": "CAS_LBN34098", "district": "Jbeil", "governorate": "Keserwan-Jbeil" }, "geometry": { "type": "Point", "coordinates": [ 35.667853, 34.183861 ] } },
{ "type": "Feature", "properties": { "name_en": "Aafs jbeil", "name_ar": "عفص", "place_type": "village", "unique_id": "CAS_LBN34067", "district": "Jbeil", "governorate": "Keserwan-Jbeil" }, "geometry": { "type": "Point", "coordinates": [ 35.668173, 34.158783 ] } },
{ "type": "Feature", "properties": { "name_en": "Bekhaaz", "name_ar": "بخعاز", "place_type": "village", "unique_id": "CAS_LBN34036", "district": "Jbeil", "governorate": "Keserwan-Jbeil" }, "geometry": { "type": "Point", "coordinates": [ 35.668381, 34.188903 ] } },
{ "type": "Feature", "properties": { "name_en": "Chmout", "name_ar": "شموت", "place_type": "village", "unique_id": "CAS_LBN34055", "district": "Jbeil", "governorate": "Keserwan-Jbeil" }, "geometry": { "type": "Point", "coordinates": [ 35.670547, 34.198139 ] } },
{ "type": "Feature", "properties": { "name_en": "Fghal", "name_ar": "فغال", "place_type": "village", "unique_id": "CAS_LBN34089", "district": "Jbeil", "governorate": "Keserwan-Jbeil" }, "geometry": { "type": "Point", "coordinates": [ 35.676067, 34.20793 ] } },
{ "type": "Feature", "properties": { "name_en": "El Masloukh", "name_ar": "المسلوخ", "place_type": "village", "unique_id": "OSM_node/564372587", "district": "Jbeil", "governorate": "Keserwan-Jbeil" }, "geometry": { "type": "Point", "coordinates": [ 35.6444945, 34.2056263 ] } },
{ "type": "Feature", "properties": { "name_en": "Berbara", "name_ar": "البربارة", "place_type": "village", "unique_id": "OSM_node/5001904130", "district": "Jbeil", "governorate": "Keserwan-Jbeil" }, "geometry": { "type": "Point", "coordinates": [ 35.6386175, 34.195275700000025 ] } },
{ "type": "Feature", "properties": { "name_en": "Saqi Rechmaiya", "name_ar": "سقي رشميا", "place_type": "village", "unique_id": "CAS_LBN34192", "district": "Jbeil", "governorate": "Keserwan-Jbeil" }, "geometry": { "type": "Point", "coordinates": [ 35.788306, 34.160403 ] } },
{ "type": "Feature", "properties": { "name_en": "Jaj", "name_ar": "جاج", "place_type": "village", "unique_id": "CAS_LBN34118", "district": "Jbeil", "governorate": "Keserwan-Jbeil" }, "geometry": { "type": "Point", "coordinates": [ 35.806045, 34.163205 ] } },
{ "type": "Feature", "properties": { "name_en": "Tartij", "name_ar": "ترتج", "place_type": "village", "unique_id": "CAS_LBN34205", "district": "Jbeil", "governorate": "Keserwan-Jbeil" }, "geometry": { "type": "Point", "coordinates": [ 35.823375, 34.183056 ] } },
{ "type": "Feature", "properties": { "name_en": "Maad", "name_ar": "معاد", "place_type": "village", "unique_id": "CAS_LBN34148", "district": "Jbeil", "governorate": "Keserwan-Jbeil" }, "geometry": { "type": "Point", "coordinates": [ 35.682369, 34.195681 ] } },
{ "type": "Feature", "properties": { "name_en": "Hbalin", "name_ar": "حبالين", "place_type": "village", "unique_id": "CAS_LBN34107", "district": "Jbeil", "governorate": "Keserwan-Jbeil" }, "geometry": { "type": "Point", "coordinates": [ 35.684339, 34.159675 ] } },
{ "type": "Feature", "properties": { "name_en": "Hsarat", "name_ar": "حصارات", "place_type": "village", "unique_id": "CAS_LBN34116", "district": "Jbeil", "governorate": "Keserwan-Jbeil" }, "geometry": { "type": "Point", "coordinates": [ 35.686383, 34.168099 ] } },
{ "type": "Feature", "properties": { "name_en": "Ghabline", "name_ar": "غبالين", "place_type": "village", "unique_id": "CAS_LBN34095", "district": "Jbeil", "governorate": "Keserwan-Jbeil" }, "geometry": { "type": "Point", "coordinates": [ 35.691083, 34.184208 ] } },
{ "type": "Feature", "properties": { "name_en": "Ain Kfaa", "name_ar": "عين كفاع", "place_type": "village", "unique_id": "CAS_LBN34022", "district": "Jbeil", "governorate": "Keserwan-Jbeil" }, "geometry": { "type": "Point", "coordinates": [ 35.693344, 34.190633 ] } },
{ "type": "Feature", "properties": { "name_en": "Slaiyeb Ghalboun", "name_ar": "صلايب غلبون", "place_type": "village", "unique_id": "CAS_LBN34200", "district": "Jbeil", "governorate": "Keserwan-Jbeil" }, "geometry": { "type": "Point", "coordinates": [ 35.693976, 34.177609 ] } },
{ "type": "Feature", "properties": { "name_en": "Kafr", "name_ar": "كفر", "place_type": "village", "unique_id": "CAS_LBN34126", "district": "Jbeil", "governorate": "Keserwan-Jbeil" }, "geometry": { "type": "Point", "coordinates": [ 35.697744, 34.152722 ] } },
{ "type": "Feature", "properties": { "name_en": "Chamat", "name_ar": "شامات", "place_type": "village", "unique_id": "CAS_LBN34051", "district": "Jbeil", "governorate": "Keserwan-Jbeil" }, "geometry": { "type": "Point", "coordinates": [ 35.698936, 34.165331 ] } },
{ "type": "Feature", "properties": { "name_en": "Hara Jbeil", "name_ar": "حارة", "place_type": "village", "unique_id": "CAS_LBN34075", "district": "Jbeil", "governorate": "Keserwan-Jbeil" }, "geometry": { "type": "Point", "coordinates": [ 35.700521, 34.167472 ] } },
{ "type": "Feature", "properties": { "name_en": "Ghalboun", "name_ar": "غلبون", "place_type": "village", "unique_id": "CAS_LBN34096", "district": "Jbeil", "governorate": "Keserwan-Jbeil" }, "geometry": { "type": "Point", "coordinates": [ 35.701024, 34.175244 ] } },
{ "type": "Feature", "properties": { "name_en": "Zaayber", "name_ar": "زعيبر", "place_type": "village", "unique_id": "CAS_LBN34211", "district": "Jbeil", "governorate": "Keserwan-Jbeil" }, "geometry": { "type": "Point", "coordinates": [ 35.70188, 34.163159 ] } },
{ "type": "Feature", "properties": { "name_en": "Ain Ghalboun", "name_ar": "عين غلبون", "place_type": "village", "unique_id": "CAS_LBN34020", "district": "Jbeil", "governorate": "Keserwan-Jbeil" }, "geometry": { "type": "Point", "coordinates": [ 35.702828, 34.17737 ] } },
{ "type": "Feature", "properties": { "name_en": "Kfoun", "name_ar": "كفون", "place_type": "village", "unique_id": "CAS_LBN34139", "district": "Jbeil", "governorate": "Keserwan-Jbeil" }, "geometry": { "type": "Point", "coordinates": [ 35.704347, 34.155272 ] } },
{ "type": "Feature", "properties": { "name_en": "Mazraat el Hajj Khalil", "name_ar": "مزرعة الحاج خليل", "place_type": "village", "unique_id": "CAS_LBN34159", "district": "Jbeil", "governorate": "Keserwan-Jbeil" }, "geometry": { "type": "Point", "coordinates": [ 35.706599, 34.167523 ] } },
{ "type": "Feature", "properties": { "name_en": "Beit Hbaq", "name_ar": "بيت حبّاق", "place_type": "village", "unique_id": "CAS_LBN34034", "district": "Jbeil", "governorate": "Keserwan-Jbeil" }, "geometry": { "type": "Point", "coordinates": [ 35.707539, 34.164242 ] } },
{ "type": "Feature", "properties": { "name_en": "Ramout", "name_ar": "الراموط", "place_type": "village", "unique_id": "CAS_LBN34188", "district": "Jbeil", "governorate": "Keserwan-Jbeil" }, "geometry": { "type": "Point", "coordinates": [ 35.71145, 34.167054 ] } },
{ "type": "Feature", "properties": { "name_en": "Bejje", "name_ar": "بجه", "place_type": "village", "unique_id": "CAS_LBN34035", "district": "Jbeil", "governorate": "Keserwan-Jbeil" }, "geometry": { "type": "Point", "coordinates": [ 35.713558, 34.180175 ] } },
{ "type": "Feature", "properties": { "name_en": "Saqiet el Khait", "name_ar": "ساقية الخيط", "place_type": "village", "unique_id": "CAS_LBN34194", "district": "Jbeil", "governorate": "Keserwan-Jbeil" }, "geometry": { "type": "Point", "coordinates": [ 35.713758, 34.161222 ] } },
{ "type": "Feature", "properties": { "name_en": "Mahmarat Bejje", "name_ar": "محمرة بجّه", "place_type": "village", "unique_id": "CAS_LBN34150", "district": "Jbeil", "governorate": "Keserwan-Jbeil" }, "geometry": { "type": "Point", "coordinates": [ 35.727217, 34.175972 ] } },
{ "type": "Feature", "properties": { "name_en": "Aabeidat", "name_ar": "عبيدات", "place_type": "village", "unique_id": "CAS_LBN34001", "district": "Jbeil", "governorate": "Keserwan-Jbeil" }, "geometry": { "type": "Point", "coordinates": [ 35.7282, 34.165055 ] } },
{ "type": "Feature", "properties": { "name_en": "Zelhmaya", "name_ar": "زلحمايا", "place_type": "village", "unique_id": "CAS_LBN34213", "district": "Jbeil", "governorate": "Keserwan-Jbeil" }, "geometry": { "type": "Point", "coordinates": [ 35.660592, 34.078628 ] } },
{ "type": "Feature", "properties": { "name_en": "El Aambra", "name_ar": "العمبرا", "place_type": "village", "unique_id": "CAS_LBN34068", "district": "Jbeil", "governorate": "Keserwan-Jbeil" }, "geometry": { "type": "Point", "coordinates": [ 35.661623, 34.082142 ] } },
{ "type": "Feature", "properties": { "name_en": "Halat", "name_ar": "حالات", "place_type": "village", "unique_id": "CAS_LBN34101", "district": "Jbeil", "governorate": "Keserwan-Jbeil" }, "geometry": { "type": "Point", "coordinates": [ 35.652686, 34.082904 ] } },
{ "type": "Feature", "properties": { "name_en": "Mouftah el Mir", "name_ar": "مفتاح المير", "place_type": "village", "unique_id": "CAS_LBN34170", "district": "Jbeil", "governorate": "Keserwan-Jbeil" }, "geometry": { "type": "Point", "coordinates": [ 35.668149, 34.083929 ] } },
{ "type": "Feature", "properties": { "name_en": "Halat", "name_ar": "حالات", "place_type": "town", "unique_id": "OSM_node/4747728043", "district": "Jbeil", "governorate": "Keserwan-Jbeil" }, "geometry": { "type": "Point", "coordinates": [ 35.65846590000001, 34.08420510000002 ] } },
{ "type": "Feature", "properties": { "name_en": "Naqour", "name_ar": "نقور", "place_type": "village", "unique_id": "CAS_LBN34084", "district": "Jbeil", "governorate": "Keserwan-Jbeil" }, "geometry": { "type": "Point", "coordinates": [ 35.662564, 34.087072 ] } },
{ "type": "Feature", "properties": { "name_en": "Hay El Baalbakiye", "name_ar": "حي البعلبكية", "place_type": "village", "unique_id": "CAS_LBN34106", "district": "Jbeil", "governorate": "Keserwan-Jbeil" }, "geometry": { "type": "Point", "coordinates": [ 35.649894, 34.087206 ] } },
{ "type": "Feature", "properties": { "name_en": "Beit El Boume", "name_ar": "بيت البومة", "place_type": "village", "unique_id": "CAS_LBN34033", "district": "Jbeil", "governorate": "Keserwan-Jbeil" }, "geometry": { "type": "Point", "coordinates": [ 35.654085, 34.091079 ] } },
{ "type": "Feature", "properties": { "name_en": "Chaabiyat el Fawqa", "name_ar": "شعبيات الفوقا", "place_type": "village", "unique_id": "CAS_LBN34049", "district": "Jbeil", "governorate": "Keserwan-Jbeil" }, "geometry": { "type": "Point", "coordinates": [ 35.672061, 34.092407 ] } },
{ "type": "Feature", "properties": { "name_en": "Doueir", "name_ar": "الدوير", "place_type": "village", "unique_id": "CAS_LBN34063", "district": "Jbeil", "governorate": "Keserwan-Jbeil" }, "geometry": { "type": "Point", "coordinates": [ 35.657257, 34.095268 ] } },
{ "type": "Feature", "properties": { "name_en": "Fidar", "name_ar": "الفيدار", "place_type": "village", "unique_id": "CAS_LBN34090", "district": "Jbeil", "governorate": "Keserwan-Jbeil" }, "geometry": { "type": "Point", "coordinates": [ 35.650744, 34.097505 ] } },
{ "type": "Feature", "properties": { "name_en": "Maaytiq", "name_ar": "معيتيق", "place_type": "village", "unique_id": "CAS_LBN34149", "district": "Jbeil", "governorate": "Keserwan-Jbeil" }, "geometry": { "type": "Point", "coordinates": [ 35.655481, 34.099295 ] } },
{ "type": "Feature", "properties": { "name_en": "Sirine", "name_ar": "سيران", "place_type": "village", "unique_id": "CAS_LBN34199", "district": "Jbeil", "governorate": "Keserwan-Jbeil" }, "geometry": { "type": "Point", "coordinates": [ 35.659894, 34.099463 ] } },
{ "type": "Feature", "properties": { "name_en": "Mestita", "name_ar": "مستيتا", "place_type": "village", "unique_id": "CAS_LBN34157", "district": "Jbeil", "governorate": "Keserwan-Jbeil" }, "geometry": { "type": "Point", "coordinates": [ 35.656853, 34.105975 ] } },
{ "type": "Feature", "properties": { "name_en": "El-Harf", "name_ar": "حرف قرطبون", "place_type": "village", "unique_id": "CAS_LBN34076", "district": "Jbeil", "governorate": "Keserwan-Jbeil" }, "geometry": { "type": "Point", "coordinates": [ 35.661852, 34.108142 ] } },
{ "type": "Feature", "properties": { "name_en": "Aainat", "name_ar": "عينات", "place_type": "village", "unique_id": "CAS_LBN34004", "district": "Jbeil", "governorate": "Keserwan-Jbeil" }, "geometry": { "type": "Point", "coordinates": [ 35.658927, 34.109635 ] } },
{ "type": "Feature", "properties": { "name_en": "Qartaboun", "name_ar": "قرطبون", "place_type": "village", "unique_id": "CAS_LBN34179", "district": "Jbeil", "governorate": "Keserwan-Jbeil" }, "geometry": { "type": "Point", "coordinates": [ 35.652642, 34.110989 ] } },
{ "type": "Feature", "properties": { "name_en": "Blat", "name_ar": "بلاط", "place_type": "village", "unique_id": "CAS_LBN34044", "district": "Jbeil", "governorate": "Keserwan-Jbeil" }, "geometry": { "type": "Point", "coordinates": [ 35.661836, 34.114003 ] } },
{ "type": "Feature", "properties": { "name_en": "Bekouane", "name_ar": "بكونا", "place_type": "village", "unique_id": "CAS_LBN34037", "district": "Jbeil", "governorate": "Keserwan-Jbeil" }, "geometry": { "type": "Point", "coordinates": [ 35.671217, 34.115156 ] } },
{ "type": "Feature", "properties": { "name_en": "El Biyade", "name_ar": "البياضة جبيل", "place_type": "village", "unique_id": "CAS_LBN34072", "district": "Jbeil", "governorate": "Keserwan-Jbeil" }, "geometry": { "type": "Point", "coordinates": [ 35.669584, 34.116308 ] } },
{ "type": "Feature", "properties": { "name_en": "Hourata", "name_ar": "حوراتا", "place_type": "village", "unique_id": "CAS_LBN34114", "district": "Jbeil", "governorate": "Keserwan-Jbeil" }, "geometry": { "type": "Point", "coordinates": [ 35.667329, 34.117892 ] } },
{ "type": "Feature", "properties": { "name_en": "Kfar Zbouna", "name_ar": "كفرزبونا", "place_type": "village", "unique_id": "CAS_LBN34138", "district": "Jbeil", "governorate": "Keserwan-Jbeil" }, "geometry": { "type": "Point", "coordinates": [ 35.666443, 34.120039 ] } },
{ "type": "Feature", "properties": { "name_en": "Jbail", "name_ar": "جبيل", "place_type": "village", "unique_id": "CAS_LBN34120", "district": "Jbeil", "governorate": "Keserwan-Jbeil" }, "geometry": { "type": "Point", "coordinates": [ 35.647114, 34.120422 ] } },
{ "type": "Feature", "properties": { "name_en": "Bmehrine", "name_ar": "بمهرين", "place_type": "village", "unique_id": "CAS_LBN34045", "district": "Jbeil", "governorate": "Keserwan-Jbeil" }, "geometry": { "type": "Point", "coordinates": [ 35.675736, 34.123286 ] } },
{ "type": "Feature", "properties": { "name_en": null, "name_ar": null, "place_type": "village", "unique_id": "OSM_node/9411056535", "district": "Jbeil", "governorate": "Keserwan-Jbeil" }, "geometry": { "type": "Point", "coordinates": [ 35.649115, 34.1288907 ] } },
{ "type": "Feature", "properties": { "name_en": "Byblos", "name_ar": "جبيل", "place_type": "town", "unique_id": "OSM_node/4746570478", "district": "Jbeil", "governorate": "Keserwan-Jbeil" }, "geometry": { "type": "Point", "coordinates": [ 35.6493557, 34.123695399999974 ] } },
{ "type": "Feature", "properties": { "name_en": "Christ Roi", "name_ar": "يسوع الملك", "place_type": "village", "unique_id": "CAS_LBN35041", "district": "Kesrwane", "governorate": "Keserwan-Jbeil" }, "geometry": { "type": "Point", "coordinates": [ 35.603084, 33.956387 ] } },
{ "type": "Feature", "properties": { "name_en": "Adonis Kesserwan", "name_ar": "أدونيس كسروان", "place_type": "village", "unique_id": "CAS_LBN35010", "district": "Kesrwane", "governorate": "Keserwan-Jbeil" }, "geometry": { "type": "Point", "coordinates": [ 35.610311, 33.962356 ] } },
{ "type": "Feature", "properties": { "name_en": "Deir saydet Louaize", "name_ar": "دير سيدة اللويزة", "place_type": "village", "unique_id": "CAS_LBN35050", "district": "Kesrwane", "governorate": "Keserwan-Jbeil" }, "geometry": { "type": "Point", "coordinates": [ 35.610848, 33.953371 ] } },
{ "type": "Feature", "properties": { "name_en": "Makhadet Nahr el Kalb", "name_ar": "مخاضة نهر الكلب", "place_type": "village", "unique_id": "CAS_LBN36121", "district": "Kesrwane", "governorate": "Keserwan-Jbeil" }, "geometry": { "type": "Point", "coordinates": [ 35.614438, 33.94582 ] } },
{ "type": "Feature", "properties": { "name_en": "Haret El Mir Zouk Mkayel", "name_ar": "حارة المير ذوق مكايل", "place_type": "village", "unique_id": "CAS_LBN35098", "district": "Kesrwane", "governorate": "Keserwan-Jbeil" }, "geometry": { "type": "Point", "coordinates": [ 35.614335, 33.9678 ] } },
{ "type": "Feature", "properties": { "name_en": "Jounieh Kaslik", "name_ar": "جونيه كسليك", "place_type": "village", "unique_id": "CAS_LBN35112", "district": "Kesrwane", "governorate": "Keserwan-Jbeil" }, "geometry": { "type": "Point", "coordinates": [ 35.620669, 33.983458 ] } },
{ "type": "Feature", "properties": { "name_en": "Nahr el Kalb", "name_ar": "نهر الكلب", "place_type": "village", "unique_id": "CAS_LBN35143", "district": "Kesrwane", "governorate": "Keserwan-Jbeil" }, "geometry": { "type": "Point", "coordinates": [ 35.598825, 33.95729 ] } },
{ "type": "Feature", "properties": { "name_en": "Ouata Nahr El Kelb", "name_ar": "وطى نهر الكلب", "place_type": "village", "unique_id": "CAS_LBN35148", "district": "Kesrwane", "governorate": "Keserwan-Jbeil" }, "geometry": { "type": "Point", "coordinates": [ 35.603203, 33.966264 ] } },
{ "type": "Feature", "properties": { "name_en": "Sarba", "name_ar": "صربا", "place_type": "village", "unique_id": "CAS_LBN35166", "district": "Kesrwane", "governorate": "Keserwan-Jbeil" }, "geometry": { "type": "Point", "coordinates": [ 35.621708, 33.975478 ] } },
{ "type": "Feature", "properties": { "name_en": "Zouk Mosbeh", "name_ar": "ذوق مصبح", "place_type": "village", "unique_id": "CAS_LBN35178", "district": "Kesrwane", "governorate": "Keserwan-Jbeil" }, "geometry": { "type": "Point", "coordinates": [ 35.619106, 33.955744 ] } },
{ "type": "Feature", "properties": { "name_en": "Zouq Mkayel", "name_ar": "ذوق مكايل", "place_type": "village", "unique_id": "CAS_LBN35179", "district": "Kesrwane", "governorate": "Keserwan-Jbeil" }, "geometry": { "type": "Point", "coordinates": [ 35.619653, 33.970122 ] } },
{ "type": "Feature", "properties": { "name_en": "Beit Khachbou", "name_ar": "بيت خشبو", "place_type": "village", "unique_id": "CAS_LBN35025", "district": "Kesrwane", "governorate": "Keserwan-Jbeil" }, "geometry": { "type": "Point", "coordinates": [ 35.628496, 33.963343 ] } },
{ "type": "Feature", "properties": { "name_en": "Bkirke", "name_ar": "بكركي", "place_type": "village", "unique_id": "CAS_LBN35029", "district": "Kesrwane", "governorate": "Keserwan-Jbeil" }, "geometry": { "type": "Point", "coordinates": [ 35.632883, 33.967869 ] } },
{ "type": "Feature", "properties": { "name_en": "Aintoura", "name_ar": "عينطورة", "place_type": "village", "unique_id": "CAS_LBN35018", "district": "Kesrwane", "governorate": "Keserwan-Jbeil" }, "geometry": { "type": "Point", "coordinates": [ 35.633978, 33.958922 ] } },
{ "type": "Feature", "properties": { "name_en": "Ghadir jounieh", "name_ar": "غادير جونيه", "place_type": "village", "unique_id": "CAS_LBN35089", "district": "Kesrwane", "governorate": "Keserwan-Jbeil" }, "geometry": { "type": "Point", "coordinates": [ 35.635997, 33.978631 ] } },
{ "type": "Feature", "properties": { "name_en": "Ain Er Rihane", "name_ar": "عين الريحان", "place_type": "village", "unique_id": "CAS_LBN35015", "district": "Kesrwane", "governorate": "Keserwan-Jbeil" }, "geometry": { "type": "Point", "coordinates": [ 35.644403, 33.957986 ] } },
{ "type": "Feature", "properties": { "name_en": "Beit El Kreidi", "name_ar": "بيت كريدي", "place_type": "village", "unique_id": "CAS_LBN35024", "district": "Kesrwane", "governorate": "Keserwan-Jbeil" }, "geometry": { "type": "Point", "coordinates": [ 35.646442, 33.961242 ] } },
{ "type": "Feature", "properties": { "name_en": "Deir Hrach", "name_ar": "دير حراش", "place_type": "village", "unique_id": "CAS_LBN35049", "district": "Kesrwane", "governorate": "Keserwan-Jbeil" }, "geometry": { "type": "Point", "coordinates": [ 35.646914, 33.968106 ] } },
{ "type": "Feature", "properties": { "name_en": "Haret Sakher", "name_ar": "حارة صخر", "place_type": "village", "unique_id": "CAS_LBN35100", "district": "Kesrwane", "governorate": "Keserwan-Jbeil" }, "geometry": { "type": "Point", "coordinates": [ 35.642928, 33.988931 ] } },
{ "type": "Feature", "properties": { "name_en": "Harissa", "name_ar": "حريصا", "place_type": "village", "unique_id": "CAS_LBN35103", "district": "Kesrwane", "governorate": "Keserwan-Jbeil" }, "geometry": { "type": "Point", "coordinates": [ 35.651375, 33.981663 ] } },
{ "type": "Feature", "properties": { "name_en": "Jitta", "name_ar": "جعيتا", "place_type": "village", "unique_id": "CAS_LBN35109", "district": "Kesrwane", "governorate": "Keserwan-Jbeil" }, "geometry": { "type": "Point", "coordinates": [ 35.642547, 33.953525 ] } },
{ "type": "Feature", "properties": { "name_en": "Jounieh", "name_ar": "جونيه", "place_type": "city", "unique_id": "CAS_LBN35111", "district": "Kesrwane", "governorate": "Keserwan-Jbeil" }, "geometry": { "type": "Point", "coordinates": [ 35.638183, 33.98231 ] } },
{ "type": "Feature", "properties": { "name_en": "Mazzarat Er Ras", "name_ar": "مزرعة الراس", "place_type": "village", "unique_id": "CAS_LBN35133", "district": "Kesrwane", "governorate": "Keserwan-Jbeil" }, "geometry": { "type": "Point", "coordinates": [ 35.630805, 33.951099 ] } },
{ "type": "Feature", "properties": { "name_en": "Mchaa Faraya", "name_ar": "مشاع فاريا", "place_type": "village", "unique_id": "CAS_LBN35181", "district": "Kesrwane", "governorate": "Keserwan-Jbeil" }, "geometry": { "type": "Point", "coordinates": [ 35.853531, 34.034093 ] } },
{ "type": "Feature", "properties": { "name_en": "Mchaa Kfar Dibian", "name_ar": "مشاع كفر ذبيان", "place_type": "village", "unique_id": "CAS_LBN35180", "district": "Kesrwane", "governorate": "Keserwan-Jbeil" }, "geometry": { "type": "Point", "coordinates": [ 35.875393, 33.982042 ] } },
{ "type": "Feature", "properties": { "name_en": "Mchaa El Ftouh", "name_ar": "مشاع الفتوح", "place_type": "village", "unique_id": "CAS_LBN35182", "district": "Kesrwane", "governorate": "Keserwan-Jbeil" }, "geometry": { "type": "Point", "coordinates": [ 35.902905, 34.033201 ] } },
{ "type": "Feature", "properties": { "name_en": "Ouata Slam", "name_ar": "وطى سلام", "place_type": "village", "unique_id": "CAS_LBN35149", "district": "Kesrwane", "governorate": "Keserwan-Jbeil" }, "geometry": { "type": "Point", "coordinates": [ 35.627439, 34.021622 ] } },
{ "type": "Feature", "properties": { "name_en": "Tabarja", "name_ar": "طبرجا", "place_type": "village", "unique_id": "CAS_LBN35170", "district": "Kesrwane", "governorate": "Keserwan-Jbeil" }, "geometry": { "type": "Point", "coordinates": [ 35.629049, 34.030493 ] } },
{ "type": "Feature", "properties": { "name_en": "Ayn Es Safra", "name_ar": "عين الصفرا", "place_type": "village", "unique_id": "CAS_LBN35065", "district": "Kesrwane", "governorate": "Keserwan-Jbeil" }, "geometry": { "type": "Point", "coordinates": [ 35.62971, 34.042681 ] } },
{ "type": "Feature", "properties": { "name_en": "Dqarine", "name_ar": "دقارين", "place_type": "village", "unique_id": "CAS_LBN35056", "district": "Kesrwane", "governorate": "Keserwan-Jbeil" }, "geometry": { "type": "Point", "coordinates": [ 35.62972, 34.035344 ] } },
{ "type": "Feature", "properties": { "name_en": "Ramiet Kfaryasin", "name_ar": "رامية كفر ياسين", "place_type": "village", "unique_id": "CAS_LBN35161", "district": "Kesrwane", "governorate": "Keserwan-Jbeil" }, "geometry": { "type": "Point", "coordinates": [ 35.630225, 34.020278 ] } },
{ "type": "Feature", "properties": { "name_en": "Bouar", "name_ar": "بوار", "place_type": "village", "unique_id": "CAS_LBN35031", "district": "Kesrwane", "governorate": "Keserwan-Jbeil" }, "geometry": { "type": "Point", "coordinates": [ 35.631242, 34.045719 ] } },
{ "type": "Feature", "properties": { "name_en": "Kfaryassine", "name_ar": "كفر ياسين", "place_type": "village", "unique_id": "CAS_LBN35121", "district": "Kesrwane", "governorate": "Keserwan-Jbeil" }, "geometry": { "type": "Point", "coordinates": [ 35.633908, 34.025008 ] } },
{ "type": "Feature", "properties": { "name_en": "Qmayrze", "name_ar": "قميزرة", "place_type": "village", "unique_id": "CAS_LBN35157", "district": "Kesrwane", "governorate": "Keserwan-Jbeil" }, "geometry": { "type": "Point", "coordinates": [ 35.640385, 34.049978 ] } },
{ "type": "Feature", "properties": { "name_en": "Safra kesrwane", "name_ar": "صفرا كسروان", "place_type": "village", "unique_id": "CAS_LBN35163", "district": "Kesrwane", "governorate": "Keserwan-Jbeil" }, "geometry": { "type": "Point", "coordinates": [ 35.640483, 34.0387 ] } },
{ "type": "Feature", "properties": { "name_en": "El Aaqaybe Kesrouane", "name_ar": "عقيبة", "place_type": "village", "unique_id": "CAS_LBN35063", "district": "Kesrwane", "governorate": "Keserwan-Jbeil" }, "geometry": { "type": "Point", "coordinates": [ 35.642243, 34.057548 ] } },
{ "type": "Feature", "properties": { "name_en": "Edma et Dafne", "name_ar": "أدما والدفنه", "place_type": "village", "unique_id": "CAS_LBN35009", "district": "Kesrwane", "governorate": "Keserwan-Jbeil" }, "geometry": { "type": "Point", "coordinates": [ 35.642758, 34.02195 ] } },
{ "type": "Feature", "properties": { "name_en": "Maamelteine", "name_ar": "معاملتين", "place_type": "village", "unique_id": "CAS_LBN35126", "district": "Kesrwane", "governorate": "Keserwan-Jbeil" }, "geometry": { "type": "Point", "coordinates": [ 35.644842, 34.007911 ] } },
{ "type": "Feature", "properties": { "name_en": "Kfarshihham", "name_ar": "كفر شيحام", "place_type": "village", "unique_id": "CAS_LBN35120", "district": "Kesrwane", "governorate": "Keserwan-Jbeil" }, "geometry": { "type": "Point", "coordinates": [ 35.649397, 34.053017 ] } },
{ "type": "Feature", "properties": { "name_en": "Chaab", "name_ar": "شعب", "place_type": "village", "unique_id": "CAS_LBN35036", "district": "Kesrwane", "governorate": "Keserwan-Jbeil" }, "geometry": { "type": "Point", "coordinates": [ 35.649408, 34.045769 ] } },
{ "type": "Feature", "properties": { "name_en": "Bqaq Ed Dine", "name_ar": "بقاق الدين", "place_type": "village", "unique_id": "CAS_LBN35033", "district": "Kesrwane", "governorate": "Keserwan-Jbeil" }, "geometry": { "type": "Point", "coordinates": [ 35.65145, 34.055628 ] } },
{ "type": "Feature", "properties": { "name_en": "Adma", "name_ar": "أدما و الدفنه", "place_type": "village", "unique_id": "OSM_node/289417546", "district": "Kesrwane", "governorate": "Keserwan-Jbeil" }, "geometry": { "type": "Point", "coordinates": [ 35.6540175, 34.0266183 ] } },
{ "type": "Feature", "properties": { "name_en": "Sahel Aalma", "name_ar": "ساحل علما", "place_type": "village", "unique_id": "CAS_LBN35164", "district": "Kesrwane", "governorate": "Keserwan-Jbeil" }, "geometry": { "type": "Point", "coordinates": [ 35.654044, 33.993607 ] } },
{ "type": "Feature", "properties": { "name_en": "Shaile", "name_ar": "سهيلة", "place_type": "village", "unique_id": "CAS_LBN35167", "district": "Kesrwane", "governorate": "Keserwan-Jbeil" }, "geometry": { "type": "Point", "coordinates": [ 35.65481, 33.95699 ] } },
{ "type": "Feature", "properties": { "name_en": "Daraaoun", "name_ar": "درعون", "place_type": "village", "unique_id": "CAS_LBN35045", "district": "Kesrwane", "governorate": "Keserwan-Jbeil" }, "geometry": { "type": "Point", "coordinates": [ 35.658019, 33.976795 ] } },
{ "type": "Feature", "properties": { "name_en": "Deir Baklouche", "name_ar": "دير بقلوش", "place_type": "village", "unique_id": "CAS_LBN35048", "district": "Kesrwane", "governorate": "Keserwan-Jbeil" }, "geometry": { "type": "Point", "coordinates": [ 35.658117, 33.991335 ] } },
{ "type": "Feature", "properties": { "name_en": "Ed Daoura Shaile", "name_ar": "دورة سهيلة", "place_type": "village", "unique_id": "CAS_LBN35061", "district": "Kesrwane", "governorate": "Keserwan-Jbeil" }, "geometry": { "type": "Point", "coordinates": [ 35.66001, 33.960571 ] } },
{ "type": "Feature", "properties": { "name_en": "Batha", "name_ar": "بطحا", "place_type": "village", "unique_id": "CAS_LBN35021", "district": "Kesrwane", "governorate": "Keserwan-Jbeil" }, "geometry": { "type": "Point", "coordinates": [ 35.661492, 33.989728 ] } },
{ "type": "Feature", "properties": { "name_en": "Deir Nisbey", "name_ar": "دير نسبيه", "place_type": "village", "unique_id": "CAS_LBN35051", "district": "Kesrwane", "governorate": "Keserwan-Jbeil" }, "geometry": { "type": "Point", "coordinates": [ 35.667558, 33.984529 ] } },
{ "type": "Feature", "properties": { "name_en": "Deir Ram Bou Daqen", "name_ar": "دير رام بو دقن", "place_type": "village", "unique_id": "CAS_LBN35052", "district": "Kesrwane", "governorate": "Keserwan-Jbeil" }, "geometry": { "type": "Point", "coordinates": [ 35.667703, 33.953533 ] } },
{ "type": "Feature", "properties": { "name_en": "Aarabe Ghosta", "name_ar": "عربة غوسطا", "place_type": "village", "unique_id": "CAS_LBN35005", "district": "Kesrwane", "governorate": "Keserwan-Jbeil" }, "geometry": { "type": "Point", "coordinates": [ 35.669958, 33.994714 ] } },
{ "type": "Feature", "properties": { "name_en": "Ghosta", "name_ar": "غوسطا", "place_type": "village", "unique_id": "CAS_LBN35095", "district": "Kesrwane", "governorate": "Keserwan-Jbeil" }, "geometry": { "type": "Point", "coordinates": [ 35.671303, 33.988381 ] } },
{ "type": "Feature", "properties": { "name_en": "Balloune", "name_ar": "بلونة", "place_type": "village", "unique_id": "CAS_LBN35020", "district": "Kesrwane", "governorate": "Keserwan-Jbeil" }, "geometry": { "type": "Point", "coordinates": [ 35.67224, 33.948768 ] } },
{ "type": "Feature", "properties": { "name_en": "El Massiaf", "name_ar": "مصيف", "place_type": "village", "unique_id": "CAS_LBN35072", "district": "Kesrwane", "governorate": "Keserwan-Jbeil" }, "geometry": { "type": "Point", "coordinates": [ 35.672578, 33.954966 ] } },
{ "type": "Feature", "properties": { "name_en": "Ballouneh", "name_ar": "بلونة", "place_type": "town", "unique_id": "OSM_node/4947219586", "district": "Kesrwane", "governorate": "Keserwan-Jbeil" }, "geometry": { "type": "Point", "coordinates": [ 35.676679, 33.953692900000021 ] } },
{ "type": "Feature", "properties": { "name_en": "Nammoura", "name_ar": "النموره", "place_type": "village", "unique_id": "CAS_LBN35144", "district": "Kesrwane", "governorate": "Keserwan-Jbeil" }, "geometry": { "type": "Point", "coordinates": [ 35.677541, 33.958571 ] } },
{ "type": "Feature", "properties": { "name_en": "Aajaltoun", "name_ar": "عجلتون", "place_type": "village", "unique_id": "CAS_LBN35004", "district": "Kesrwane", "governorate": "Keserwan-Jbeil" }, "geometry": { "type": "Point", "coordinates": [ 35.679883, 33.965903 ] } },
{ "type": "Feature", "properties": { "name_en": "Saidet Bzoummar", "name_ar": "دير سيدة بزمار", "place_type": "village", "unique_id": "CAS_LBN35165", "district": "Kesrwane", "governorate": "Keserwan-Jbeil" }, "geometry": { "type": "Point", "coordinates": [ 35.681643, 33.98426 ] } },
{ "type": "Feature", "properties": { "name_en": "Bzoummar", "name_ar": "بزمار", "place_type": "village", "unique_id": "CAS_LBN35035", "district": "Kesrwane", "governorate": "Keserwan-Jbeil" }, "geometry": { "type": "Point", "coordinates": [ 35.682675, 33.988211 ] } },
{ "type": "Feature", "properties": { "name_en": "Hariqa", "name_ar": "حريقة", "place_type": "village", "unique_id": "CAS_LBN35101", "district": "Kesrwane", "governorate": "Keserwan-Jbeil" }, "geometry": { "type": "Point", "coordinates": [ 35.685447, 33.959653 ] } },
{ "type": "Feature", "properties": { "name_en": "Qalaat Maarab", "name_ar": "قلعة معراب", "place_type": "village", "unique_id": "CAS_LBN35151", "district": "Kesrwane", "governorate": "Keserwan-Jbeil" }, "geometry": { "type": "Point", "coordinates": [ 35.687061, 33.994452 ] } },
{ "type": "Feature", "properties": { "name_en": "Daasse", "name_ar": "دعسه", "place_type": "village", "unique_id": "CAS_LBN35042", "district": "Kesrwane", "governorate": "Keserwan-Jbeil" }, "geometry": { "type": "Point", "coordinates": [ 35.680636, 34.037503 ] } },
{ "type": "Feature", "properties": { "name_en": "Ghadras", "name_ar": "غدراس", "place_type": "village", "unique_id": "CAS_LBN35090", "district": "Kesrwane", "governorate": "Keserwan-Jbeil" }, "geometry": { "type": "Point", "coordinates": [ 35.678169, 34.044319 ] } },
{ "type": "Feature", "properties": { "name_en": "Mar Nouhra", "name_ar": "مار نهرا", "place_type": "village", "unique_id": "CAS_LBN35130", "district": "Kesrwane", "governorate": "Keserwan-Jbeil" }, "geometry": { "type": "Point", "coordinates": [ 35.677111, 34.035494 ] } },
{ "type": "Feature", "properties": { "name_en": "Qarsa", "name_ar": "قرصة", "place_type": "village", "unique_id": "CAS_LBN35154", "district": "Kesrwane", "governorate": "Keserwan-Jbeil" }, "geometry": { "type": "Point", "coordinates": [ 35.686044, 34.0476 ] } },
{ "type": "Feature", "properties": { "name_en": "Qouwale", "name_ar": "قواله", "place_type": "village", "unique_id": "CAS_LBN35158", "district": "Kesrwane", "governorate": "Keserwan-Jbeil" }, "geometry": { "type": "Point", "coordinates": [ 35.654395, 34.063298 ] } },
{ "type": "Feature", "properties": { "name_en": "Ech Chqif Bqaatouta", "name_ar": "شقيف بقعتوتا", "place_type": "village", "unique_id": "CAS_LBN35058", "district": "Kesrwane", "governorate": "Keserwan-Jbeil" }, "geometry": { "type": "Point", "coordinates": [ 35.784399, 33.97345 ] } },
{ "type": "Feature", "properties": { "name_en": "Faqra", "name_ar": "فقرا", "place_type": "village", "unique_id": "OSM_node/7650510231", "district": "Kesrwane", "governorate": "Keserwan-Jbeil" }, "geometry": { "type": "Point", "coordinates": [ 35.80993239999998, 33.983585 ] } },
{ "type": "Feature", "properties": { "name_en": "Es Shoum Kfar Debiane", "name_ar": "شوم كفر ذبيان", "place_type": "village", "unique_id": "CAS_LBN35076", "district": "Kesrwane", "governorate": "Keserwan-Jbeil" }, "geometry": { "type": "Point", "coordinates": [ 35.786183, 33.988032 ] } },
{ "type": "Feature", "properties": { "name_en": "Qalaa Kfardibiane", "name_ar": "قلعة كفر ذبيان", "place_type": "village", "unique_id": "CAS_LBN35150", "district": "Kesrwane", "governorate": "Keserwan-Jbeil" }, "geometry": { "type": "Point", "coordinates": [ 35.786572, 33.990511 ] } },
{ "type": "Feature", "properties": { "name_en": "Broummana Kfar Dibian", "name_ar": "برمانا كفر ذبيان", "place_type": "village", "unique_id": "CAS_LBN35034", "district": "Kesrwane", "governorate": "Keserwan-Jbeil" }, "geometry": { "type": "Point", "coordinates": [ 35.791316, 33.993118 ] } },
{ "type": "Feature", "properties": { "name_en": "Aayoun es Simane", "name_ar": "عيون السيمان", "place_type": "village", "unique_id": "CAS_LBN35007", "district": "Kesrwane", "governorate": "Keserwan-Jbeil" }, "geometry": { "type": "Point", "coordinates": [ 35.836103, 33.994353 ] } },
{ "type": "Feature", "properties": { "name_en": "Faqra", "name_ar": "فقرا", "place_type": "village", "unique_id": "CAS_LBN35084", "district": "Kesrwane", "governorate": "Keserwan-Jbeil" }, "geometry": { "type": "Point", "coordinates": [ 35.806836, 33.998275 ] } },
{ "type": "Feature", "properties": { "name_en": "Kfardebian", "name_ar": "كفردبيان", "place_type": "village", "unique_id": "OSM_node/7232956721", "district": "Kesrwane", "governorate": "Keserwan-Jbeil" }, "geometry": { "type": "Point", "coordinates": [ 35.8338774, 34.002379099999985 ] } },
{ "type": "Feature", "properties": { "name_en": "El Hara Mairouba", "name_ar": "حارة ميروبا", "place_type": "village", "unique_id": "CAS_LBN35067", "district": "Kesrwane", "governorate": "Keserwan-Jbeil" }, "geometry": { "type": "Point", "coordinates": [ 35.783044, 34.011996 ] } },
{ "type": "Feature", "properties": { "name_en": "Deraali", "name_ar": "درعليه", "place_type": "village", "unique_id": "CAS_LBN35055", "district": "Kesrwane", "governorate": "Keserwan-Jbeil" }, "geometry": { "type": "Point", "coordinates": [ 35.816306, 34.012326 ] } },
{ "type": "Feature", "properties": { "name_en": "Nabaa el Mghara", "name_ar": "نبع المغارة", "place_type": "village", "unique_id": "CAS_LBN35140", "district": "Kesrwane", "governorate": "Keserwan-Jbeil" }, "geometry": { "type": "Point", "coordinates": [ 35.798812, 34.012518 ] } },
{ "type": "Feature", "properties": { "name_en": "El Qarqouf", "name_ar": "قرقوف", "place_type": "village", "unique_id": "CAS_LBN35074", "district": "Kesrwane", "governorate": "Keserwan-Jbeil" }, "geometry": { "type": "Point", "coordinates": [ 35.805458, 34.013509 ] } },
{ "type": "Feature", "properties": { "name_en": "El Qacha", "name_ar": "قشا", "place_type": "village", "unique_id": "CAS_LBN35073", "district": "Kesrwane", "governorate": "Keserwan-Jbeil" }, "geometry": { "type": "Point", "coordinates": [ 35.789403, 34.014126 ] } },
{ "type": "Feature", "properties": { "name_en": "Dahr el Qattine", "name_ar": "ضهر القطين", "place_type": "village", "unique_id": "CAS_LBN35044", "district": "Kesrwane", "governorate": "Keserwan-Jbeil" }, "geometry": { "type": "Point", "coordinates": [ 35.803933, 34.015992 ] } },
{ "type": "Feature", "properties": { "name_en": "Faraiya", "name_ar": "فاريا", "place_type": "village", "unique_id": "CAS_LBN35085", "district": "Kesrwane", "governorate": "Keserwan-Jbeil" }, "geometry": { "type": "Point", "coordinates": [ 35.819339, 34.016121 ] } },
{ "type": "Feature", "properties": { "name_en": "Hrajel", "name_ar": "حراجل", "place_type": "village", "unique_id": "CAS_LBN35107", "district": "Kesrwane", "governorate": "Keserwan-Jbeil" }, "geometry": { "type": "Point", "coordinates": [ 35.792537, 34.017308 ] } },
{ "type": "Feature", "properties": { "name_en": "Es Slayekh", "name_ar": "السلايخ", "place_type": "village", "unique_id": "CAS_LBN35077", "district": "Kesrwane", "governorate": "Keserwan-Jbeil" }, "geometry": { "type": "Point", "coordinates": [ 35.784159, 34.019096 ] } },
{ "type": "Feature", "properties": { "name_en": "El Ghouabi", "name_ar": "غوابي", "place_type": "village", "unique_id": "CAS_LBN35066", "district": "Kesrwane", "governorate": "Keserwan-Jbeil" }, "geometry": { "type": "Point", "coordinates": [ 35.787627, 34.05231 ] } },
{ "type": "Feature", "properties": { "name_en": "Aabri", "name_ar": "عبري", "place_type": "village", "unique_id": "CAS_LBN35001", "district": "Kesrwane", "governorate": "Keserwan-Jbeil" }, "geometry": { "type": "Point", "coordinates": [ 35.783246, 34.076025 ] } },
{ "type": "Feature", "properties": { "name_en": "Maarab", "name_ar": "معراب", "place_type": "village", "unique_id": "CAS_LBN35127", "district": "Kesrwane", "governorate": "Keserwan-Jbeil" }, "geometry": { "type": "Point", "coordinates": [ 35.679364, 33.999538 ] } },
{ "type": "Feature", "properties": { "name_en": "Ksayer", "name_ar": "كساير", "place_type": "village", "unique_id": "CAS_LBN35125", "district": "Kesrwane", "governorate": "Keserwan-Jbeil" }, "geometry": { "type": "Point", "coordinates": [ 35.681544, 34.006211 ] } },
{ "type": "Feature", "properties": { "name_en": "Chnanaair", "name_ar": "شننعير", "place_type": "village", "unique_id": "CAS_LBN35038", "district": "Kesrwane", "governorate": "Keserwan-Jbeil" }, "geometry": { "type": "Point", "coordinates": [ 35.669189, 34.007022 ] } },
{ "type": "Feature", "properties": { "name_en": "Esh Shahoute", "name_ar": "الشاحوط", "place_type": "village", "unique_id": "CAS_LBN35079", "district": "Kesrwane", "governorate": "Keserwan-Jbeil" }, "geometry": { "type": "Point", "coordinates": [ 35.691376, 34.007283 ] } },
{ "type": "Feature", "properties": { "name_en": "Delbta", "name_ar": "دلبتا", "place_type": "village", "unique_id": "CAS_LBN35054", "district": "Kesrwane", "governorate": "Keserwan-Jbeil" }, "geometry": { "type": "Point", "coordinates": [ 35.688061, 34.007983 ] } },
{ "type": "Feature", "properties": { "name_en": "Et Tarouaa", "name_ar": "التروع", "place_type": "village", "unique_id": "CAS_LBN35080", "district": "Kesrwane", "governorate": "Keserwan-Jbeil" }, "geometry": { "type": "Point", "coordinates": [ 35.692219, 34.010024 ] } },
{ "type": "Feature", "properties": { "name_en": "El Kharayeb Dlebta", "name_ar": "الخرايب دلبتا", "place_type": "village", "unique_id": "CAS_LBN35069", "district": "Kesrwane", "governorate": "Keserwan-Jbeil" }, "geometry": { "type": "Point", "coordinates": [ 35.689403, 34.010375 ] } },
{ "type": "Feature", "properties": { "name_en": "Kfar Hbab", "name_ar": "كفرحباب", "place_type": "village", "unique_id": "CAS_LBN35118", "district": "Kesrwane", "governorate": "Keserwan-Jbeil" }, "geometry": { "type": "Point", "coordinates": [ 35.6601, 34.011558 ] } },
{ "type": "Feature", "properties": { "name_en": "Dayr Saydet el Haqle", "name_ar": "دير سيدة الحقلة", "place_type": "village", "unique_id": "CAS_LBN35047", "district": "Kesrwane", "governorate": "Keserwan-Jbeil" }, "geometry": { "type": "Point", "coordinates": [ 35.693909, 34.011895 ] } },
{ "type": "Feature", "properties": { "name_en": "Aafs kesrwane", "name_ar": "عفص كسروان", "place_type": "village", "unique_id": "CAS_LBN35003", "district": "Kesrwane", "governorate": "Keserwan-Jbeil" }, "geometry": { "type": "Point", "coordinates": [ 35.679289, 34.013797 ] } },
{ "type": "Feature", "properties": { "name_en": "Ghazir", "name_ar": "غزير", "place_type": "town", "unique_id": "OSM_node/4748423550", "district": "Kesrwane", "governorate": "Keserwan-Jbeil" }, "geometry": { "type": "Point", "coordinates": [ 35.660911699999986, 34.016156200000012 ] } },
{ "type": "Feature", "properties": { "name_en": "Rihane Kesrwane", "name_ar": "ريحان كسروان", "place_type": "village", "unique_id": "CAS_LBN35162", "district": "Kesrwane", "governorate": "Keserwan-Jbeil" }, "geometry": { "type": "Point", "coordinates": [ 35.687685, 34.018419 ] } },
{ "type": "Feature", "properties": { "name_en": "Ghazir", "name_ar": "غزير", "place_type": "village", "unique_id": "CAS_LBN35091", "district": "Kesrwane", "governorate": "Keserwan-Jbeil" }, "geometry": { "type": "Point", "coordinates": [ 35.668961, 34.018722 ] } },
{ "type": "Feature", "properties": { "name_en": "Zleikat", "name_ar": "زليكات", "place_type": "village", "unique_id": "CAS_LBN35177", "district": "Kesrwane", "governorate": "Keserwan-Jbeil" }, "geometry": { "type": "Point", "coordinates": [ 35.681992, 34.019417 ] } },
{ "type": "Feature", "properties": { "name_en": "Ez Zaaytriye", "name_ar": "زعيترية", "place_type": "village", "unique_id": "CAS_LBN35081", "district": "Kesrwane", "governorate": "Keserwan-Jbeil" }, "geometry": { "type": "Point", "coordinates": [ 35.661903, 34.021939 ] } },
{ "type": "Feature", "properties": { "name_en": "Jdaidet Ghazir", "name_ar": "جديدة غزير", "place_type": "village", "unique_id": "CAS_LBN35108", "district": "Kesrwane", "governorate": "Keserwan-Jbeil" }, "geometry": { "type": "Point", "coordinates": [ 35.69207, 34.02226 ] } },
{ "type": "Feature", "properties": { "name_en": "Ed Dahr", "name_ar": "الضهر", "place_type": "village", "unique_id": "CAS_LBN35059", "district": "Kesrwane", "governorate": "Keserwan-Jbeil" }, "geometry": { "type": "Point", "coordinates": [ 35.69055, 34.027739 ] } },
{ "type": "Feature", "properties": { "name_en": "Kfour", "name_ar": "الكفور", "place_type": "village", "unique_id": "CAS_LBN35122", "district": "Kesrwane", "governorate": "Keserwan-Jbeil" }, "geometry": { "type": "Point", "coordinates": [ 35.693641, 34.031432 ] } },
{ "type": "Feature", "properties": { "name_en": "Fatqa", "name_ar": "فتقا", "place_type": "village", "unique_id": "CAS_LBN35086", "district": "Kesrwane", "governorate": "Keserwan-Jbeil" }, "geometry": { "type": "Point", "coordinates": [ 35.664456, 34.033303 ] } },
{ "type": "Feature", "properties": { "name_en": "Bayader Fatqa", "name_ar": "بيادر فتقا", "place_type": "village", "unique_id": "CAS_LBN35022", "district": "Kesrwane", "governorate": "Keserwan-Jbeil" }, "geometry": { "type": "Point", "coordinates": [ 35.670483, 34.036375 ] } },
{ "type": "Feature", "properties": { "name_en": "Qarqara", "name_ar": "قرقرا", "place_type": "village", "unique_id": "CAS_LBN35152", "district": "Kesrwane", "governorate": "Keserwan-Jbeil" }, "geometry": { "type": "Point", "coordinates": [ 35.667063, 34.038845 ] } },
{ "type": "Feature", "properties": { "name_en": "Kfar Jrif", "name_ar": "كفر جريف", "place_type": "village", "unique_id": "CAS_LBN35119", "district": "Kesrwane", "governorate": "Keserwan-Jbeil" }, "geometry": { "type": "Point", "coordinates": [ 35.667092, 34.051283 ] } },
{ "type": "Feature", "properties": { "name_en": "Nmoura", "name_ar": "نمورة", "place_type": "village", "unique_id": "CAS_LBN35145", "district": "Kesrwane", "governorate": "Keserwan-Jbeil" }, "geometry": { "type": "Point", "coordinates": [ 35.673514, 34.052242 ] } },
{ "type": "Feature", "properties": { "name_en": "Dahr Badris", "name_ar": "ضهر بدريس", "place_type": "village", "unique_id": "CAS_LBN35043", "district": "Kesrwane", "governorate": "Keserwan-Jbeil" }, "geometry": { "type": "Point", "coordinates": [ 35.662269, 34.0526 ] } },
{ "type": "Feature", "properties": { "name_en": "Sirje", "name_ar": "سيرجه", "place_type": "village", "unique_id": "CAS_LBN35168", "district": "Kesrwane", "governorate": "Keserwan-Jbeil" }, "geometry": { "type": "Point", "coordinates": [ 35.665433, 34.054189 ] } },
{ "type": "Feature", "properties": { "name_en": "Zeitoun", "name_ar": "زيتون", "place_type": "village", "unique_id": "CAS_LBN35176", "district": "Kesrwane", "governorate": "Keserwan-Jbeil" }, "geometry": { "type": "Point", "coordinates": [ 35.683172, 34.061792 ] } },
{ "type": "Feature", "properties": { "name_en": "Khalal", "name_ar": "خلال", "place_type": "village", "unique_id": "CAS_LBN35123", "district": "Kesrwane", "governorate": "Keserwan-Jbeil" }, "geometry": { "type": "Point", "coordinates": [ 35.692514, 34.064136 ] } },
{ "type": "Feature", "properties": { "name_en": "Fanyoun", "name_ar": "فنيوان", "place_type": "village", "unique_id": "CAS_LBN35083", "district": "Kesrwane", "governorate": "Keserwan-Jbeil" }, "geometry": { "type": "Point", "coordinates": [ 35.670558, 34.065647 ] } },
{ "type": "Feature", "properties": { "name_en": "Zaaitra", "name_ar": "زعيتره", "place_type": "village", "unique_id": "CAS_LBN35174", "district": "Kesrwane", "governorate": "Keserwan-Jbeil" }, "geometry": { "type": "Point", "coordinates": [ 35.6954, 34.070166 ] } },
{ "type": "Feature", "properties": { "name_en": "Maaysra", "name_ar": "المعيصرة", "place_type": "village", "unique_id": "CAS_LBN35128", "district": "Kesrwane", "governorate": "Keserwan-Jbeil" }, "geometry": { "type": "Point", "coordinates": [ 35.685239, 34.071044 ] } },
{ "type": "Feature", "properties": { "name_en": "Beqaatet Kenaan", "name_ar": "بقعاتة كنعان", "place_type": "village", "unique_id": "OSM_node/5741941316", "district": "Kesrwane", "governorate": "Keserwan-Jbeil" }, "geometry": { "type": "Point", "coordinates": [ 35.7685459, 33.9635927 ] } },
{ "type": "Feature", "properties": { "name_en": "Biqaatet Kannane", "name_ar": "بقعاتة كنعان", "place_type": "village", "unique_id": "CAS_LBN35027", "district": "Kesrwane", "governorate": "Keserwan-Jbeil" }, "geometry": { "type": "Point", "coordinates": [ 35.7633, 33.964868 ] } },
{ "type": "Feature", "properties": { "name_en": "Bqaatouta", "name_ar": "بقعتوتا", "place_type": "village", "unique_id": "CAS_LBN35032", "district": "Kesrwane", "governorate": "Keserwan-Jbeil" }, "geometry": { "type": "Point", "coordinates": [ 35.770751, 33.972108 ] } },
{ "type": "Feature", "properties": { "name_en": "Bqaatouta", "name_ar": "بقعتوتا", "place_type": "village", "unique_id": "OSM_node/7885243012", "district": "Kesrwane", "governorate": "Keserwan-Jbeil" }, "geometry": { "type": "Point", "coordinates": [ 35.77751139999998, 33.9751071 ] } },
{ "type": "Feature", "properties": { "name_en": "Kfardibiane", "name_ar": "كفر دبيان", "place_type": "village", "unique_id": "CAS_LBN35132", "district": "Kesrwane", "governorate": "Keserwan-Jbeil" }, "geometry": { "type": "Point", "coordinates": [ 35.762203, 33.982761 ] } },
{ "type": "Feature", "properties": { "name_en": "Blat Mazraat Kfar Dibiane", "name_ar": "بلاط كفر ذبيان", "place_type": "village", "unique_id": "CAS_LBN35030", "district": "Kesrwane", "governorate": "Keserwan-Jbeil" }, "geometry": { "type": "Point", "coordinates": [ 35.756349, 33.985426 ] } },
{ "type": "Feature", "properties": { "name_en": "Jouret Ed Dardour", "name_ar": "جورة الدردور", "place_type": "village", "unique_id": "CAS_LBN35114", "district": "Kesrwane", "governorate": "Keserwan-Jbeil" }, "geometry": { "type": "Point", "coordinates": [ 35.777238, 33.989377 ] } },
{ "type": "Feature", "properties": { "name_en": "Beit Eid", "name_ar": "بيت عيد", "place_type": "village", "unique_id": "CAS_LBN35023", "district": "Kesrwane", "governorate": "Keserwan-Jbeil" }, "geometry": { "type": "Point", "coordinates": [ 35.694197, 33.990037 ] } },
{ "type": "Feature", "properties": { "name_en": "Mairouba", "name_ar": "ميروبا", "place_type": "village", "unique_id": "CAS_LBN35129", "district": "Kesrwane", "governorate": "Keserwan-Jbeil" }, "geometry": { "type": "Point", "coordinates": [ 35.773502, 34.014387 ] } },
{ "type": "Feature", "properties": { "name_en": "Wata Ej Jaouz", "name_ar": "وطى الجوز", "place_type": "village", "unique_id": "OSM_node/5860974363", "district": "Kesrwane", "governorate": "Keserwan-Jbeil" }, "geometry": { "type": "Point", "coordinates": [ 35.757411199999979, 34.015269600000011 ] } },
{ "type": "Feature", "properties": { "name_en": "Ain Et Tannour", "name_ar": "عين التنور", "place_type": "village", "unique_id": "CAS_LBN35016", "district": "Kesrwane", "governorate": "Keserwan-Jbeil" }, "geometry": { "type": "Point", "coordinates": [ 35.776978, 34.019844 ] } },
{ "type": "Feature", "properties": { "name_en": "Harharaya", "name_ar": "هرهريا", "place_type": "village", "unique_id": "CAS_LBN35183", "district": "Kesrwane", "governorate": "Keserwan-Jbeil" }, "geometry": { "type": "Point", "coordinates": [ 35.69471, 34.024158 ] } },
{ "type": "Feature", "properties": { "name_en": "Hayata", "name_ar": "حياطة", "place_type": "village", "unique_id": "CAS_LBN35104", "district": "Kesrwane", "governorate": "Keserwan-Jbeil" }, "geometry": { "type": "Point", "coordinates": [ 35.71767, 34.025099 ] } },
{ "type": "Feature", "properties": { "name_en": "Qattine", "name_ar": "القطين", "place_type": "village", "unique_id": "CAS_LBN35155", "district": "Kesrwane", "governorate": "Keserwan-Jbeil" }, "geometry": { "type": "Point", "coordinates": [ 35.70588, 34.025854 ] } },
{ "type": "Feature", "properties": { "name_en": "Ouata Ej Jaouz", "name_ar": "وطى الجوز", "place_type": "village", "unique_id": "CAS_LBN35146", "district": "Kesrwane", "governorate": "Keserwan-Jbeil" }, "geometry": { "type": "Point", "coordinates": [ 35.757873, 34.026822 ] } },
{ "type": "Feature", "properties": { "name_en": "Ain Ed Delbe", "name_ar": "عين الدلبة", "place_type": "village", "unique_id": "CAS_LBN35013", "district": "Kesrwane", "governorate": "Keserwan-Jbeil" }, "geometry": { "type": "Point", "coordinates": [ 35.765827, 34.029466 ] } },
{ "type": "Feature", "properties": { "name_en": "Chahtoul", "name_ar": "شحتول", "place_type": "village", "unique_id": "CAS_LBN35037", "district": "Kesrwane", "governorate": "Keserwan-Jbeil" }, "geometry": { "type": "Point", "coordinates": [ 35.719597, 34.032519 ] } },
{ "type": "Feature", "properties": { "name_en": "Jouar El Hachich chahtoul", "name_ar": "جوار الحشيش شحتول", "place_type": "village", "unique_id": "CAS_LBN35115", "district": "Kesrwane", "governorate": "Keserwan-Jbeil" }, "geometry": { "type": "Point", "coordinates": [ 35.730386, 34.033119 ] } },
{ "type": "Feature", "properties": { "name_en": "Darayia Kesrwane", "name_ar": "داريا كسروان", "place_type": "village", "unique_id": "CAS_LBN35046", "district": "Kesrwane", "governorate": "Keserwan-Jbeil" }, "geometry": { "type": "Point", "coordinates": [ 35.69826, 33.955172 ] } },
{ "type": "Feature", "properties": { "name_en": "Jouar El Baouechiq", "name_ar": "جوار البواشق", "place_type": "village", "unique_id": "CAS_LBN35110", "district": "Kesrwane", "governorate": "Keserwan-Jbeil" }, "geometry": { "type": "Point", "coordinates": [ 35.69949, 33.997319 ] } },
{ "type": "Feature", "properties": { "name_en": "Mrah El Mir", "name_ar": "مراح المير", "place_type": "village", "unique_id": "CAS_LBN35138", "district": "Kesrwane", "governorate": "Keserwan-Jbeil" }, "geometry": { "type": "Point", "coordinates": [ 35.70015, 33.963386 ] } },
{ "type": "Feature", "properties": { "name_en": "Aaramoun Kesrwane", "name_ar": "عرمون كسروان", "place_type": "village", "unique_id": "CAS_LBN35006", "district": "Kesrwane", "governorate": "Keserwan-Jbeil" }, "geometry": { "type": "Point", "coordinates": [ 35.700786, 34.020097 ] } },
{ "type": "Feature", "properties": { "name_en": "Raifoun", "name_ar": "ريفون", "place_type": "village", "unique_id": "CAS_LBN35160", "district": "Kesrwane", "governorate": "Keserwan-Jbeil" }, "geometry": { "type": "Point", "coordinates": [ 35.702879, 33.977346 ] } },
{ "type": "Feature", "properties": { "name_en": "Aachqout", "name_ar": "عشقوت", "place_type": "village", "unique_id": "CAS_LBN35002", "district": "Kesrwane", "governorate": "Keserwan-Jbeil" }, "geometry": { "type": "Point", "coordinates": [ 35.704712, 33.989536 ] } },
{ "type": "Feature", "properties": { "name_en": "Aghbe", "name_ar": "إغبة", "place_type": "village", "unique_id": "CAS_LBN35011", "district": "Kesrwane", "governorate": "Keserwan-Jbeil" }, "geometry": { "type": "Point", "coordinates": [ 35.706011, 34.008878 ] } },
{ "type": "Feature", "properties": { "name_en": "Mreijet Kesserwan", "name_ar": "مريجة كسروان", "place_type": "village", "unique_id": "CAS_LBN35139", "district": "Kesrwane", "governorate": "Keserwan-Jbeil" }, "geometry": { "type": "Point", "coordinates": [ 35.710254, 33.969325 ] } },
{ "type": "Feature", "properties": { "name_en": "Eghbeh", "name_ar": "إغبة", "place_type": "village", "unique_id": "OSM_node/7650459357", "district": "Kesrwane", "governorate": "Keserwan-Jbeil" }, "geometry": { "type": "Point", "coordinates": [ 35.7118954, 34.013134200000025 ] } },
{ "type": "Feature", "properties": { "name_en": "Qlaiaat", "name_ar": "قليعات كسروان", "place_type": "village", "unique_id": "CAS_LBN35156", "district": "Kesrwane", "governorate": "Keserwan-Jbeil" }, "geometry": { "type": "Point", "coordinates": [ 35.712797, 33.972228 ] } },
{ "type": "Feature", "properties": { "name_en": "Chehhara", "name_ar": "شحارة", "place_type": "village", "unique_id": "CAS_LBN35057", "district": "Kesrwane", "governorate": "Keserwan-Jbeil" }, "geometry": { "type": "Point", "coordinates": [ 35.717354, 33.968576 ] } },
{ "type": "Feature", "properties": { "name_en": "Raashine", "name_ar": "رعشين", "place_type": "village", "unique_id": "CAS_LBN35159", "district": "Kesrwane", "governorate": "Keserwan-Jbeil" }, "geometry": { "type": "Point", "coordinates": [ 35.719116, 34.01221 ] } },
{ "type": "Feature", "properties": { "name_en": "Qarqouf", "name_ar": "القرقوف", "place_type": "village", "unique_id": "CAS_LBN35153", "district": "Kesrwane", "governorate": "Keserwan-Jbeil" }, "geometry": { "type": "Point", "coordinates": [ 35.725889, 34.004144 ] } },
{ "type": "Feature", "properties": { "name_en": "Beqaatet Aachqout", "name_ar": "بقعاتة عشقوت", "place_type": "village", "unique_id": "CAS_LBN35026", "district": "Kesrwane", "governorate": "Keserwan-Jbeil" }, "geometry": { "type": "Point", "coordinates": [ 35.726958, 34.00263 ] } },
{ "type": "Feature", "properties": { "name_en": "Faitroun", "name_ar": "فيطرون", "place_type": "village", "unique_id": "CAS_LBN35082", "district": "Kesrwane", "governorate": "Keserwan-Jbeil" }, "geometry": { "type": "Point", "coordinates": [ 35.727739, 33.988321 ] } },
{ "type": "Feature", "properties": { "name_en": "Hamassiyat", "name_ar": "حماسيات", "place_type": "village", "unique_id": "CAS_LBN35097", "district": "Kesrwane", "governorate": "Keserwan-Jbeil" }, "geometry": { "type": "Point", "coordinates": [ 35.728226, 34.008841 ] } },
{ "type": "Feature", "properties": { "name_en": "Wata Tabriye", "name_ar": "وطى طبرية", "place_type": "village", "unique_id": "CAS_LBN35172", "district": "Kesrwane", "governorate": "Keserwan-Jbeil" }, "geometry": { "type": "Point", "coordinates": [ 35.735757, 34.016139 ] } },
{ "type": "Feature", "properties": { "name_en": "Ouata el Laouz", "name_ar": "وطى اللوز", "place_type": "village", "unique_id": "CAS_LBN35147", "district": "Kesrwane", "governorate": "Keserwan-Jbeil" }, "geometry": { "type": "Point", "coordinates": [ 35.743371, 34.0138 ] } },
{ "type": "Feature", "properties": { "name_en": "Deir Ziraaya", "name_ar": "دير زرعيا", "place_type": "village", "unique_id": "CAS_LBN35053", "district": "Kesrwane", "governorate": "Keserwan-Jbeil" }, "geometry": { "type": "Point", "coordinates": [ 35.746978, 33.963072 ] } },
{ "type": "Feature", "properties": { "name_en": "Mehqane el Mazloum", "name_ar": "محقان المظلوم", "place_type": "village", "unique_id": "CAS_LBN35135", "district": "Kesrwane", "governorate": "Keserwan-Jbeil" }, "geometry": { "type": "Point", "coordinates": [ 35.750699, 34.017856 ] } },
{ "type": "Feature", "properties": { "name_en": "Talle", "name_ar": "تلة", "place_type": "village", "unique_id": "CAS_LBN35171", "district": "Kesrwane", "governorate": "Keserwan-Jbeil" }, "geometry": { "type": "Point", "coordinates": [ 35.754269, 33.980061 ] } },
{ "type": "Feature", "properties": { "name_en": "Ain Ej Jorn", "name_ar": "عين الجرن", "place_type": "village", "unique_id": "CAS_LBN35014", "district": "Kesrwane", "governorate": "Keserwan-Jbeil" }, "geometry": { "type": "Point", "coordinates": [ 35.756048, 34.010874 ] } },
{ "type": "Feature", "properties": { "name_en": "El Marji", "name_ar": "مرج", "place_type": "village", "unique_id": "CAS_LBN35071", "district": "Kesrwane", "governorate": "Keserwan-Jbeil" }, "geometry": { "type": "Point", "coordinates": [ 35.701524, 34.067786 ] } },
{ "type": "Feature", "properties": { "name_en": "Hilane", "name_ar": "حلان", "place_type": "village", "unique_id": "CAS_LBN35105", "district": "Kesrwane", "governorate": "Keserwan-Jbeil" }, "geometry": { "type": "Point", "coordinates": [ 35.702011, 34.054836 ] } },
{ "type": "Feature", "properties": { "name_en": "El Kharayeb", "name_ar": "خرايب", "place_type": "village", "unique_id": "CAS_LBN35068", "district": "Kesrwane", "governorate": "Keserwan-Jbeil" }, "geometry": { "type": "Point", "coordinates": [ 35.702472, 34.07494 ] } },
{ "type": "Feature", "properties": { "name_en": "El Aazra et el Aazr", "name_ar": "عذره والعذر", "place_type": "village", "unique_id": "CAS_LBN35064", "district": "Kesrwane", "governorate": "Keserwan-Jbeil" }, "geometry": { "type": "Point", "coordinates": [ 35.703, 34.063064 ] } },
{ "type": "Feature", "properties": { "name_en": "Es Souhoum", "name_ar": "سوحوم الغينة", "place_type": "village", "unique_id": "CAS_LBN35078", "district": "Kesrwane", "governorate": "Keserwan-Jbeil" }, "geometry": { "type": "Point", "coordinates": [ 35.703806, 34.039229 ] } },
{ "type": "Feature", "properties": { "name_en": "Haret Halane", "name_ar": "حارة حلان", "place_type": "village", "unique_id": "CAS_LBN35099", "district": "Kesrwane", "governorate": "Keserwan-Jbeil" }, "geometry": { "type": "Point", "coordinates": [ 35.705364, 34.052444 ] } },
{ "type": "Feature", "properties": { "name_en": "Ftah Ech Chouha", "name_ar": "فتاح الشوحا", "place_type": "village", "unique_id": "CAS_LBN35087", "district": "Kesrwane", "governorate": "Keserwan-Jbeil" }, "geometry": { "type": "Point", "coordinates": [ 35.707036, 34.043408 ] } },
{ "type": "Feature", "properties": { "name_en": "Ghine", "name_ar": "غينة", "place_type": "village", "unique_id": "CAS_LBN35093", "district": "Kesrwane", "governorate": "Keserwan-Jbeil" }, "geometry": { "type": "Point", "coordinates": [ 35.708492, 34.038531 ] } },
{ "type": "Feature", "properties": { "name_en": "Nahr El Hussein", "name_ar": "نهر الحصين", "place_type": "village", "unique_id": "CAS_LBN35142", "district": "Kesrwane", "governorate": "Keserwan-Jbeil" }, "geometry": { "type": "Point", "coordinates": [ 35.711117, 34.054942 ] } },
{ "type": "Feature", "properties": { "name_en": "Hsayn", "name_ar": "حصين", "place_type": "village", "unique_id": "CAS_LBN35106", "district": "Kesrwane", "governorate": "Keserwan-Jbeil" }, "geometry": { "type": "Point", "coordinates": [ 35.711429, 34.049108 ] } },
{ "type": "Feature", "properties": { "name_en": "Es Salhiye Bezhel", "name_ar": "صالحية بزحل", "place_type": "village", "unique_id": "CAS_LBN35075", "district": "Kesrwane", "governorate": "Keserwan-Jbeil" }, "geometry": { "type": "Point", "coordinates": [ 35.711853, 34.076435 ] } },
{ "type": "Feature", "properties": { "name_en": "Jouret Bedrane", "name_ar": "جورة بدران", "place_type": "village", "unique_id": "CAS_LBN35113", "district": "Kesrwane", "governorate": "Keserwan-Jbeil" }, "geometry": { "type": "Point", "coordinates": [ 35.711881, 34.062247 ] } },
{ "type": "Feature", "properties": { "name_en": "Ain Abaal", "name_ar": "عين ابعل", "place_type": "village", "unique_id": "CAS_LBN35012", "district": "Kesrwane", "governorate": "Keserwan-Jbeil" }, "geometry": { "type": "Point", "coordinates": [ 35.71403, 34.040189 ] } },
{ "type": "Feature", "properties": { "name_en": "Ftahate", "name_ar": "فتاحات جورة الترمس", "place_type": "village", "unique_id": "CAS_LBN35088", "district": "Kesrwane", "governorate": "Keserwan-Jbeil" }, "geometry": { "type": "Point", "coordinates": [ 35.71493, 34.045069 ] } },
{ "type": "Feature", "properties": { "name_en": "Hariqa Chahtoul", "name_ar": "حريق شحتول", "place_type": "village", "unique_id": "CAS_LBN35102", "district": "Kesrwane", "governorate": "Keserwan-Jbeil" }, "geometry": { "type": "Point", "coordinates": [ 35.718389, 34.038588 ] } },
{ "type": "Feature", "properties": { "name_en": "Jouret Et Tormoss", "name_ar": "جورة الترمس", "place_type": "village", "unique_id": "CAS_LBN35116", "district": "Kesrwane", "governorate": "Keserwan-Jbeil" }, "geometry": { "type": "Point", "coordinates": [ 35.719044, 34.044619 ] } },
{ "type": "Feature", "properties": { "name_en": "Aazrane", "name_ar": "عزرانة", "place_type": "village", "unique_id": "CAS_LBN35008", "district": "Kesrwane", "governorate": "Keserwan-Jbeil" }, "geometry": { "type": "Point", "coordinates": [ 35.719603, 34.056842 ] } },
{ "type": "Feature", "properties": { "name_en": "Mradiye", "name_ar": "مرادية", "place_type": "village", "unique_id": "CAS_LBN35137", "district": "Kesrwane", "governorate": "Keserwan-Jbeil" }, "geometry": { "type": "Point", "coordinates": [ 35.706824, 34.072175 ] } },
{ "type": "Feature", "properties": { "name_en": "Khrayeb", "name_ar": "الخرايب", "place_type": "village", "unique_id": "OSM_node/5680243831", "district": "Kesrwane", "governorate": "Keserwan-Jbeil" }, "geometry": { "type": "Point", "coordinates": [ 35.707641799999976, 34.075517699999978 ] } },
{ "type": "Feature", "properties": { "name_en": "Mghayer", "name_ar": "المغاير", "place_type": "village", "unique_id": "OSM_node/12294935137", "district": "Kesrwane", "governorate": "Keserwan-Jbeil" }, "geometry": { "type": "Point", "coordinates": [ 35.768462899999975, 34.036068100000023 ] } },
{ "type": "Feature", "properties": { "name_en": "Jouret Mghad", "name_ar": "جورة مهاد", "place_type": "village", "unique_id": "CAS_LBN35117", "district": "Kesrwane", "governorate": "Keserwan-Jbeil" }, "geometry": { "type": "Point", "coordinates": [ 35.73345, 34.042192 ] } },
{ "type": "Feature", "properties": { "name_en": "Mghayer", "name_ar": "المغاير", "place_type": "village", "unique_id": "CAS_LBN35136", "district": "Kesrwane", "governorate": "Keserwan-Jbeil" }, "geometry": { "type": "Point", "coordinates": [ 35.770825, 34.044461 ] } },
{ "type": "Feature", "properties": { "name_en": "Ain Jouaiya", "name_ar": "عين جويا", "place_type": "village", "unique_id": "CAS_LBN35017", "district": "Kesrwane", "governorate": "Keserwan-Jbeil" }, "geometry": { "type": "Point", "coordinates": [ 35.724886, 34.047017 ] } },
{ "type": "Feature", "properties": { "name_en": "Nahr Ed Dahab", "name_ar": "نهر الدهب", "place_type": "village", "unique_id": "CAS_LBN35141", "district": "Kesrwane", "governorate": "Keserwan-Jbeil" }, "geometry": { "type": "Point", "coordinates": [ 35.741639, 34.047458 ] } },
{ "type": "Feature", "properties": { "name_en": "Mchati", "name_ar": "مشاته", "place_type": "village", "unique_id": "CAS_LBN35134", "district": "Kesrwane", "governorate": "Keserwan-Jbeil" }, "geometry": { "type": "Point", "coordinates": [ 35.760655, 34.050345 ] } },
{ "type": "Feature", "properties": { "name_en": "Mashhat", "name_ar": "مشحات", "place_type": "village", "unique_id": "CAS_LBN35131", "district": "Kesrwane", "governorate": "Keserwan-Jbeil" }, "geometry": { "type": "Point", "coordinates": [ 35.724314, 34.050653 ] } },
{ "type": "Feature", "properties": { "name_en": "Bahhara", "name_ar": "بحارة", "place_type": "village", "unique_id": "CAS_LBN35019", "district": "Kesrwane", "governorate": "Keserwan-Jbeil" }, "geometry": { "type": "Point", "coordinates": [ 35.732608, 34.05256 ] } },
{ "type": "Feature", "properties": { "name_en": "Ghbale", "name_ar": "غبالة", "place_type": "village", "unique_id": "CAS_LBN35092", "district": "Kesrwane", "governorate": "Keserwan-Jbeil" }, "geometry": { "type": "Point", "coordinates": [ 35.72255, 34.053453 ] } },
{ "type": "Feature", "properties": { "name_en": "Ej Jaayel", "name_ar": "جعايل غبالة", "place_type": "village", "unique_id": "CAS_LBN35062", "district": "Kesrwane", "governorate": "Keserwan-Jbeil" }, "geometry": { "type": "Point", "coordinates": [ 35.730667, 34.054529 ] } },
{ "type": "Feature", "properties": { "name_en": "Ed Dahr Ghbale", "name_ar": "ضهر غبالة", "place_type": "village", "unique_id": "CAS_LBN35060", "district": "Kesrwane", "governorate": "Keserwan-Jbeil" }, "geometry": { "type": "Point", "coordinates": [ 35.723592, 34.056416 ] } },
{ "type": "Feature", "properties": { "name_en": "El Maaden", "name_ar": "معادن", "place_type": "village", "unique_id": "CAS_LBN35070", "district": "Kesrwane", "governorate": "Keserwan-Jbeil" }, "geometry": { "type": "Point", "coordinates": [ 35.737824, 34.059369 ] } },
{ "type": "Feature", "properties": { "name_en": "Hakl Er Raiyess", "name_ar": "حقل الريس", "place_type": "village", "unique_id": "CAS_LBN35096", "district": "Kesrwane", "governorate": "Keserwan-Jbeil" }, "geometry": { "type": "Point", "coordinates": [ 35.728717, 34.059441 ] } },
{ "type": "Feature", "properties": { "name_en": "Chouaya", "name_ar": "شويا يحشوش", "place_type": "village", "unique_id": "CAS_LBN35039", "district": "Kesrwane", "governorate": "Keserwan-Jbeil" }, "geometry": { "type": "Point", "coordinates": [ 35.722682, 34.065987 ] } },
{ "type": "Feature", "properties": { "name_en": "Yahchouch", "name_ar": "يحشوش", "place_type": "village", "unique_id": "CAS_LBN35173", "district": "Kesrwane", "governorate": "Keserwan-Jbeil" }, "geometry": { "type": "Point", "coordinates": [ 35.735319, 34.066681 ] } },
{ "type": "Feature", "properties": { "name_en": "Snoubar", "name_ar": "صنوبر يحشوش", "place_type": "village", "unique_id": "CAS_LBN35169", "district": "Kesrwane", "governorate": "Keserwan-Jbeil" }, "geometry": { "type": "Point", "coordinates": [ 35.745886, 34.069242 ] } },
{ "type": "Feature", "properties": { "name_en": "Ghoshraiya", "name_ar": "غيشرايه", "place_type": "village", "unique_id": "CAS_LBN35094", "district": "Kesrwane", "governorate": "Keserwan-Jbeil" }, "geometry": { "type": "Point", "coordinates": [ 35.726668, 34.073054 ] } },
{ "type": "Feature", "properties": { "name_en": "Chouene", "name_ar": "شوان", "place_type": "village", "unique_id": "CAS_LBN35040", "district": "Kesrwane", "governorate": "Keserwan-Jbeil" }, "geometry": { "type": "Point", "coordinates": [ 35.77144, 34.077552 ] } },
{ "type": "Feature", "properties": { "name_en": "Bizhel", "name_ar": "بزحل", "place_type": "village", "unique_id": "CAS_LBN35028", "district": "Kesrwane", "governorate": "Keserwan-Jbeil" }, "geometry": { "type": "Point", "coordinates": [ 35.696837, 34.079466 ] } },
{ "type": "Feature", "properties": { "name_en": "Khdayra", "name_ar": "خضيره", "place_type": "village", "unique_id": "CAS_LBN35124", "district": "Kesrwane", "governorate": "Keserwan-Jbeil" }, "geometry": { "type": "Point", "coordinates": [ 35.694128, 34.083103 ] } },
{ "type": "Feature", "properties": { "name_en": "Jisr El Bacha", "name_ar": "جسر الباشا", "place_type": "village", "unique_id": "CAS_LBN36108", "district": "El Meten", "governorate": "Mount Lebanon" }, "geometry": { "type": "Point", "coordinates": [ 35.53933, 33.866448 ] } },
{ "type": "Feature", "properties": { "name_en": "El Qalaa Sin el fil", "name_ar": "قلعة سن الفيل", "place_type": "village", "unique_id": "CAS_LBN36083", "district": "El Meten", "governorate": "Mount Lebanon" }, "geometry": { "type": "Point", "coordinates": [ 35.535009, 33.870471 ] } },
{ "type": "Feature", "properties": { "name_en": "Horch Tabet", "name_ar": "حرش تابت", "place_type": "village", "unique_id": "CAS_LBN36104", "district": "El Meten", "governorate": "Mount Lebanon" }, "geometry": { "type": "Point", "coordinates": [ 35.534052, 33.873735 ] } },
{ "type": "Feature", "properties": { "name_en": "Deir-er-Raai es Saleh", "name_ar": "دير الراعي الصالح", "place_type": "village", "unique_id": "CAS_LBN36069", "district": "El Meten", "governorate": "Mount Lebanon" }, "geometry": { "type": "Point", "coordinates": [ 35.541072, 33.875627 ] } },
{ "type": "Feature", "properties": { "name_en": "En Nabaa", "name_ar": "النبعه", "place_type": "village", "unique_id": "CAS_LBN36086", "district": "El Meten", "governorate": "Mount Lebanon" }, "geometry": { "type": "Point", "coordinates": [ 35.539707, 33.884524 ] } },
{ "type": "Feature", "properties": { "name_en": "Borj Hammoud", "name_ar": "برج حمّود", "place_type": "village", "unique_id": "CAS_LBN36040", "district": "El Meten", "governorate": "Mount Lebanon" }, "geometry": { "type": "Point", "coordinates": [ 35.541194, 33.887678 ] } },
{ "type": "Feature", "properties": { "name_en": "Sinn el Fil", "name_ar": "سن الفيل", "place_type": "village", "unique_id": "CAS_LBN36175", "district": "El Meten", "governorate": "Mount Lebanon" }, "geometry": { "type": "Point", "coordinates": [ 35.534522, 33.877347 ] } },
{ "type": "Feature", "properties": { "name_en": "Jisr al Wati", "name_ar": "جسر الواطي", "place_type": "hamlet", "unique_id": "OSM_node/291444016", "district": "El Meten", "governorate": "Mount Lebanon" }, "geometry": { "type": "Point", "coordinates": [ 35.5327775, 33.879843600000015 ] } },
{ "type": "Feature", "properties": { "name_en": "Dahr Ej Jammal", "name_ar": "ضهر الجمل", "place_type": "hamlet", "unique_id": "OSM_node/291443088", "district": "El Meten", "governorate": "Mount Lebanon" }, "geometry": { "type": "Point", "coordinates": [ 35.533998100000019, 33.883744200000024 ] } },
{ "type": "Feature", "properties": { "name_en": "Daychouniye", "name_ar": "ديشونية", "place_type": "village", "unique_id": "CAS_LBN36059", "district": "El Meten", "governorate": "Mount Lebanon" }, "geometry": { "type": "Point", "coordinates": [ 35.575378, 33.847153 ] } },
{ "type": "Feature", "properties": { "name_en": "Montiverdi", "name_ar": "منتفردي", "place_type": "village", "unique_id": "CAS_LBN36142", "district": "El Meten", "governorate": "Mount Lebanon" }, "geometry": { "type": "Point", "coordinates": [ 35.590108, 33.851053 ] } },
{ "type": "Feature", "properties": { "name_en": "Mountazah", "name_ar": "منتزه", "place_type": "village", "unique_id": "CAS_LBN36143", "district": "El Meten", "governorate": "Mount Lebanon" }, "geometry": { "type": "Point", "coordinates": [ 35.576442, 33.853472 ] } },
{ "type": "Feature", "properties": { "name_en": "Deir el Qalaa", "name_ar": "دير القلعة", "place_type": "village", "unique_id": "CAS_LBN36062", "district": "El Meten", "governorate": "Mount Lebanon" }, "geometry": { "type": "Point", "coordinates": [ 35.596617, 33.855239 ] } },
{ "type": "Feature", "properties": { "name_en": "Mansouriye", "name_ar": "منصورية", "place_type": "village", "unique_id": "CAS_LBN36123", "district": "El Meten", "governorate": "Mount Lebanon" }, "geometry": { "type": "Point", "coordinates": [ 35.571497, 33.857386 ] } },
{ "type": "Feature", "properties": { "name_en": "Kafra El Meten", "name_ar": "كفرا المتن", "place_type": "village", "unique_id": "CAS_LBN36111", "district": "El Meten", "governorate": "Mount Lebanon" }, "geometry": { "type": "Point", "coordinates": [ 35.590463, 33.860216 ] } },
{ "type": "Feature", "properties": { "name_en": "Mkalles", "name_ar": "مكلس", "place_type": "village", "unique_id": "OSM_node/5908928702", "district": "El Meten", "governorate": "Mount Lebanon" }, "geometry": { "type": "Point", "coordinates": [ 35.556413, 33.860766500000011 ] } },
{ "type": "Feature", "properties": { "name_en": "Ain Najm", "name_ar": "عين نجم", "place_type": "village", "unique_id": "CAS_LBN36018", "district": "El Meten", "governorate": "Mount Lebanon" }, "geometry": { "type": "Point", "coordinates": [ 35.581902, 33.86131 ] } },
{ "type": "Feature", "properties": { "name_en": "Mkalless", "name_ar": "مكلس", "place_type": "village", "unique_id": "CAS_LBN36141", "district": "El Meten", "governorate": "Mount Lebanon" }, "geometry": { "type": "Point", "coordinates": [ 35.549536, 33.862058 ] } },
{ "type": "Feature", "properties": { "name_en": "Ain Saadeh", "name_ar": "عين سعادة", "place_type": "town", "unique_id": "OSM_node/6069187780", "district": "El Meten", "governorate": "Mount Lebanon" }, "geometry": { "type": "Point", "coordinates": [ 35.587201199999981, 33.863347 ] } },
{ "type": "Feature", "properties": { "name_en": "Ain Saade", "name_ar": "عين سعادة", "place_type": "village", "unique_id": "CAS_LBN36019", "district": "El Meten", "governorate": "Mount Lebanon" }, "geometry": { "type": "Point", "coordinates": [ 35.595594, 33.863611 ] } },
{ "type": "Feature", "properties": { "name_en": "El Qalaa", "name_ar": "قلعة", "place_type": "village", "unique_id": "CAS_LBN36084", "district": "El Meten", "governorate": "Mount Lebanon" }, "geometry": { "type": "Point", "coordinates": [ 35.592864, 33.863661 ] } },
{ "type": "Feature", "properties": { "name_en": "Mar Roukoz", "name_ar": "مار روكز", "place_type": "village", "unique_id": "CAS_LBN36128", "district": "El Meten", "governorate": "Mount Lebanon" }, "geometry": { "type": "Point", "coordinates": [ 35.558056, 33.867061 ] } },
{ "type": "Feature", "properties": { "name_en": "Deir Mar Roukoz", "name_ar": "دير مار روكز", "place_type": "village", "unique_id": "OSM_node/5910390307", "district": "El Meten", "governorate": "Mount Lebanon" }, "geometry": { "type": "Point", "coordinates": [ 35.553918800000019, 33.86765459999998 ] } },
{ "type": "Feature", "properties": { "name_en": "Tall ez Zaatar", "name_ar": "تل الزعتر", "place_type": "village", "unique_id": "CAS_LBN36176", "district": "El Meten", "governorate": "Mount Lebanon" }, "geometry": { "type": "Point", "coordinates": [ 35.548994, 33.869309 ] } },
{ "type": "Feature", "properties": { "name_en": "Dahr el Hossein", "name_ar": "ضهر الحسين المتن", "place_type": "village", "unique_id": "CAS_LBN36056", "district": "El Meten", "governorate": "Mount Lebanon" }, "geometry": { "type": "Point", "coordinates": [ 35.558345, 33.869648 ] } },
{ "type": "Feature", "properties": { "name_en": "Baaqrif", "name_ar": "بعقريف", "place_type": "village", "unique_id": "CAS_LBN36024", "district": "El Meten", "governorate": "Mount Lebanon" }, "geometry": { "type": "Point", "coordinates": [ 35.585244, 33.869769 ] } },
{ "type": "Feature", "properties": { "name_en": "Sabtiye", "name_ar": "سبتيه", "place_type": "village", "unique_id": "CAS_LBN36169", "district": "El Meten", "governorate": "Mount Lebanon" }, "geometry": { "type": "Point", "coordinates": [ 35.567111, 33.873886 ] } },
{ "type": "Feature", "properties": { "name_en": "Dekouane", "name_ar": "دكوانة", "place_type": "village", "unique_id": "CAS_LBN36070", "district": "El Meten", "governorate": "Mount Lebanon" }, "geometry": { "type": "Point", "coordinates": [ 35.549034, 33.876147 ] } },
{ "type": "Feature", "properties": { "name_en": "Zaaitriye", "name_ar": "زعيتريه", "place_type": "village", "unique_id": "CAS_LBN36178", "district": "El Meten", "governorate": "Mount Lebanon" }, "geometry": { "type": "Point", "coordinates": [ 35.568878, 33.87693 ] } },
{ "type": "Feature", "properties": { "name_en": "El Firdaous", "name_ar": "فردوس", "place_type": "village", "unique_id": "CAS_LBN36078", "district": "El Meten", "governorate": "Mount Lebanon" }, "geometry": { "type": "Point", "coordinates": [ 35.564543, 33.877261 ] } },
{ "type": "Feature", "properties": { "name_en": "Fanar", "name_ar": "الفنار", "place_type": "village", "unique_id": "CAS_LBN36091", "district": "El Meten", "governorate": "Mount Lebanon" }, "geometry": { "type": "Point", "coordinates": [ 35.577951, 33.877799 ] } },
{ "type": "Feature", "properties": { "name_en": "Sad el Baouchriye", "name_ar": "سد البوشرية", "place_type": "village", "unique_id": "CAS_LBN36170", "district": "El Meten", "governorate": "Mount Lebanon" }, "geometry": { "type": "Point", "coordinates": [ 35.562183, 33.878742 ] } },
{ "type": "Feature", "properties": { "name_en": "Er Raouda", "name_ar": "روضة", "place_type": "village", "unique_id": "CAS_LBN36088", "district": "El Meten", "governorate": "Mount Lebanon" }, "geometry": { "type": "Point", "coordinates": [ 35.554511, 33.879739 ] } },
{ "type": "Feature", "properties": { "name_en": "Baouchriye", "name_ar": "بوشرية", "place_type": "village", "unique_id": "CAS_LBN36026", "district": "El Meten", "governorate": "Mount Lebanon" }, "geometry": { "type": "Point", "coordinates": [ 35.556728, 33.8872 ] } },
{ "type": "Feature", "properties": { "name_en": "Daoura", "name_ar": "دورة", "place_type": "village", "unique_id": "CAS_LBN36058", "district": "El Meten", "governorate": "Mount Lebanon" }, "geometry": { "type": "Point", "coordinates": [ 35.557803, 33.894253 ] } },
{ "type": "Feature", "properties": { "name_en": "Jdaide el Meten", "name_ar": "جديدة المتن", "place_type": "village", "unique_id": "CAS_LBN36107", "district": "El Meten", "governorate": "Mount Lebanon" }, "geometry": { "type": "Point", "coordinates": [ 35.566283, 33.890333 ] } },
{ "type": "Feature", "properties": { "name_en": "Fanar ej Jdid", "name_ar": "فنار الجديدة", "place_type": "village", "unique_id": "CAS_LBN36092", "district": "El Meten", "governorate": "Mount Lebanon" }, "geometry": { "type": "Point", "coordinates": [ 35.568478, 33.881396 ] } },
{ "type": "Feature", "properties": { "name_en": "Wata Amaret Chalhoub", "name_ar": "الوطى عمارة شلهوب", "place_type": "village", "unique_id": "CAS_LBN36177", "district": "El Meten", "governorate": "Mount Lebanon" }, "geometry": { "type": "Point", "coordinates": [ 35.569192, 33.899697 ] } },
{ "type": "Feature", "properties": { "name_en": "Gharouch", "name_ar": "غاروش", "place_type": "village", "unique_id": "CAS_LBN36098", "district": "El Meten", "governorate": "Mount Lebanon" }, "geometry": { "type": "Point", "coordinates": [ 35.569995, 33.884825 ] } },
{ "type": "Feature", "properties": { "name_en": "Jdeideh", "name_ar": "جديدة المتن", "place_type": "town", "unique_id": "OSM_node/260286476", "district": "El Meten", "governorate": "Mount Lebanon" }, "geometry": { "type": "Point", "coordinates": [ 35.570380699999987, 33.892165799999987 ] } },
{ "type": "Feature", "properties": { "name_en": "Ras el Jdaide", "name_ar": "راس الجديدة", "place_type": "village", "unique_id": "CAS_LBN36167", "district": "El Meten", "governorate": "Mount Lebanon" }, "geometry": { "type": "Point", "coordinates": [ 35.571121, 33.886242 ] } },
{ "type": "Feature", "properties": { "name_en": "Zalqa", "name_ar": "الزلقا", "place_type": "village", "unique_id": "CAS_LBN36182", "district": "El Meten", "governorate": "Mount Lebanon" }, "geometry": { "type": "Point", "coordinates": [ 35.575608, 33.897231 ] } },
{ "type": "Feature", "properties": { "name_en": "Aaqbe Zalqa", "name_ar": "عقبة الزلقا", "place_type": "village", "unique_id": "CAS_LBN36005", "district": "El Meten", "governorate": "Mount Lebanon" }, "geometry": { "type": "Point", "coordinates": [ 35.575787, 33.894896 ] } },
{ "type": "Feature", "properties": { "name_en": "Haret el Cheikh", "name_ar": "حارة الشيخ", "place_type": "village", "unique_id": "CAS_LBN36101", "district": "El Meten", "governorate": "Mount Lebanon" }, "geometry": { "type": "Point", "coordinates": [ 35.577981, 33.882954 ] } },
{ "type": "Feature", "properties": { "name_en": "Aammariye", "name_ar": "عمّارية", "place_type": "village", "unique_id": "CAS_LBN36004", "district": "El Meten", "governorate": "Mount Lebanon" }, "geometry": { "type": "Point", "coordinates": [ 35.578254, 33.885195 ] } },
{ "type": "Feature", "properties": { "name_en": "Jall Ed Dib", "name_ar": "جل الديب", "place_type": "village", "unique_id": "CAS_LBN36106", "district": "El Meten", "governorate": "Mount Lebanon" }, "geometry": { "type": "Point", "coordinates": [ 35.579781, 33.906236 ] } },
{ "type": "Feature", "properties": { "name_en": "Biaqout", "name_ar": "بياقوت", "place_type": "village", "unique_id": "CAS_LBN36036", "district": "El Meten", "governorate": "Mount Lebanon" }, "geometry": { "type": "Point", "coordinates": [ 35.584631, 33.894011 ] } },
{ "type": "Feature", "properties": { "name_en": "Deir es Salib", "name_ar": "دير الصليب", "place_type": "village", "unique_id": "CAS_LBN36063", "district": "El Meten", "governorate": "Mount Lebanon" }, "geometry": { "type": "Point", "coordinates": [ 35.586025, 33.900158 ] } },
{ "type": "Feature", "properties": { "name_en": "Sijn ej Jdid", "name_ar": "سجن الجديد", "place_type": "village", "unique_id": "CAS_LBN36174", "district": "El Meten", "governorate": "Mount Lebanon" }, "geometry": { "type": "Point", "coordinates": [ 35.587683, 33.887578 ] } },
{ "type": "Feature", "properties": { "name_en": "Bqennaya", "name_ar": "بقنايا", "place_type": "village", "unique_id": "CAS_LBN36041", "district": "El Meten", "governorate": "Mount Lebanon" }, "geometry": { "type": "Point", "coordinates": [ 35.587867, 33.902369 ] } },
{ "type": "Feature", "properties": { "name_en": "Haret El Ghouarni", "name_ar": "حارة الغوارني", "place_type": "village", "unique_id": "CAS_LBN36102", "district": "El Meten", "governorate": "Mount Lebanon" }, "geometry": { "type": "Point", "coordinates": [ 35.588191, 33.909824 ] } },
{ "type": "Feature", "properties": { "name_en": "Hai er Roum", "name_ar": "حي الروم", "place_type": "hamlet", "unique_id": "OSM_node/564367612", "district": "El Meten", "governorate": "Mount Lebanon" }, "geometry": { "type": "Point", "coordinates": [ 35.588839399999983, 33.905110200000024 ] } },
{ "type": "Feature", "properties": { "name_en": "Dbaiye", "name_ar": "ضبية", "place_type": "village", "unique_id": "CAS_LBN36060", "district": "El Meten", "governorate": "Mount Lebanon" }, "geometry": { "type": "Point", "coordinates": [ 35.590278, 33.943297 ] } },
{ "type": "Feature", "properties": { "name_en": "Mezher", "name_ar": "مزهر", "place_type": "village", "unique_id": "CAS_LBN36139", "district": "El Meten", "governorate": "Mount Lebanon" }, "geometry": { "type": "Point", "coordinates": [ 35.590724, 33.911251 ] } },
{ "type": "Feature", "properties": { "name_en": "Naqqach", "name_ar": "نقاش", "place_type": "village", "unique_id": "CAS_LBN36150", "district": "El Meten", "governorate": "Mount Lebanon" }, "geometry": { "type": "Point", "coordinates": [ 35.592078, 33.922875 ] } },
{ "type": "Feature", "properties": { "name_en": "Antelias", "name_ar": "انطلياس", "place_type": "village", "unique_id": "CAS_LBN36105", "district": "El Meten", "governorate": "Mount Lebanon" }, "geometry": { "type": "Point", "coordinates": [ 35.592088, 33.914841 ] } },
{ "type": "Feature", "properties": { "name_en": "Mezher", "name_ar": "مزهر", "place_type": "village", "unique_id": "OSM_node/6069187782", "district": "El Meten", "governorate": "Mount Lebanon" }, "geometry": { "type": "Point", "coordinates": [ 35.595294700000011, 33.9084274 ] } },
{ "type": "Feature", "properties": { "name_en": "Mazraat Deir Aaoukar", "name_ar": "مزرعة دير عوكر", "place_type": "village", "unique_id": "CAS_LBN36134", "district": "El Meten", "governorate": "Mount Lebanon" }, "geometry": { "type": "Point", "coordinates": [ 35.595892, 33.933522 ] } },
{ "type": "Feature", "properties": { "name_en": "Majzoub", "name_ar": "مجذوب", "place_type": "village", "unique_id": "CAS_LBN36120", "district": "El Meten", "governorate": "Mount Lebanon" }, "geometry": { "type": "Point", "coordinates": [ 35.596169, 33.900053 ] } },
{ "type": "Feature", "properties": { "name_en": "El Loueize", "name_ar": "لويزة نقاش", "place_type": "village", "unique_id": "CAS_LBN36080", "district": "El Meten", "governorate": "Mount Lebanon" }, "geometry": { "type": "Point", "coordinates": [ 35.596406, 33.926418 ] } },
{ "type": "Feature", "properties": { "name_en": "Haret el Bellane", "name_ar": "حارة البلان", "place_type": "village", "unique_id": "CAS_LBN36100", "district": "El Meten", "governorate": "Mount Lebanon" }, "geometry": { "type": "Point", "coordinates": [ 35.597078, 33.937706 ] } },
{ "type": "Feature", "properties": { "name_en": "Naqqach", "name_ar": "النقاش", "place_type": "town", "unique_id": "OSM_node/4893724245", "district": "El Meten", "governorate": "Mount Lebanon" }, "geometry": { "type": "Point", "coordinates": [ 35.597088900000017, 33.9228218 ] } },
{ "type": "Feature", "properties": { "name_en": "Faouar", "name_ar": "فوار", "place_type": "village", "unique_id": "CAS_LBN36093", "district": "El Meten", "governorate": "Mount Lebanon" }, "geometry": { "type": "Point", "coordinates": [ 35.597951, 33.912076 ] } },
{ "type": "Feature", "properties": { "name_en": "Aabdine", "name_ar": "عبدين نقاش", "place_type": "village", "unique_id": "CAS_LBN36001", "district": "El Meten", "governorate": "Mount Lebanon" }, "geometry": { "type": "Point", "coordinates": [ 35.599938, 33.930599 ] } },
{ "type": "Feature", "properties": { "name_en": "Zouk el Kharab", "name_ar": "ذوق الخراب", "place_type": "town", "unique_id": "OSM_node/5200551812", "district": "El Meten", "governorate": "Mount Lebanon" }, "geometry": { "type": "Point", "coordinates": [ 35.601356099999975, 33.943627699999979 ] } },
{ "type": "Feature", "properties": { "name_en": "Bsalim", "name_ar": "بصاليم", "place_type": "village", "unique_id": "CAS_LBN36043", "district": "El Meten", "governorate": "Mount Lebanon" }, "geometry": { "type": "Point", "coordinates": [ 35.603602, 33.901042 ] } },
{ "type": "Feature", "properties": { "name_en": "Belle Vue", "name_ar": "بلّفو", "place_type": "village", "unique_id": "CAS_LBN36032", "district": "El Meten", "governorate": "Mount Lebanon" }, "geometry": { "type": "Point", "coordinates": [ 35.605249, 33.93309 ] } },
{ "type": "Feature", "properties": { "name_en": "Rabieh", "name_ar": "الرابية", "place_type": "village", "unique_id": "OSM_node/5355552898", "district": "El Meten", "governorate": "Mount Lebanon" }, "geometry": { "type": "Point", "coordinates": [ 35.6056529, 33.919138299999986 ] } },
{ "type": "Feature", "properties": { "name_en": "Mazraat El Hdaira", "name_ar": "مزرعة الحضيرة", "place_type": "village", "unique_id": "CAS_LBN36135", "district": "El Meten", "governorate": "Mount Lebanon" }, "geometry": { "type": "Point", "coordinates": [ 35.606097, 33.929431 ] } },
{ "type": "Feature", "properties": { "name_en": "Raboue", "name_ar": "ربوة", "place_type": "village", "unique_id": "CAS_LBN36164", "district": "El Meten", "governorate": "Mount Lebanon" }, "geometry": { "type": "Point", "coordinates": [ 35.608983, 33.914478 ] } },
{ "type": "Feature", "properties": { "name_en": "Zouk el Kharab", "name_ar": "ذوق الخراب", "place_type": "village", "unique_id": "CAS_LBN36185", "district": "El Meten", "governorate": "Mount Lebanon" }, "geometry": { "type": "Point", "coordinates": [ 35.609628, 33.942347 ] } },
{ "type": "Feature", "properties": { "name_en": "Er Rabie", "name_ar": "رابيه", "place_type": "village", "unique_id": "CAS_LBN36087", "district": "El Meten", "governorate": "Mount Lebanon" }, "geometry": { "type": "Point", "coordinates": [ 35.611447, 33.920198 ] } },
{ "type": "Feature", "properties": { "name_en": "Mtaileb", "name_ar": "مطيلب", "place_type": "village", "unique_id": "CAS_LBN36146", "district": "El Meten", "governorate": "Mount Lebanon" }, "geometry": { "type": "Point", "coordinates": [ 35.614886, 33.923794 ] } },
{ "type": "Feature", "properties": { "name_en": "Mazraat Beit Ech Chaar", "name_ar": "مزرعة بيت الشعّار", "place_type": "village", "unique_id": "CAS_LBN36133", "district": "El Meten", "governorate": "Mount Lebanon" }, "geometry": { "type": "Point", "coordinates": [ 35.616678, 33.928017 ] } },
{ "type": "Feature", "properties": { "name_en": "Deir Tamich", "name_ar": "دير طاميش", "place_type": "village", "unique_id": "CAS_LBN36068", "district": "El Meten", "governorate": "Mount Lebanon" }, "geometry": { "type": "Point", "coordinates": [ 35.619353, 33.940592 ] } },
{ "type": "Feature", "properties": { "name_en": "Nabay", "name_ar": "نابيه", "place_type": "village", "unique_id": "CAS_LBN36149", "district": "El Meten", "governorate": "Mount Lebanon" }, "geometry": { "type": "Point", "coordinates": [ 35.620197, 33.898881 ] } },
{ "type": "Feature", "properties": { "name_en": "Dik El Mehdi", "name_ar": "ديك المحدي", "place_type": "village", "unique_id": "CAS_LBN36073", "district": "El Meten", "governorate": "Mount Lebanon" }, "geometry": { "type": "Point", "coordinates": [ 35.620942, 33.932533 ] } },
{ "type": "Feature", "properties": { "name_en": "Bait Ash Shaar", "name_ar": "بيت الشعار", "place_type": "village", "unique_id": "OSM_node/289658536", "district": "El Meten", "governorate": "Mount Lebanon" }, "geometry": { "type": "Point", "coordinates": [ 35.6232986, 33.9276415 ] } },
{ "type": "Feature", "properties": { "name_en": "Qornet Shahwane", "name_ar": "قرنة شهوان", "place_type": "village", "unique_id": "OSM_node/5351704868", "district": "El Meten", "governorate": "Mount Lebanon" }, "geometry": { "type": "Point", "coordinates": [ 35.62596910000002, 33.915269099999989 ] } },
{ "type": "Feature", "properties": { "name_en": "Mar Aabda el Mshammar", "name_ar": "دير مار عبدا المشمر", "place_type": "village", "unique_id": "CAS_LBN36124", "district": "El Meten", "governorate": "Mount Lebanon" }, "geometry": { "type": "Point", "coordinates": [ 35.626933, 33.944008 ] } },
{ "type": "Feature", "properties": { "name_en": "Beit Meri", "name_ar": "بيت مري", "place_type": "village", "unique_id": "CAS_LBN36031", "district": "El Meten", "governorate": "Mount Lebanon" }, "geometry": { "type": "Point", "coordinates": [ 35.604172, 33.863278 ] } },
{ "type": "Feature", "properties": { "name_en": "Bsatine Ain Saade", "name_ar": "بساتين عين سعادة", "place_type": "village", "unique_id": "CAS_LBN36044", "district": "El Meten", "governorate": "Mount Lebanon" }, "geometry": { "type": "Point", "coordinates": [ 35.600872, 33.871636 ] } },
{ "type": "Feature", "properties": { "name_en": "Mrah Ghanem", "name_ar": "مراح غانم", "place_type": "village", "unique_id": "CAS_LBN36144", "district": "El Meten", "governorate": "Mount Lebanon" }, "geometry": { "type": "Point", "coordinates": [ 35.615283, 33.874664 ] } },
{ "type": "Feature", "properties": { "name_en": "Er Rouaisse", "name_ar": "رويسة برمانا", "place_type": "village", "unique_id": "CAS_LBN36089", "district": "El Meten", "governorate": "Mount Lebanon" }, "geometry": { "type": "Point", "coordinates": [ 35.622172, 33.878225 ] } },
{ "type": "Feature", "properties": { "name_en": "Khirbit el Aadass", "name_ar": "خربة العدس", "place_type": "village", "unique_id": "CAS_LBN36116", "district": "El Meten", "governorate": "Mount Lebanon" }, "geometry": { "type": "Point", "coordinates": [ 35.647337, 33.880003 ] } },
{ "type": "Feature", "properties": { "name_en": "Aiyoun", "name_ar": "عيون المتن", "place_type": "village", "unique_id": "CAS_LBN36022", "district": "El Meten", "governorate": "Mount Lebanon" }, "geometry": { "type": "Point", "coordinates": [ 35.652258, 33.882103 ] } },
{ "type": "Feature", "properties": { "name_en": "Ghabe", "name_ar": "غابة المسقى", "place_type": "village", "unique_id": "CAS_LBN36096", "district": "El Meten", "governorate": "Mount Lebanon" }, "geometry": { "type": "Point", "coordinates": [ 35.639604, 33.882449 ] } },
{ "type": "Feature", "properties": { "name_en": "Dahr Broummana", "name_ar": "ضهر برمانا", "place_type": "village", "unique_id": "CAS_LBN36054", "district": "El Meten", "governorate": "Mount Lebanon" }, "geometry": { "type": "Point", "coordinates": [ 35.626901, 33.88263 ] } },
{ "type": "Feature", "properties": { "name_en": "Dahr el Bacheq", "name_ar": "ضهر الباشق", "place_type": "village", "unique_id": "CAS_LBN36055", "district": "El Meten", "governorate": "Mount Lebanon" }, "geometry": { "type": "Point", "coordinates": [ 35.598164, 33.882692 ] } },
{ "type": "Feature", "properties": { "name_en": "Masqa", "name_ar": "المسقى", "place_type": "village", "unique_id": "CAS_LBN36131", "district": "El Meten", "governorate": "Mount Lebanon" }, "geometry": { "type": "Point", "coordinates": [ 35.645002, 33.882862 ] } },
{ "type": "Feature", "properties": { "name_en": "Broumana", "name_ar": "برمانا المتن", "place_type": "village", "unique_id": "CAS_LBN36042", "district": "El Meten", "governorate": "Mount Lebanon" }, "geometry": { "type": "Point", "coordinates": [ 35.633038, 33.88512 ] } },
{ "type": "Feature", "properties": { "name_en": "Ej Jouaniye", "name_ar": "الجوانية", "place_type": "village", "unique_id": "CAS_LBN36075", "district": "El Meten", "governorate": "Mount Lebanon" }, "geometry": { "type": "Point", "coordinates": [ 35.61572, 33.889721 ] } },
{ "type": "Feature", "properties": { "name_en": "Jouret El Ballout", "name_ar": "جورة البلوط", "place_type": "village", "unique_id": "CAS_LBN36110", "district": "El Meten", "governorate": "Mount Lebanon" }, "geometry": { "type": "Point", "coordinates": [ 35.631173, 33.89289 ] } },
{ "type": "Feature", "properties": { "name_en": "Mzakke", "name_ar": "مزكة", "place_type": "village", "unique_id": "CAS_LBN36148", "district": "El Meten", "governorate": "Mount Lebanon" }, "geometry": { "type": "Point", "coordinates": [ 35.651022, 33.892995 ] } },
{ "type": "Feature", "properties": { "name_en": "Deir Mar Chaaya", "name_ar": "دير مار شعيا", "place_type": "village", "unique_id": "CAS_LBN36065", "district": "El Meten", "governorate": "Mount Lebanon" }, "geometry": { "type": "Point", "coordinates": [ 35.643577, 33.895987 ] } },
{ "type": "Feature", "properties": { "name_en": "Qennabet Broummana", "name_ar": "قنابة برمانا", "place_type": "village", "unique_id": "CAS_LBN36159", "district": "El Meten", "governorate": "Mount Lebanon" }, "geometry": { "type": "Point", "coordinates": [ 35.616915, 33.894018 ] } },
{ "type": "Feature", "properties": { "name_en": "Roumie", "name_ar": "روميه المتن", "place_type": "village", "unique_id": "CAS_LBN36168", "district": "El Meten", "governorate": "Mount Lebanon" }, "geometry": { "type": "Point", "coordinates": [ 35.619428, 33.883545 ] } },
{ "type": "Feature", "properties": { "name_en": "Al Mashrah", "name_ar": "المشرح", "place_type": "village", "unique_id": "OSM_node/5908928800", "district": "El Meten", "governorate": "Mount Lebanon" }, "geometry": { "type": "Point", "coordinates": [ 35.648682099999974, 33.88714520000002 ] } },
{ "type": "Feature", "properties": { "name_en": "Baabdat", "name_ar": "بعبدات", "place_type": "village", "unique_id": "CAS_LBN36023", "district": "El Meten", "governorate": "Mount Lebanon" }, "geometry": { "type": "Point", "coordinates": [ 35.668513, 33.891445 ] } },
{ "type": "Feature", "properties": { "name_en": "Sfaile", "name_ar": "سفيلة", "place_type": "village", "unique_id": "CAS_LBN36173", "district": "El Meten", "governorate": "Mount Lebanon" }, "geometry": { "type": "Point", "coordinates": [ 35.67437, 33.885188 ] } },
{ "type": "Feature", "properties": { "name_en": "Aaraar", "name_ar": "عرعار", "place_type": "village", "unique_id": "CAS_LBN36006", "district": "El Meten", "governorate": "Mount Lebanon" }, "geometry": { "type": "Point", "coordinates": [ 35.678423, 33.899278 ] } },
{ "type": "Feature", "properties": { "name_en": "En Naas", "name_ar": "نعص", "place_type": "village", "unique_id": "CAS_LBN36085", "district": "El Meten", "governorate": "Mount Lebanon" }, "geometry": { "type": "Point", "coordinates": [ 35.680496, 33.911202 ] } },
{ "type": "Feature", "properties": { "name_en": "Mar Mousa Ed Daouar", "name_ar": "مار موسى الدوار", "place_type": "village", "unique_id": "CAS_LBN36127", "district": "El Meten", "governorate": "Mount Lebanon" }, "geometry": { "type": "Point", "coordinates": [ 35.686722, 33.904351 ] } },
{ "type": "Feature", "properties": { "name_en": "Qennabet Salima", "name_ar": "قنابة صليما", "place_type": "village", "unique_id": "CAS_LBN36158", "district": "El Meten", "governorate": "Mount Lebanon" }, "geometry": { "type": "Point", "coordinates": [ 35.693064, 33.885265 ] } },
{ "type": "Feature", "properties": { "name_en": "Douar", "name_ar": "دوار", "place_type": "village", "unique_id": "CAS_LBN36074", "district": "El Meten", "governorate": "Mount Lebanon" }, "geometry": { "type": "Point", "coordinates": [ 35.697633, 33.907364 ] } },
{ "type": "Feature", "properties": { "name_en": "Cherchar", "name_ar": "شرشار", "place_type": "village", "unique_id": "CAS_LBN36049", "district": "El Meten", "governorate": "Mount Lebanon" }, "geometry": { "type": "Point", "coordinates": [ 35.698612, 33.897727 ] } },
{ "type": "Feature", "properties": { "name_en": "Bsifrine", "name_ar": "بسفرين", "place_type": "village", "unique_id": "CAS_LBN36045", "district": "El Meten", "governorate": "Mount Lebanon" }, "geometry": { "type": "Point", "coordinates": [ 35.701863, 33.886472 ] } },
{ "type": "Feature", "properties": { "name_en": "Aairoun", "name_ar": "عيرون", "place_type": "village", "unique_id": "CAS_LBN36003", "district": "El Meten", "governorate": "Mount Lebanon" }, "geometry": { "type": "Point", "coordinates": [ 35.703845, 33.906211 ] } },
{ "type": "Feature", "properties": { "name_en": "Zahriye El Meten", "name_ar": "زاهرية المتن", "place_type": "village", "unique_id": "CAS_LBN36181", "district": "El Meten", "governorate": "Mount Lebanon" }, "geometry": { "type": "Point", "coordinates": [ 35.706517, 33.885049 ] } },
{ "type": "Feature", "properties": { "name_en": "Zaraaoun", "name_ar": "زرعون", "place_type": "village", "unique_id": "CAS_LBN36183", "district": "El Meten", "governorate": "Mount Lebanon" }, "geometry": { "type": "Point", "coordinates": [ 35.708669, 33.896426 ] } },
{ "type": "Feature", "properties": { "name_en": "Ain Er Rihane el meten", "name_ar": "عين الريحان المتن", "place_type": "village", "unique_id": "CAS_LBN36014", "district": "El Meten", "governorate": "Mount Lebanon" }, "geometry": { "type": "Point", "coordinates": [ 35.694392, 33.91843 ] } },
{ "type": "Feature", "properties": { "name_en": "Saqeit El Misk", "name_ar": "ساقية المسك", "place_type": "village", "unique_id": "CAS_LBN36172", "district": "El Meten", "governorate": "Mount Lebanon" }, "geometry": { "type": "Point", "coordinates": [ 35.676445, 33.919315 ] } },
{ "type": "Feature", "properties": { "name_en": "Mhaydse", "name_ar": "محيدثة المتن", "place_type": "village", "unique_id": "CAS_LBN36140", "district": "El Meten", "governorate": "Mount Lebanon" }, "geometry": { "type": "Point", "coordinates": [ 35.692523, 33.920925 ] } },
{ "type": "Feature", "properties": { "name_en": "Delb", "name_ar": "دلب", "place_type": "village", "unique_id": "CAS_LBN36071", "district": "El Meten", "governorate": "Mount Lebanon" }, "geometry": { "type": "Point", "coordinates": [ 35.696197, 33.921819 ] } },
{ "type": "Feature", "properties": { "name_en": "Machraa", "name_ar": "مشرع", "place_type": "village", "unique_id": "CAS_LBN36118", "district": "El Meten", "governorate": "Mount Lebanon" }, "geometry": { "type": "Point", "coordinates": [ 35.6907, 33.92275 ] } },
{ "type": "Feature", "properties": { "name_en": "Ain el-Kach", "name_ar": "عين القش", "place_type": "village", "unique_id": "CAS_LBN36186", "district": "El Meten", "governorate": "Mount Lebanon" }, "geometry": { "type": "Point", "coordinates": [ 35.7011, 33.924 ] } },
{ "type": "Feature", "properties": { "name_en": "Bikfayia", "name_ar": "بكفيا", "place_type": "village", "unique_id": "CAS_LBN36037", "district": "El Meten", "governorate": "Mount Lebanon" }, "geometry": { "type": "Point", "coordinates": [ 35.682794, 33.924022 ] } },
{ "type": "Feature", "properties": { "name_en": "Beit Chebab", "name_ar": "بيت شباب", "place_type": "village", "unique_id": "CAS_LBN36029", "district": "El Meten", "governorate": "Mount Lebanon" }, "geometry": { "type": "Point", "coordinates": [ 35.672164, 33.92921 ] } },
{ "type": "Feature", "properties": { "name_en": "Ouadi Chahine", "name_ar": "وادي شاهين", "place_type": "village", "unique_id": "CAS_LBN36151", "district": "El Meten", "governorate": "Mount Lebanon" }, "geometry": { "type": "Point", "coordinates": [ 35.693358, 33.930636 ] } },
{ "type": "Feature", "properties": { "name_en": "Mar Boutrous Karm El- Tine", "name_ar": "مار بطرس كرم التين", "place_type": "village", "unique_id": "CAS_LBN36125", "district": "El Meten", "governorate": "Mount Lebanon" }, "geometry": { "type": "Point", "coordinates": [ 35.684404, 33.931431 ] } },
{ "type": "Feature", "properties": { "name_en": "Ain El Kharroube", "name_ar": "عين الخروبة", "place_type": "village", "unique_id": "CAS_LBN36011", "district": "El Meten", "governorate": "Mount Lebanon" }, "geometry": { "type": "Point", "coordinates": [ 35.699394, 33.934869 ] } },
{ "type": "Feature", "properties": { "name_en": "Hamlaya", "name_ar": "حملايا", "place_type": "village", "unique_id": "CAS_LBN36099", "district": "El Meten", "governorate": "Mount Lebanon" }, "geometry": { "type": "Point", "coordinates": [ 35.706335, 33.93913 ] } },
{ "type": "Feature", "properties": { "name_en": "Mayasse", "name_ar": "مياسة", "place_type": "village", "unique_id": "CAS_LBN36132", "district": "El Meten", "governorate": "Mount Lebanon" }, "geometry": { "type": "Point", "coordinates": [ 35.695342, 33.940657 ] } },
{ "type": "Feature", "properties": { "name_en": "sfaileh Bikfaya", "name_ar": "سفيلة بكفيا", "place_type": "village", "unique_id": "CAS_LBN36187", "district": "El Meten", "governorate": "Mount Lebanon" }, "geometry": { "type": "Point", "coordinates": [ 35.697677, 33.944782 ] } },
{ "type": "Feature", "properties": { "name_en": "Sfaila", "name_ar": "سفيلة", "place_type": "village", "unique_id": "OSM_node/5896715709", "district": "El Meten", "governorate": "Mount Lebanon" }, "geometry": { "type": "Point", "coordinates": [ 35.699728400000026, 33.942429899999979 ] } },
{ "type": "Feature", "properties": { "name_en": "Mhaydse", "name_ar": "محيدسة", "place_type": "village", "unique_id": "OSM_node/7681253968", "district": "El Meten", "governorate": "Mount Lebanon" }, "geometry": { "type": "Point", "coordinates": [ 35.70006810000001, 33.9198187 ] } },
{ "type": "Feature", "properties": { "name_en": "Mar Moussa", "name_ar": "مار موسى", "place_type": "village", "unique_id": "OSM_node/5262771396", "district": "El Meten", "governorate": "Mount Lebanon" }, "geometry": { "type": "Point", "coordinates": [ 35.6861495, 33.900986499999988 ] } },
{ "type": "Feature", "properties": { "name_en": "Faouar el meten", "name_ar": "فوار المتن", "place_type": "village", "unique_id": "CAS_LBN36094", "district": "El Meten", "governorate": "Mount Lebanon" }, "geometry": { "type": "Point", "coordinates": [ 35.828696, 33.900175 ] } },
{ "type": "Feature", "properties": { "name_en": "Deir Chamra", "name_ar": "دير شمرا", "place_type": "village", "unique_id": "CAS_LBN36061", "district": "El Meten", "governorate": "Mount Lebanon" }, "geometry": { "type": "Point", "coordinates": [ 35.711205, 33.947463 ] } },
{ "type": "Feature", "properties": { "name_en": "Dhour El Choueir", "name_ar": "ضهور الشوير", "place_type": "town", "unique_id": "OSM_node/8121397339", "district": "El Meten", "governorate": "Mount Lebanon" }, "geometry": { "type": "Point", "coordinates": [ 35.7119179, 33.91048840000002 ] } },
{ "type": "Feature", "properties": { "name_en": "Choueir", "name_ar": "شوير", "place_type": "village", "unique_id": "CAS_LBN36053", "district": "El Meten", "governorate": "Mount Lebanon" }, "geometry": { "type": "Point", "coordinates": [ 35.713275, 33.913008 ] } },
{ "type": "Feature", "properties": { "name_en": "Zaghrine El Meten", "name_ar": "زغرين المتن", "place_type": "village", "unique_id": "CAS_LBN36180", "district": "El Meten", "governorate": "Mount Lebanon" }, "geometry": { "type": "Point", "coordinates": [ 35.714131, 33.926383 ] } },
{ "type": "Feature", "properties": { "name_en": "Qaaqour", "name_ar": "القعقور", "place_type": "village", "unique_id": "CAS_LBN36156", "district": "El Meten", "governorate": "Mount Lebanon" }, "geometry": { "type": "Point", "coordinates": [ 35.714807, 33.892579 ] } },
{ "type": "Feature", "properties": { "name_en": "Ain el Qassis", "name_ar": "عين القسيس", "place_type": "village", "unique_id": "CAS_LBN36013", "district": "El Meten", "governorate": "Mount Lebanon" }, "geometry": { "type": "Point", "coordinates": [ 35.715594, 33.915417 ] } },
{ "type": "Feature", "properties": { "name_en": "Abou Mizane", "name_ar": "أبو ميزان", "place_type": "village", "unique_id": "CAS_LBN36008", "district": "El Meten", "governorate": "Mount Lebanon" }, "geometry": { "type": "Point", "coordinates": [ 35.716967, 33.936817 ] } },
{ "type": "Feature", "properties": { "name_en": "Dhour Ech Choueir", "name_ar": "ضهور الشوير", "place_type": "village", "unique_id": "CAS_LBN36072", "district": "El Meten", "governorate": "Mount Lebanon" }, "geometry": { "type": "Point", "coordinates": [ 35.7214, 33.9067 ] } },
{ "type": "Feature", "properties": { "name_en": "Chouaiya", "name_ar": "شويا", "place_type": "village", "unique_id": "CAS_LBN36052", "district": "El Meten", "governorate": "Mount Lebanon" }, "geometry": { "type": "Point", "coordinates": [ 35.723164, 33.928794 ] } },
{ "type": "Feature", "properties": { "name_en": "Khalle", "name_ar": "خلة المتين", "place_type": "village", "unique_id": "CAS_LBN36114", "district": "El Meten", "governorate": "Mount Lebanon" }, "geometry": { "type": "Point", "coordinates": [ 35.724546, 33.899089 ] } },
{ "type": "Feature", "properties": { "name_en": "Ain et Toufaha", "name_ar": "عين التفاحة", "place_type": "village", "unique_id": "CAS_LBN36017", "district": "El Meten", "governorate": "Mount Lebanon" }, "geometry": { "type": "Point", "coordinates": [ 35.725627, 33.933178 ] } },
{ "type": "Feature", "properties": { "name_en": "Ain Es Safsaf el meten", "name_ar": "عين الصفصاف المتن", "place_type": "village", "unique_id": "CAS_LBN36015", "district": "El Meten", "governorate": "Mount Lebanon" }, "geometry": { "type": "Point", "coordinates": [ 35.726276, 33.911195 ] } },
{ "type": "Feature", "properties": { "name_en": "Ain Es Sindiane", "name_ar": "عين السنديانة", "place_type": "village", "unique_id": "CAS_LBN36016", "district": "El Meten", "governorate": "Mount Lebanon" }, "geometry": { "type": "Point", "coordinates": [ 35.727662, 33.903634 ] } },
{ "type": "Feature", "properties": { "name_en": "Jouar", "name_ar": "جوار المتن", "place_type": "village", "unique_id": "CAS_LBN36109", "district": "El Meten", "governorate": "Mount Lebanon" }, "geometry": { "type": "Point", "coordinates": [ 35.729883, 33.928515 ] } },
{ "type": "Feature", "properties": { "name_en": "Ain Al Sindyana", "name_ar": "عين السنديانة", "place_type": "village", "unique_id": "OSM_node/4485745043", "district": "El Meten", "governorate": "Mount Lebanon" }, "geometry": { "type": "Point", "coordinates": [ 35.730384500000014, 33.9018903 ] } },
{ "type": "Feature", "properties": { "name_en": "Cherin", "name_ar": "شرين", "place_type": "village", "unique_id": "CAS_LBN36050", "district": "El Meten", "governorate": "Mount Lebanon" }, "geometry": { "type": "Point", "coordinates": [ 35.731457, 33.933462 ] } },
{ "type": "Feature", "properties": { "name_en": "Deir Ma Yohanna El Khenchara", "name_ar": "ديرمار يوحنا الخنشارة", "place_type": "village", "unique_id": "CAS_LBN36064", "district": "El Meten", "governorate": "Mount Lebanon" }, "geometry": { "type": "Point", "coordinates": [ 35.734968, 33.921075 ] } },
{ "type": "Feature", "properties": { "name_en": "Bolonia", "name_ar": "بولونيا", "place_type": "village", "unique_id": "CAS_LBN36039", "district": "El Meten", "governorate": "Mount Lebanon" }, "geometry": { "type": "Point", "coordinates": [ 35.735498, 33.908789 ] } },
{ "type": "Feature", "properties": { "name_en": "Ghabet Bolonia", "name_ar": "غابة بولونيا", "place_type": "village", "unique_id": "CAS_LBN36097", "district": "El Meten", "governorate": "Mount Lebanon" }, "geometry": { "type": "Point", "coordinates": [ 35.735779, 33.911319 ] } },
{ "type": "Feature", "properties": { "name_en": "Bnabil", "name_ar": "بنابيل", "place_type": "village", "unique_id": "CAS_LBN36038", "district": "El Meten", "governorate": "Mount Lebanon" }, "geometry": { "type": "Point", "coordinates": [ 35.73689, 33.900191 ] } },
{ "type": "Feature", "properties": { "name_en": "Mar Mkhayel Bnabil", "name_ar": "مار مخايل بنابيل", "place_type": "village", "unique_id": "CAS_LBN36126", "district": "El Meten", "governorate": "Mount Lebanon" }, "geometry": { "type": "Point", "coordinates": [ 35.737392, 33.90324 ] } },
{ "type": "Feature", "properties": { "name_en": "El Borj El Khenchara", "name_ar": "برج الخنشارة", "place_type": "village", "unique_id": "CAS_LBN36076", "district": "El Meten", "governorate": "Mount Lebanon" }, "geometry": { "type": "Point", "coordinates": [ 35.73816, 33.91885 ] } },
{ "type": "Feature", "properties": { "name_en": "Balouaa", "name_ar": "بالوع", "place_type": "village", "unique_id": "CAS_LBN36025", "district": "El Meten", "governorate": "Mount Lebanon" }, "geometry": { "type": "Point", "coordinates": [ 35.738525, 33.915636 ] } },
{ "type": "Feature", "properties": { "name_en": "Et Tabche", "name_ar": "طبشة", "place_type": "village", "unique_id": "CAS_LBN36090", "district": "El Meten", "governorate": "Mount Lebanon" }, "geometry": { "type": "Point", "coordinates": [ 35.738733, 33.927551 ] } },
{ "type": "Feature", "properties": { "name_en": "Mtein", "name_ar": "المتين", "place_type": "village", "unique_id": "CAS_LBN36147", "district": "El Meten", "governorate": "Mount Lebanon" }, "geometry": { "type": "Point", "coordinates": [ 35.740035, 33.891467 ] } },
{ "type": "Feature", "properties": { "name_en": "Khenchara", "name_ar": "خنشارة", "place_type": "village", "unique_id": "CAS_LBN36115", "district": "El Meten", "governorate": "Mount Lebanon" }, "geometry": { "type": "Point", "coordinates": [ 35.740039, 33.925114 ] } },
{ "type": "Feature", "properties": { "name_en": "Ouata El Mrouj", "name_ar": "وطى المروج", "place_type": "village", "unique_id": "CAS_LBN36155", "district": "El Meten", "governorate": "Mount Lebanon" }, "geometry": { "type": "Point", "coordinates": [ 35.741561, 33.910307 ] } },
{ "type": "Feature", "properties": { "name_en": "Ain Zaitoune", "name_ar": "عين الزيتونة", "place_type": "village", "unique_id": "CAS_LBN36020", "district": "El Meten", "governorate": "Mount Lebanon" }, "geometry": { "type": "Point", "coordinates": [ 35.742185, 33.904974 ] } },
{ "type": "Feature", "properties": { "name_en": "Kfar Aaqab", "name_ar": "كفرعقاب", "place_type": "village", "unique_id": "CAS_LBN36112", "district": "El Meten", "governorate": "Mount Lebanon" }, "geometry": { "type": "Point", "coordinates": [ 35.743618, 33.945265 ] } },
{ "type": "Feature", "properties": { "name_en": "Mcheikha", "name_ar": "مشيخا", "place_type": "village", "unique_id": "CAS_LBN36138", "district": "El Meten", "governorate": "Mount Lebanon" }, "geometry": { "type": "Point", "coordinates": [ 35.746617, 33.886487 ] } },
{ "type": "Feature", "properties": { "name_en": "Bteghrine", "name_ar": "بتغرين", "place_type": "village", "unique_id": "CAS_LBN36046", "district": "El Meten", "governorate": "Mount Lebanon" }, "geometry": { "type": "Point", "coordinates": [ 35.747002, 33.928641 ] } },
{ "type": "Feature", "properties": { "name_en": "Ouadi El Karm", "name_ar": "وادي الكرم المتن", "place_type": "village", "unique_id": "CAS_LBN36154", "district": "El Meten", "governorate": "Mount Lebanon" }, "geometry": { "type": "Point", "coordinates": [ 35.749395, 33.949239 ] } },
{ "type": "Feature", "properties": { "name_en": "El Manazil", "name_ar": "منازل", "place_type": "village", "unique_id": "CAS_LBN36082", "district": "El Meten", "governorate": "Mount Lebanon" }, "geometry": { "type": "Point", "coordinates": [ 35.75365, 33.950853 ] } },
{ "type": "Feature", "properties": { "name_en": "Chbouq", "name_ar": "شبوق", "place_type": "village", "unique_id": "CAS_LBN36048", "district": "El Meten", "governorate": "Mount Lebanon" }, "geometry": { "type": "Point", "coordinates": [ 35.754381, 33.952889 ] } },
{ "type": "Feature", "properties": { "name_en": "Zabbougha", "name_ar": "زبوغا", "place_type": "village", "unique_id": "CAS_LBN36179", "district": "El Meten", "governorate": "Mount Lebanon" }, "geometry": { "type": "Point", "coordinates": [ 35.735111, 33.952481 ] } },
{ "type": "Feature", "properties": { "name_en": "Marjaba", "name_ar": "مرجبا", "place_type": "village", "unique_id": "CAS_LBN36130", "district": "El Meten", "governorate": "Mount Lebanon" }, "geometry": { "type": "Point", "coordinates": [ 35.750877, 33.916162 ] } },
{ "type": "Feature", "properties": { "name_en": "Mrouj", "name_ar": "المروج", "place_type": "village", "unique_id": "CAS_LBN36145", "district": "El Meten", "governorate": "Mount Lebanon" }, "geometry": { "type": "Point", "coordinates": [ 35.751388, 33.911542 ] } },
{ "type": "Feature", "properties": { "name_en": "Bchellama", "name_ar": "بشلامة", "place_type": "village", "unique_id": "CAS_LBN36028", "district": "El Meten", "governorate": "Mount Lebanon" }, "geometry": { "type": "Point", "coordinates": [ 35.753881, 33.902136 ] } },
{ "type": "Feature", "properties": { "name_en": "Aintoura el meten", "name_ar": "عينطورة المتن", "place_type": "village", "unique_id": "CAS_LBN36021", "district": "El Meten", "governorate": "Mount Lebanon" }, "geometry": { "type": "Point", "coordinates": [ 35.773717, 33.885197 ] } },
{ "type": "Feature", "properties": { "name_en": "Ksayfiyeh", "name_ar": "قصيفية", "place_type": "village", "unique_id": "CAS_LBN36117", "district": "El Meten", "governorate": "Mount Lebanon" }, "geometry": { "type": "Point", "coordinates": [ 35.775406, 33.8897 ] } },
{ "type": "Feature", "properties": { "name_en": "Aafs", "name_ar": "عفص", "place_type": "village", "unique_id": "CAS_LBN36002", "district": "El Meten", "governorate": "Mount Lebanon" }, "geometry": { "type": "Point", "coordinates": [ 35.778367, 33.892242 ] } },
{ "type": "Feature", "properties": { "name_en": "Mchaymcheh", "name_ar": "مشيمشة", "place_type": "village", "unique_id": "CAS_LBN36137", "district": "El Meten", "governorate": "Mount Lebanon" }, "geometry": { "type": "Point", "coordinates": [ 35.78617, 33.919672 ] } },
{ "type": "Feature", "properties": { "name_en": "Qottara Aintouret", "name_ar": "قطارة عينطورة المتن", "place_type": "village", "unique_id": "CAS_LBN36163", "district": "El Meten", "governorate": "Mount Lebanon" }, "geometry": { "type": "Point", "coordinates": [ 35.790847, 33.899844 ] } },
{ "type": "Feature", "properties": { "name_en": "Raqayeq", "name_ar": "رقايق", "place_type": "village", "unique_id": "CAS_LBN36166", "district": "El Meten", "governorate": "Mount Lebanon" }, "geometry": { "type": "Point", "coordinates": [ 35.793067, 33.894694 ] } },
{ "type": "Feature", "properties": { "name_en": "Ouadi El Amine", "name_ar": "وادي الامين", "place_type": "village", "unique_id": "CAS_LBN36153", "district": "El Meten", "governorate": "Mount Lebanon" }, "geometry": { "type": "Point", "coordinates": [ 35.795844, 33.903047 ] } },
{ "type": "Feature", "properties": { "name_en": "El Habach", "name_ar": "حباش", "place_type": "village", "unique_id": "CAS_LBN36079", "district": "El Meten", "governorate": "Mount Lebanon" }, "geometry": { "type": "Point", "coordinates": [ 35.798749, 33.921208 ] } },
{ "type": "Feature", "properties": { "name_en": "Majdel Tarchich", "name_ar": "مجدل ترشيش", "place_type": "village", "unique_id": "CAS_LBN36119", "district": "El Meten", "governorate": "Mount Lebanon" }, "geometry": { "type": "Point", "coordinates": [ 35.801908, 33.894642 ] } },
{ "type": "Feature", "properties": { "name_en": "Mamboukh", "name_ar": "الممبوخ", "place_type": "village", "unique_id": "CAS_LBN36122", "district": "El Meten", "governorate": "Mount Lebanon" }, "geometry": { "type": "Point", "coordinates": [ 35.818456, 33.928039 ] } },
{ "type": "Feature", "properties": { "name_en": "Ouadi ed Delb", "name_ar": "وادي الدلب", "place_type": "village", "unique_id": "CAS_LBN36152", "district": "El Meten", "governorate": "Mount Lebanon" }, "geometry": { "type": "Point", "coordinates": [ 35.828502, 33.931849 ] } },
{ "type": "Feature", "properties": { "name_en": "Sannine", "name_ar": "صنين", "place_type": "village", "unique_id": "CAS_LBN36171", "district": "El Meten", "governorate": "Mount Lebanon" }, "geometry": { "type": "Point", "coordinates": [ 35.840435, 33.937147 ] } },
{ "type": "Feature", "properties": { "name_en": "Ain El Qabou", "name_ar": "عين القبو", "place_type": "village", "unique_id": "CAS_LBN36012", "district": "El Meten", "governorate": "Mount Lebanon" }, "geometry": { "type": "Point", "coordinates": [ 35.760132, 33.939319 ] } },
{ "type": "Feature", "properties": { "name_en": "Deir Mar Simaane", "name_ar": "دير مار سمعان", "place_type": "village", "unique_id": "CAS_LBN36067", "district": "El Meten", "governorate": "Mount Lebanon" }, "geometry": { "type": "Point", "coordinates": [ 35.76605, 33.942 ] } },
{ "type": "Feature", "properties": { "name_en": "Baskinta", "name_ar": "بسكنتا", "place_type": "village", "unique_id": "CAS_LBN36027", "district": "El Meten", "governorate": "Mount Lebanon" }, "geometry": { "type": "Point", "coordinates": [ 35.789095, 33.943925 ] } },
{ "type": "Feature", "properties": { "name_en": "El Machrah", "name_ar": "مشرح", "place_type": "village", "unique_id": "CAS_LBN36081", "district": "El Meten", "governorate": "Mount Lebanon" }, "geometry": { "type": "Point", "coordinates": [ 35.753336, 33.945336 ] } },
{ "type": "Feature", "properties": { "name_en": "Marj Baskinta", "name_ar": "مرج بسكنتا", "place_type": "village", "unique_id": "CAS_LBN36129", "district": "El Meten", "governorate": "Mount Lebanon" }, "geometry": { "type": "Point", "coordinates": [ 35.776469, 33.955347 ] } },
{ "type": "Feature", "properties": { "name_en": "Kfartay", "name_ar": "كفرتيه", "place_type": "village", "unique_id": "CAS_LBN36113", "district": "El Meten", "governorate": "Mount Lebanon" }, "geometry": { "type": "Point", "coordinates": [ 35.761388, 33.955531 ] } },
{ "type": "Feature", "properties": { "name_en": "Beqaata En Nahr", "name_ar": "بقعاتا النهر", "place_type": "village", "unique_id": "CAS_LBN36033", "district": "El Meten", "governorate": "Mount Lebanon" }, "geometry": { "type": "Point", "coordinates": [ 35.778448, 33.963866 ] } },
{ "type": "Feature", "properties": { "name_en": "Qanat Bakich", "name_ar": "قناة باكيش", "place_type": "village", "unique_id": "CAS_LBN36157", "district": "El Meten", "governorate": "Mount Lebanon" }, "geometry": { "type": "Point", "coordinates": [ 35.812761, 33.964625 ] } },
{ "type": "Feature", "properties": { "name_en": "Zaarour", "name_ar": "الزعرور", "place_type": "village", "unique_id": "OSM_node/3484010915", "district": "El Meten", "governorate": "Mount Lebanon" }, "geometry": { "type": "Point", "coordinates": [ 35.8024835, 33.922502599999973 ] } },
{ "type": "Feature", "properties": { "name_en": "El Braij Qornet Chahouane", "name_ar": "بريج قرنة شهوان", "place_type": "village", "unique_id": "CAS_LBN36077", "district": "El Meten", "governorate": "Mount Lebanon" }, "geometry": { "type": "Point", "coordinates": [ 35.630119, 33.921777 ] } },
{ "type": "Feature", "properties": { "name_en": "Zikrit", "name_ar": "زكريت", "place_type": "village", "unique_id": "CAS_LBN36184", "district": "El Meten", "governorate": "Mount Lebanon" }, "geometry": { "type": "Point", "coordinates": [ 35.632942, 33.935873 ] } },
{ "type": "Feature", "properties": { "name_en": "Ramie", "name_ar": "رامية", "place_type": "village", "unique_id": "CAS_LBN36165", "district": "El Meten", "governorate": "Mount Lebanon" }, "geometry": { "type": "Point", "coordinates": [ 35.633204, 33.904644 ] } },
{ "type": "Feature", "properties": { "name_en": "Mazraat Yachoua", "name_ar": "مزرعة يشوع", "place_type": "village", "unique_id": "CAS_LBN36136", "district": "El Meten", "governorate": "Mount Lebanon" }, "geometry": { "type": "Point", "coordinates": [ 35.63455, 33.931654 ] } },
{ "type": "Feature", "properties": { "name_en": "Beit El Koukko", "name_ar": "بيت الككو", "place_type": "village", "unique_id": "CAS_LBN36030", "district": "El Meten", "governorate": "Mount Lebanon" }, "geometry": { "type": "Point", "coordinates": [ 35.636852, 33.92414 ] } },
{ "type": "Feature", "properties": { "name_en": "Qornet Chahouane", "name_ar": "قرنة شهوان", "place_type": "village", "unique_id": "CAS_LBN36161", "district": "El Meten", "governorate": "Mount Lebanon" }, "geometry": { "type": "Point", "coordinates": [ 35.638842, 33.917561 ] } },
{ "type": "Feature", "properties": { "name_en": "Hbous", "name_ar": "حبوس", "place_type": "village", "unique_id": "CAS_LBN36103", "district": "El Meten", "governorate": "Mount Lebanon" }, "geometry": { "type": "Point", "coordinates": [ 35.642494, 33.928181 ] } },
{ "type": "Feature", "properties": { "name_en": "Ain Aar", "name_ar": "عين عار", "place_type": "village", "unique_id": "CAS_LBN36010", "district": "El Meten", "governorate": "Mount Lebanon" }, "geometry": { "type": "Point", "coordinates": [ 35.644389, 33.923225 ] } },
{ "type": "Feature", "properties": { "name_en": "Qornet El Hamra", "name_ar": "قرنة الحمرا", "place_type": "village", "unique_id": "CAS_LBN36162", "district": "El Meten", "governorate": "Mount Lebanon" }, "geometry": { "type": "Point", "coordinates": [ 35.648383, 33.935542 ] } },
{ "type": "Feature", "properties": { "name_en": "Aatchane", "name_ar": "عطشانة", "place_type": "village", "unique_id": "CAS_LBN36007", "district": "El Meten", "governorate": "Mount Lebanon" }, "geometry": { "type": "Point", "coordinates": [ 35.650216, 33.914611 ] } },
{ "type": "Feature", "properties": { "name_en": "Bhannes", "name_ar": "بحنس", "place_type": "village", "unique_id": "CAS_LBN36034", "district": "El Meten", "governorate": "Mount Lebanon" }, "geometry": { "type": "Point", "coordinates": [ 35.654276, 33.905424 ] } },
{ "type": "Feature", "properties": { "name_en": "Deir Mar Jergos", "name_ar": "دير مار جرجس", "place_type": "village", "unique_id": "CAS_LBN36066", "district": "El Meten", "governorate": "Mount Lebanon" }, "geometry": { "type": "Point", "coordinates": [ 35.654805, 33.932205 ] } },
{ "type": "Feature", "properties": { "name_en": "Qnaitra El Meten", "name_ar": "قنيطرة المتن", "place_type": "village", "unique_id": "CAS_LBN36160", "district": "El Meten", "governorate": "Mount Lebanon" }, "geometry": { "type": "Point", "coordinates": [ 35.656429, 33.925364 ] } },
{ "type": "Feature", "properties": { "name_en": "Fraike", "name_ar": "فريكه", "place_type": "village", "unique_id": "CAS_LBN36095", "district": "El Meten", "governorate": "Mount Lebanon" }, "geometry": { "type": "Point", "coordinates": [ 35.657405, 33.93618 ] } },
{ "type": "Feature", "properties": { "name_en": "Dahr El Souane", "name_ar": "ضهر صوان", "place_type": "village", "unique_id": "OSM_node/5910401557", "district": "El Meten", "governorate": "Mount Lebanon" }, "geometry": { "type": "Point", "coordinates": [ 35.658392900000024, 33.903716200000019 ] } },
{ "type": "Feature", "properties": { "name_en": "Ain Aalaq", "name_ar": "عين علق", "place_type": "village", "unique_id": "CAS_LBN36009", "district": "El Meten", "governorate": "Mount Lebanon" }, "geometry": { "type": "Point", "coordinates": [ 35.658462, 33.920468 ] } },
{ "type": "Feature", "properties": { "name_en": "Chaouiye", "name_ar": "شاوية", "place_type": "village", "unique_id": "CAS_LBN36047", "district": "El Meten", "governorate": "Mount Lebanon" }, "geometry": { "type": "Point", "coordinates": [ 35.658714, 33.930014 ] } },
{ "type": "Feature", "properties": { "name_en": "Chmis Antelias", "name_ar": "شميس أنطلياس", "place_type": "village", "unique_id": "CAS_LBN36051", "district": "El Meten", "governorate": "Mount Lebanon" }, "geometry": { "type": "Point", "coordinates": [ 35.659936, 33.911794 ] } },
{ "type": "Feature", "properties": { "name_en": "Bhersaf", "name_ar": "بحرصاف", "place_type": "village", "unique_id": "CAS_LBN36035", "district": "El Meten", "governorate": "Mount Lebanon" }, "geometry": { "type": "Point", "coordinates": [ 35.663739, 33.914693 ] } },
{ "type": "Feature", "properties": { "name_en": "Dahr Es Souane Meten", "name_ar": "ضهر الصوان المتن", "place_type": "village", "unique_id": "CAS_LBN36057", "district": "El Meten", "governorate": "Mount Lebanon" }, "geometry": { "type": "Point", "coordinates": [ 35.66377, 33.901813 ] } },
{ "type": "Feature", "properties": { "name_en": "Maroun er Ras", "name_ar": "مارون الراس", "place_type": "village", "unique_id": "CAS_LBN41029", "district": "Bent Jbeil", "governorate": "El Nabatieh" }, "geometry": { "type": "Point", "coordinates": [ 35.444167, 33.107525 ] } },
{ "type": "Feature", "properties": { "name_en": "Aaitaroun", "name_ar": "عيترون", "place_type": "village", "unique_id": "CAS_LBN41003", "district": "Bent Jbeil", "governorate": "El Nabatieh" }, "geometry": { "type": "Point", "coordinates": [ 35.467831, 33.115636 ] } },
{ "type": "Feature", "properties": { "name_en": "Chaqra", "name_ar": "شقرا", "place_type": "village", "unique_id": "CAS_LBN41012", "district": "Bent Jbeil", "governorate": "El Nabatieh" }, "geometry": { "type": "Point", "coordinates": [ 35.468158, 33.193247 ] } },
{ "type": "Feature", "properties": { "name_en": "Doubiye", "name_ar": "دوبية", "place_type": "village", "unique_id": "CAS_LBN41015", "district": "Bent Jbeil", "governorate": "El Nabatieh" }, "geometry": { "type": "Point", "coordinates": [ 35.481861, 33.193733 ] } },
{ "type": "Feature", "properties": { "name_en": "Kafra Bent Jbeil", "name_ar": "كفرا بنت جبيل", "place_type": "village", "unique_id": "CAS_LBN41025", "district": "Bent Jbeil", "governorate": "El Nabatieh" }, "geometry": { "type": "Point", "coordinates": [ 35.350728, 33.176019 ] } },
{ "type": "Feature", "properties": { "name_en": "Sammoukha", "name_ar": "صموخة", "place_type": "village", "unique_id": "OSM_node/5578540130", "district": "Bent Jbeil", "governorate": "El Nabatieh" }, "geometry": { "type": "Point", "coordinates": [ 35.3509441, 33.068072799999982 ] } },
{ "type": "Feature", "properties": { "name_en": "Sribbine", "name_ar": "صربين", "place_type": "village", "unique_id": "CAS_LBN41040", "district": "Bent Jbeil", "governorate": "El Nabatieh" }, "geometry": { "type": "Point", "coordinates": [ 35.357883, 33.153689 ] } },
{ "type": "Feature", "properties": { "name_en": "Rachaf", "name_ar": "رشاف", "place_type": "village", "unique_id": "CAS_LBN41034", "district": "Bent Jbeil", "governorate": "El Nabatieh" }, "geometry": { "type": "Point", "coordinates": [ 35.361608, 33.142964 ] } },
{ "type": "Feature", "properties": { "name_en": "Qatmoun", "name_ar": "قطموم", "place_type": "village", "unique_id": "CAS_LBN41033", "district": "Bent Jbeil", "governorate": "El Nabatieh" }, "geometry": { "type": "Point", "coordinates": [ 35.363583, 33.060483 ] } },
{ "type": "Feature", "properties": { "name_en": "Debl Oummiya", "name_ar": "دبل امية", "place_type": "village", "unique_id": "CAS_LBN41013", "district": "Bent Jbeil", "governorate": "El Nabatieh" }, "geometry": { "type": "Point", "coordinates": [ 35.36535, 33.119742 ] } },
{ "type": "Feature", "properties": { "name_en": "Rmaich", "name_ar": "رميش", "place_type": "village", "unique_id": "CAS_LBN41036", "district": "Bent Jbeil", "governorate": "El Nabatieh" }, "geometry": { "type": "Point", "coordinates": [ 35.368008, 33.07935 ] } },
{ "type": "Feature", "properties": { "name_en": "Jbab El Aarab", "name_ar": "جباب العرب", "place_type": "village", "unique_id": "OSM_node/530649948", "district": "Bent Jbeil", "governorate": "El Nabatieh" }, "geometry": { "type": "Point", "coordinates": [ 35.372014799999988, 33.068464399999982 ] } },
{ "type": "Feature", "properties": { "name_en": "Oumaya", "name_ar": "أمية", "place_type": "village", "unique_id": "OSM_node/530635864", "district": "Bent Jbeil", "governorate": "El Nabatieh" }, "geometry": { "type": "Point", "coordinates": [ 35.372317, 33.1185827 ] } },
{ "type": "Feature", "properties": { "name_en": "Deir Ntar", "name_ar": "دير نطار", "place_type": "village", "unique_id": "CAS_LBN41014", "district": "Bent Jbeil", "governorate": "El Nabatieh" }, "geometry": { "type": "Point", "coordinates": [ 35.373933, 33.219508 ] } },
{ "type": "Feature", "properties": { "name_en": "Hariss", "name_ar": "حاريص", "place_type": "village", "unique_id": "CAS_LBN41022", "district": "Bent Jbeil", "governorate": "El Nabatieh" }, "geometry": { "type": "Point", "coordinates": [ 35.375725, 33.174667 ] } },
{ "type": "Feature", "properties": { "name_en": "Hanine", "name_ar": "حنين", "place_type": "village", "unique_id": "CAS_LBN41021", "district": "Bent Jbeil", "governorate": "El Nabatieh" }, "geometry": { "type": "Point", "coordinates": [ 35.380089, 33.110106 ] } },
{ "type": "Feature", "properties": { "name_en": "El Biyad", "name_ar": "البياد", "place_type": "village", "unique_id": "CAS_LBN41017", "district": "Bent Jbeil", "governorate": "El Nabatieh" }, "geometry": { "type": "Point", "coordinates": [ 35.380655, 33.222164 ] } },
{ "type": "Feature", "properties": { "name_en": "Haddatha", "name_ar": "حداثا", "place_type": "village", "unique_id": "CAS_LBN41020", "district": "Bent Jbeil", "governorate": "El Nabatieh" }, "geometry": { "type": "Point", "coordinates": [ 35.387847, 33.165108 ] } },
{ "type": "Feature", "properties": { "name_en": "Taire", "name_ar": "طيري", "place_type": "village", "unique_id": "CAS_LBN41041", "district": "Bent Jbeil", "governorate": "El Nabatieh" }, "geometry": { "type": "Point", "coordinates": [ 35.399708, 33.139253 ] } },
{ "type": "Feature", "properties": { "name_en": "Ain Ebel", "name_ar": "عين ابل", "place_type": "village", "unique_id": "CAS_LBN41004", "district": "Bent Jbeil", "governorate": "El Nabatieh" }, "geometry": { "type": "Point", "coordinates": [ 35.400842, 33.11155 ] } },
{ "type": "Feature", "properties": { "name_en": "At Tiri", "name_ar": "الطيري", "place_type": "village", "unique_id": "OSM_node/6221755187", "district": "Bent Jbeil", "governorate": "El Nabatieh" }, "geometry": { "type": "Point", "coordinates": [ 35.402873899999975, 33.1423067 ] } },
{ "type": "Feature", "properties": { "name_en": "Bir es Sanassel", "name_ar": "بير السناسل", "place_type": "village", "unique_id": "CAS_LBN41009", "district": "Bent Jbeil", "governorate": "El Nabatieh" }, "geometry": { "type": "Point", "coordinates": [ 35.403861, 33.224364 ] } },
{ "type": "Feature", "properties": { "name_en": "Soultaniye", "name_ar": "سلطانية", "place_type": "village", "unique_id": "CAS_LBN41039", "district": "Bent Jbeil", "governorate": "El Nabatieh" }, "geometry": { "type": "Point", "coordinates": [ 35.40445, 33.204808 ] } },
{ "type": "Feature", "properties": { "name_en": "Aayta ej Jabal Zott", "name_ar": "عيتا الجبل الزط", "place_type": "village", "unique_id": "CAS_LBN41002", "district": "Bent Jbeil", "governorate": "El Nabatieh" }, "geometry": { "type": "Point", "coordinates": [ 35.406547, 33.174886 ] } },
{ "type": "Feature", "properties": { "name_en": "As Sultaniyah", "name_ar": "السلطانية", "place_type": "village", "unique_id": "OSM_node/529861003", "district": "Bent Jbeil", "governorate": "El Nabatieh" }, "geometry": { "type": "Point", "coordinates": [ 35.407732, 33.2055219 ] } },
{ "type": "Feature", "properties": { "name_en": "Tebnine", "name_ar": "تبنين", "place_type": "village", "unique_id": "CAS_LBN41042", "district": "Bent Jbeil", "governorate": "El Nabatieh" }, "geometry": { "type": "Point", "coordinates": [ 35.408783, 33.193978 ] } },
{ "type": "Feature", "properties": { "name_en": "Al Hara", "name_ar": "الحارة", "place_type": "village", "unique_id": "OSM_node/564338215", "district": "Bent Jbeil", "governorate": "El Nabatieh" }, "geometry": { "type": "Point", "coordinates": [ 35.4109158, 33.197290599999974 ] } },
{ "type": "Feature", "properties": { "name_en": "Beit Yahnoun", "name_ar": "بيت ياحون", "place_type": "village", "unique_id": "CAS_LBN41007", "district": "Bent Jbeil", "governorate": "El Nabatieh" }, "geometry": { "type": "Point", "coordinates": [ 35.420214, 33.159022 ] } },
{ "type": "Feature", "properties": { "name_en": "Yaroun", "name_ar": "يارون", "place_type": "village", "unique_id": "CAS_LBN41043", "district": "Bent Jbeil", "governorate": "El Nabatieh" }, "geometry": { "type": "Point", "coordinates": [ 35.422617, 33.080036 ] } },
{ "type": "Feature", "properties": { "name_en": "El Birke", "name_ar": "البركه بنت جبيل", "place_type": "village", "unique_id": "CAS_LBN41016", "district": "Bent Jbeil", "governorate": "El Nabatieh" }, "geometry": { "type": "Point", "coordinates": [ 35.429322, 33.116257 ] } },
{ "type": "Feature", "properties": { "name_en": "Bent Jubail", "name_ar": "بنت جبيل", "place_type": "village", "unique_id": "CAS_LBN41008", "district": "Bent Jbeil", "governorate": "El Nabatieh" }, "geometry": { "type": "Point", "coordinates": [ 35.430539, 33.121025 ] } },
{ "type": "Feature", "properties": { "name_en": "Safad el Battikh", "name_ar": "صفد البطيخ", "place_type": "village", "unique_id": "CAS_LBN41037", "district": "Bent Jbeil", "governorate": "El Nabatieh" }, "geometry": { "type": "Point", "coordinates": [ 35.431786, 33.200108 ] } },
{ "type": "Feature", "properties": { "name_en": "Hay el Jameaa", "name_ar": "الجامع بنت جبيل", "place_type": "village", "unique_id": "CAS_LBN41023", "district": "Bent Jbeil", "governorate": "El Nabatieh" }, "geometry": { "type": "Point", "coordinates": [ 35.436013, 33.116813 ] } },
{ "type": "Feature", "properties": { "name_en": "Kounine", "name_ar": "كونين", "place_type": "village", "unique_id": "CAS_LBN41028", "district": "Bent Jbeil", "governorate": "El Nabatieh" }, "geometry": { "type": "Point", "coordinates": [ 35.437103, 33.148917 ] } },
{ "type": "Feature", "properties": { "name_en": "Aainata", "name_ar": "عيناتا بنت جبيل", "place_type": "village", "unique_id": "CAS_LBN41001", "district": "Bent Jbeil", "governorate": "El Nabatieh" }, "geometry": { "type": "Point", "coordinates": [ 35.438547, 33.128922 ] } },
{ "type": "Feature", "properties": { "name_en": "Jmaijime", "name_ar": "جميجمة", "place_type": "village", "unique_id": "CAS_LBN41024", "district": "Bent Jbeil", "governorate": "El Nabatieh" }, "geometry": { "type": "Point", "coordinates": [ 35.439981, 33.206258 ] } },
{ "type": "Feature", "properties": { "name_en": "Braachit", "name_ar": "برعشيت", "place_type": "village", "unique_id": "CAS_LBN41011", "district": "Bent Jbeil", "governorate": "El Nabatieh" }, "geometry": { "type": "Point", "coordinates": [ 35.443097, 33.175289 ] } },
{ "type": "Feature", "properties": { "name_en": "Kfar Dounine", "name_ar": "كفر دونين", "place_type": "village", "unique_id": "CAS_LBN41026", "district": "Bent Jbeil", "governorate": "El Nabatieh" }, "geometry": { "type": "Point", "coordinates": [ 35.396125, 33.240436 ] } },
{ "type": "Feature", "properties": { "name_en": "Qalaouiye", "name_ar": "قلويه", "place_type": "village", "unique_id": "CAS_LBN41031", "district": "Bent Jbeil", "governorate": "El Nabatieh" }, "geometry": { "type": "Point", "coordinates": [ 35.416653, 33.255192 ] } },
{ "type": "Feature", "properties": { "name_en": "Borj Qalaouiye", "name_ar": "برج قلويه", "place_type": "village", "unique_id": "CAS_LBN41010", "district": "Bent Jbeil", "governorate": "El Nabatieh" }, "geometry": { "type": "Point", "coordinates": [ 35.417978, 33.26055 ] } },
{ "type": "Feature", "properties": { "name_en": "Kherbet Selm", "name_ar": "خربة سلم", "place_type": "village", "unique_id": "OSM_node/6763962183", "district": "Bent Jbeil", "governorate": "El Nabatieh" }, "geometry": { "type": "Point", "coordinates": [ 35.41929140000002, 33.232457599999975 ] } },
{ "type": "Feature", "properties": { "name_en": "Khirbit Silim", "name_ar": "خربة سلم", "place_type": "village", "unique_id": "CAS_LBN41027", "district": "Bent Jbeil", "governorate": "El Nabatieh" }, "geometry": { "type": "Point", "coordinates": [ 35.424586, 33.230197 ] } },
{ "type": "Feature", "properties": { "name_en": "Froun", "name_ar": "فرون", "place_type": "village", "unique_id": "CAS_LBN41018", "district": "Bent Jbeil", "governorate": "El Nabatieh" }, "geometry": { "type": "Point", "coordinates": [ 35.427744, 33.296778 ] } },
{ "type": "Feature", "properties": { "name_en": "Ghandouriye Bent Jbeil", "name_ar": "غندورية بنت جبيل", "place_type": "village", "unique_id": "CAS_LBN41019", "district": "Bent Jbeil", "governorate": "El Nabatieh" }, "geometry": { "type": "Point", "coordinates": [ 35.430128, 33.272036 ] } },
{ "type": "Feature", "properties": { "name_en": "Mazraat Aazze", "name_ar": "مزرعة عزه", "place_type": "village", "unique_id": "CAS_LBN41030", "district": "Bent Jbeil", "governorate": "El Nabatieh" }, "geometry": { "type": "Point", "coordinates": [ 35.4374, 33.287678 ] } },
{ "type": "Feature", "properties": { "name_en": "Salhani", "name_ar": "الصلحاني", "place_type": "village", "unique_id": "CAS_LBN41038", "district": "Bent Jbeil", "governorate": "El Nabatieh" }, "geometry": { "type": "Point", "coordinates": [ 35.302403, 33.128814 ] } },
{ "type": "Feature", "properties": { "name_en": "Ramiye", "name_ar": "رامية بنت جبيل", "place_type": "village", "unique_id": "CAS_LBN41035", "district": "Bent Jbeil", "governorate": "El Nabatieh" }, "geometry": { "type": "Point", "coordinates": [ 35.309314, 33.110436 ] } },
{ "type": "Feature", "properties": { "name_en": "Yater", "name_ar": "ياطر", "place_type": "village", "unique_id": "CAS_LBN41044", "district": "Bent Jbeil", "governorate": "El Nabatieh" }, "geometry": { "type": "Point", "coordinates": [ 35.328022, 33.153694 ] } },
{ "type": "Feature", "properties": { "name_en": "Beit Lif", "name_ar": "بيت ليف", "place_type": "village", "unique_id": "CAS_LBN41006", "district": "Bent Jbeil", "governorate": "El Nabatieh" }, "geometry": { "type": "Point", "coordinates": [ 35.33185, 33.133647 ] } },
{ "type": "Feature", "properties": { "name_en": "Aita Ech Chaab", "name_ar": "عيتا الشعب", "place_type": "village", "unique_id": "CAS_LBN41005", "district": "Bent Jbeil", "governorate": "El Nabatieh" }, "geometry": { "type": "Point", "coordinates": [ 35.334514, 33.097567 ] } },
{ "type": "Feature", "properties": { "name_en": "Qaouzah", "name_ar": "قوزح", "place_type": "village", "unique_id": "CAS_LBN41032", "district": "Bent Jbeil", "governorate": "El Nabatieh" }, "geometry": { "type": "Point", "coordinates": [ 35.336928, 33.121067 ] } },
{ "type": "Feature", "properties": { "name_en": "Ayta Ash Shab", "name_ar": "عيتا الشعب", "place_type": "village", "unique_id": "OSM_node/5509895288", "district": "Bent Jbeil", "governorate": "El Nabatieh" }, "geometry": { "type": "Point", "coordinates": [ 35.340805, 33.0991247 ] } },
{ "type": "Feature", "properties": { "name_en": "Kafra", "name_ar": "كفرا", "place_type": "village", "unique_id": "OSM_node/5194520937", "district": "Bent Jbeil", "governorate": "El Nabatieh" }, "geometry": { "type": "Point", "coordinates": [ 35.345485199999985, 33.169833400000016 ] } },
{ "type": "Feature", "properties": { "name_en": "Ouazzani", "name_ar": "وزاني", "place_type": "village", "unique_id": "CAS_LBN42032", "district": "Hasbaya", "governorate": "El Nabatieh" }, "geometry": { "type": "Point", "coordinates": [ 35.620564, 33.277083 ] } },
{ "type": "Feature", "properties": { "name_en": "Ghajar", "name_ar": "الغجر", "place_type": "village", "unique_id": "OSM_node/4672294477", "district": "Hasbaya", "governorate": "El Nabatieh" }, "geometry": { "type": "Point", "coordinates": [ 35.6239112, 33.2721727 ] } },
{ "type": "Feature", "properties": { "name_en": "Slaiyeb", "name_ar": "صلايب", "place_type": "village", "unique_id": "CAS_LBN42034", "district": "Hasbaya", "governorate": "El Nabatieh" }, "geometry": { "type": "Point", "coordinates": [ 35.630961, 33.292333 ] } },
{ "type": "Feature", "properties": { "name_en": "Khirbet ed Dwayr", "name_ar": "خربة الدوير", "place_type": "village", "unique_id": "CAS_LBN42026", "district": "Hasbaya", "governorate": "El Nabatieh" }, "geometry": { "type": "Point", "coordinates": [ 35.638478, 33.279272 ] } },
{ "type": "Feature", "properties": { "name_en": "Mari", "name_ar": "ماري", "place_type": "village", "unique_id": "CAS_LBN42028", "district": "Hasbaya", "governorate": "El Nabatieh" }, "geometry": { "type": "Point", "coordinates": [ 35.641453, 33.322142 ] } },
{ "type": "Feature", "properties": { "name_en": "Khraibe Hasbaya", "name_ar": "خريبة حاصبيّا", "place_type": "village", "unique_id": "CAS_LBN42027", "district": "Hasbaya", "governorate": "El Nabatieh" }, "geometry": { "type": "Point", "coordinates": [ 35.642308, 33.339267 ] } },
{ "type": "Feature", "properties": { "name_en": "Ayn et Tine", "name_ar": "عين التينة حاصبيا", "place_type": "village", "unique_id": "CAS_LBN42005", "district": "Hasbaya", "governorate": "El Nabatieh" }, "geometry": { "type": "Point", "coordinates": [ 35.643007, 33.272761 ] } },
{ "type": "Feature", "properties": { "name_en": "Dehayrjate", "name_ar": "الدحيرجات", "place_type": "village", "unique_id": "CAS_LBN42010", "district": "Hasbaya", "governorate": "El Nabatieh" }, "geometry": { "type": "Point", "coordinates": [ 35.653156, 33.310664 ] } },
{ "type": "Feature", "properties": { "name_en": "El Majidiye", "name_ar": "مجيدية حاصبيا", "place_type": "village", "unique_id": "CAS_LBN42013", "district": "Hasbaya", "governorate": "El Nabatieh" }, "geometry": { "type": "Point", "coordinates": [ 35.657046, 33.283697 ] } },
{ "type": "Feature", "properties": { "name_en": "Mazraat El Salamia", "name_ar": "مزرعة إسلامية", "place_type": "village", "unique_id": "OSM_node/6563281906", "district": "Hasbaya", "governorate": "El Nabatieh" }, "geometry": { "type": "Point", "coordinates": [ 35.661932, 33.326140599999974 ] } },
{ "type": "Feature", "properties": { "name_en": "Halta", "name_ar": "حلتا", "place_type": "village", "unique_id": "OSM_node/6563281941", "district": "Hasbaya", "governorate": "El Nabatieh" }, "geometry": { "type": "Point", "coordinates": [ 35.663228899999979, 33.314147699999978 ] } },
{ "type": "Feature", "properties": { "name_en": "Qalaa", "name_ar": "القلعة", "place_type": "hamlet", "unique_id": "OSM_node/6563281945", "district": "Hasbaya", "governorate": "El Nabatieh" }, "geometry": { "type": "Point", "coordinates": [ 35.664048400000013, 33.302635099999975 ] } },
{ "type": "Feature", "properties": { "name_en": "Khallet el Ghazale", "name_ar": "خلة الغزالة", "place_type": "village", "unique_id": "CAS_LBN42023", "district": "Hasbaya", "governorate": "El Nabatieh" }, "geometry": { "type": "Point", "coordinates": [ 35.667088, 33.270217 ] } },
{ "type": "Feature", "properties": { "name_en": "Halta Hasbaya", "name_ar": "حلتا حاصبيّا", "place_type": "village", "unique_id": "CAS_LBN42016", "district": "Hasbaya", "governorate": "El Nabatieh" }, "geometry": { "type": "Point", "coordinates": [ 35.67, 33.308631 ] } },
{ "type": "Feature", "properties": { "name_en": "Fashkoul", "name_ar": "فشكول", "place_type": "village", "unique_id": "CAS_LBN42015", "district": "Hasbaya", "governorate": "El Nabatieh" }, "geometry": { "type": "Point", "coordinates": [ 35.670884, 33.274014 ] } },
{ "type": "Feature", "properties": { "name_en": "Kfar Hamam", "name_ar": "كفرحمام", "place_type": "village", "unique_id": "CAS_LBN42022", "district": "Hasbaya", "governorate": "El Nabatieh" }, "geometry": { "type": "Point", "coordinates": [ 35.677458, 33.343208 ] } },
{ "type": "Feature", "properties": { "name_en": "Mazraat Qafoua", "name_ar": "مزرعة قفوى", "place_type": "village", "unique_id": "CAS_LBN42029", "district": "Hasbaya", "governorate": "El Nabatieh" }, "geometry": { "type": "Point", "coordinates": [ 35.679852, 33.282238 ] } },
{ "type": "Feature", "properties": { "name_en": "Kfar Chouba", "name_ar": "كفر شوبا", "place_type": "village", "unique_id": "CAS_LBN42021", "district": "Hasbaya", "governorate": "El Nabatieh" }, "geometry": { "type": "Point", "coordinates": [ 35.691333, 33.328017 ] } },
{ "type": "Feature", "properties": { "name_en": "Berghoz", "name_ar": "برغز", "place_type": "village", "unique_id": "OSM_node/6591986608", "district": "Hasbaya", "governorate": "El Nabatieh" }, "geometry": { "type": "Point", "coordinates": [ 35.635741, 33.408112800000026 ] } },
{ "type": "Feature", "properties": { "name_en": "أبو عرب", "name_ar": "أبو عرب", "place_type": "hamlet", "unique_id": "OSM_node/5832802679", "district": "Hasbaya", "governorate": "El Nabatieh" }, "geometry": { "type": "Point", "coordinates": [ 35.6384678, 33.384079699999972 ] } },
{ "type": "Feature", "properties": { "name_en": "Kaoukaba Hasbaya", "name_ar": "كوكبا حاصبيّا", "place_type": "village", "unique_id": "CAS_LBN42019", "district": "Hasbaya", "governorate": "El Nabatieh" }, "geometry": { "type": "Point", "coordinates": [ 35.643831, 33.398983 ] } },
{ "type": "Feature", "properties": { "name_en": "Abou Qamha", "name_ar": "أبو قمحة", "place_type": "village", "unique_id": "CAS_LBN42001", "district": "Hasbaya", "governorate": "El Nabatieh" }, "geometry": { "type": "Point", "coordinates": [ 35.661242, 33.382581 ] } },
{ "type": "Feature", "properties": { "name_en": "Rachaiya el Foukhar", "name_ar": "راشيّا الفخار", "place_type": "village", "unique_id": "CAS_LBN42033", "district": "Hasbaya", "governorate": "El Nabatieh" }, "geometry": { "type": "Point", "coordinates": [ 35.666497, 33.354022 ] } },
{ "type": "Feature", "properties": { "name_en": "Fardis", "name_ar": "الفرديس", "place_type": "village", "unique_id": "CAS_LBN42014", "district": "Hasbaya", "governorate": "El Nabatieh" }, "geometry": { "type": "Point", "coordinates": [ 35.667103, 33.371939 ] } },
{ "type": "Feature", "properties": { "name_en": "Mazraat Ras el Baidar", "name_ar": "مزرعة راس البيدر", "place_type": "village", "unique_id": "CAS_LBN42030", "district": "Hasbaya", "governorate": "El Nabatieh" }, "geometry": { "type": "Point", "coordinates": [ 35.668812, 33.403485 ] } },
{ "type": "Feature", "properties": { "name_en": "Khalouat el Biyada", "name_ar": "خلوات البياضة", "place_type": "village", "unique_id": "CAS_LBN42025", "district": "Hasbaya", "governorate": "El Nabatieh" }, "geometry": { "type": "Point", "coordinates": [ 35.677917, 33.386433 ] } },
{ "type": "Feature", "properties": { "name_en": "Ain Jerfa", "name_ar": "عين جرفا", "place_type": "village", "unique_id": "CAS_LBN42002", "district": "Hasbaya", "governorate": "El Nabatieh" }, "geometry": { "type": "Point", "coordinates": [ 35.684028, 33.382183 ] } },
{ "type": "Feature", "properties": { "name_en": "Hasbaiya", "name_ar": "حاصبيّا", "place_type": "village", "unique_id": "CAS_LBN42017", "district": "Hasbaya", "governorate": "El Nabatieh" }, "geometry": { "type": "Point", "coordinates": [ 35.684222, 33.39793 ] } },
{ "type": "Feature", "properties": { "name_en": "Zaghla", "name_ar": "زغلة", "place_type": "village", "unique_id": "CAS_LBN42036", "district": "Hasbaya", "governorate": "El Nabatieh" }, "geometry": { "type": "Point", "coordinates": [ 35.685053, 33.404247 ] } },
{ "type": "Feature", "properties": { "name_en": "Hebbariye", "name_ar": "هبّارية", "place_type": "village", "unique_id": "CAS_LBN42018", "district": "Hasbaya", "governorate": "El Nabatieh" }, "geometry": { "type": "Point", "coordinates": [ 35.696736, 33.366903 ] } },
{ "type": "Feature", "properties": { "name_en": "Ain Qenya", "name_ar": "عين قنيا", "place_type": "village", "unique_id": "CAS_LBN42003", "district": "Hasbaya", "governorate": "El Nabatieh" }, "geometry": { "type": "Point", "coordinates": [ 35.706253, 33.398819 ] } },
{ "type": "Feature", "properties": { "name_en": "Bathaniye", "name_ar": "بيتسنيا", "place_type": "village", "unique_id": "CAS_LBN42006", "district": "Hasbaya", "governorate": "El Nabatieh" }, "geometry": { "type": "Point", "coordinates": [ 35.707989, 33.421586 ] } },
{ "type": "Feature", "properties": { "name_en": "Mimes", "name_ar": "ميمس", "place_type": "village", "unique_id": "CAS_LBN42031", "district": "Hasbaya", "governorate": "El Nabatieh" }, "geometry": { "type": "Point", "coordinates": [ 35.713553, 33.419769 ] } },
{ "type": "Feature", "properties": { "name_en": "Chouaia", "name_ar": "شويّا", "place_type": "village", "unique_id": "CAS_LBN42009", "district": "Hasbaya", "governorate": "El Nabatieh" }, "geometry": { "type": "Point", "coordinates": [ 35.713878, 33.396183 ] } },
{ "type": "Feature", "properties": { "name_en": "Ain Tanta", "name_ar": "عين تنتا حاصبيا", "place_type": "village", "unique_id": "CAS_LBN42004", "district": "Hasbaya", "governorate": "El Nabatieh" }, "geometry": { "type": "Point", "coordinates": [ 35.725728, 33.412067 ] } },
{ "type": "Feature", "properties": { "name_en": "Khalouat Hasbaya", "name_ar": "خلوات حاصبيّا", "place_type": "village", "unique_id": "CAS_LBN42024", "district": "Hasbaya", "governorate": "El Nabatieh" }, "geometry": { "type": "Point", "coordinates": [ 35.737703, 33.417697 ] } },
{ "type": "Feature", "properties": { "name_en": "Chebaa", "name_ar": "شبعا", "place_type": "village", "unique_id": "CAS_LBN42008", "district": "Hasbaya", "governorate": "El Nabatieh" }, "geometry": { "type": "Point", "coordinates": [ 35.748689, 33.349058 ] } },
{ "type": "Feature", "properties": { "name_en": "Tallet el Qaaqour", "name_ar": "تلة القعقور", "place_type": "village", "unique_id": "CAS_LBN42035", "district": "Hasbaya", "governorate": "El Nabatieh" }, "geometry": { "type": "Point", "coordinates": [ 35.769979, 33.391223 ] } },
{ "type": "Feature", "properties": { "name_en": "Kfair", "name_ar": "كفير الزيت", "place_type": "village", "unique_id": "CAS_LBN42020", "district": "Hasbaya", "governorate": "El Nabatieh" }, "geometry": { "type": "Point", "coordinates": [ 35.738742, 33.430033 ] } },
{ "type": "Feature", "properties": { "name_en": "Dellafi", "name_ar": "دلافة", "place_type": "village", "unique_id": "CAS_LBN42011", "district": "Hasbaya", "governorate": "El Nabatieh" }, "geometry": { "type": "Point", "coordinates": [ 35.647575, 33.432625 ] } },
{ "type": "Feature", "properties": { "name_en": "Marj Ez Zouhour Dnaibe", "name_ar": "مرج الزهور الدنيبة", "place_type": "village", "unique_id": "CAS_LBN42012", "district": "Hasbaya", "governorate": "El Nabatieh" }, "geometry": { "type": "Point", "coordinates": [ 35.744361, 33.465444 ] } },
{ "type": "Feature", "properties": { "name_en": "Marj El Zhour", "name_ar": "مرج الزهور", "place_type": "village", "unique_id": "OSM_node/6563058307", "district": "Hasbaya", "governorate": "El Nabatieh" }, "geometry": { "type": "Point", "coordinates": [ 35.747286700000018, 33.4692667 ] } },
{ "type": "Feature", "properties": { "name_en": "Qsair", "name_ar": "قصير", "place_type": "village", "unique_id": "CAS_LBN43036", "district": "Marjaayoun", "governorate": "El Nabatieh" }, "geometry": { "type": "Point", "coordinates": [ 35.452981, 33.292897 ] } },
{ "type": "Feature", "properties": { "name_en": "El Qoussair", "name_ar": "القصير", "place_type": "village", "unique_id": "OSM_node/7022428666", "district": "Marjaayoun", "governorate": "El Nabatieh" }, "geometry": { "type": "Point", "coordinates": [ 35.456657399999983, 33.292960600000015 ] } },
{ "type": "Feature", "properties": { "name_en": "Qantara", "name_ar": "قنطرة", "place_type": "village", "unique_id": "CAS_LBN43034", "district": "Marjaayoun", "governorate": "El Nabatieh" }, "geometry": { "type": "Point", "coordinates": [ 35.462753, 33.273561 ] } },
{ "type": "Feature", "properties": { "name_en": "Qabrikha", "name_ar": "قبريخا", "place_type": "village", "unique_id": "CAS_LBN43032", "district": "Marjaayoun", "governorate": "El Nabatieh" }, "geometry": { "type": "Point", "coordinates": [ 35.463105, 33.24737 ] } },
{ "type": "Feature", "properties": { "name_en": "Majdel Silim", "name_ar": "مجدل سلم", "place_type": "village", "unique_id": "CAS_LBN43023", "district": "Marjaayoun", "governorate": "El Nabatieh" }, "geometry": { "type": "Point", "coordinates": [ 35.463594, 33.221694 ] } },
{ "type": "Feature", "properties": { "name_en": "Aalmane", "name_ar": "علمانة", "place_type": "village", "unique_id": "CAS_LBN43003", "district": "Marjaayoun", "governorate": "El Nabatieh" }, "geometry": { "type": "Point", "coordinates": [ 35.469725, 33.302114 ] } },
{ "type": "Feature", "properties": { "name_en": "Aadchit el Qoussair", "name_ar": "عدشيت القصير", "place_type": "village", "unique_id": "CAS_LBN43002", "district": "Marjaayoun", "governorate": "El Nabatieh" }, "geometry": { "type": "Point", "coordinates": [ 35.480042, 33.276769 ] } },
{ "type": "Feature", "properties": { "name_en": "Aadchit", "name_ar": "عدشيت‎", "place_type": "village", "unique_id": "OSM_node/7559612041", "district": "Marjaayoun", "governorate": "El Nabatieh" }, "geometry": { "type": "Point", "coordinates": [ 35.483457, 33.2781192 ] } },
{ "type": "Feature", "properties": { "name_en": "Tallouse", "name_ar": "طلوسة", "place_type": "village", "unique_id": "CAS_LBN43042", "district": "Marjaayoun", "governorate": "El Nabatieh" }, "geometry": { "type": "Point", "coordinates": [ 35.484172, 33.236253 ] } },
{ "type": "Feature", "properties": { "name_en": "Beni Haiyane", "name_ar": "بني حيان", "place_type": "village", "unique_id": "CAS_LBN43008", "district": "Marjaayoun", "governorate": "El Nabatieh" }, "geometry": { "type": "Point", "coordinates": [ 35.488325, 33.244189 ] } },
{ "type": "Feature", "properties": { "name_en": "Nabi Youcheaa", "name_ar": "نبي يوشع", "place_type": "village", "unique_id": "OSM_node/530655761", "district": "Marjaayoun", "governorate": "El Nabatieh" }, "geometry": { "type": "Point", "coordinates": [ 35.499136599999986, 33.1307165 ] } },
{ "type": "Feature", "properties": { "name_en": "Mhaibib", "name_ar": "محيبيب", "place_type": "village", "unique_id": "CAS_LBN43030", "district": "Marjaayoun", "governorate": "El Nabatieh" }, "geometry": { "type": "Point", "coordinates": [ 35.504344, 33.154178 ] } },
{ "type": "Feature", "properties": { "name_en": "Deir Siriane", "name_ar": "دير سريان", "place_type": "village", "unique_id": "CAS_LBN43013", "district": "Marjaayoun", "governorate": "El Nabatieh" }, "geometry": { "type": "Point", "coordinates": [ 35.50684, 33.291231 ] } },
{ "type": "Feature", "properties": { "name_en": "Houla", "name_ar": "حولا", "place_type": "village", "unique_id": "CAS_LBN43016", "district": "Marjaayoun", "governorate": "El Nabatieh" }, "geometry": { "type": "Point", "coordinates": [ 35.515378, 33.209056 ] } },
{ "type": "Feature", "properties": { "name_en": "Markaba", "name_ar": "مركبا", "place_type": "village", "unique_id": "CAS_LBN43025", "district": "Marjaayoun", "governorate": "El Nabatieh" }, "geometry": { "type": "Point", "coordinates": [ 35.515897, 33.233414 ] } },
{ "type": "Feature", "properties": { "name_en": "Blida", "name_ar": "بليدا", "place_type": "village", "unique_id": "CAS_LBN43010", "district": "Marjaayoun", "governorate": "El Nabatieh" }, "geometry": { "type": "Point", "coordinates": [ 35.516036, 33.138239 ] } },
{ "type": "Feature", "properties": { "name_en": "Qalaat Doubai", "name_ar": "قلعة دبي", "place_type": "village", "unique_id": "CAS_LBN43033", "district": "Marjaayoun", "governorate": "El Nabatieh" }, "geometry": { "type": "Point", "coordinates": [ 35.516047, 33.199208 ] } },
{ "type": "Feature", "properties": { "name_en": "Rabb et Talatine", "name_ar": "رب التلاتين", "place_type": "village", "unique_id": "CAS_LBN43037", "district": "Marjaayoun", "governorate": "El Nabatieh" }, "geometry": { "type": "Point", "coordinates": [ 35.517283, 33.248761 ] } },
{ "type": "Feature", "properties": { "name_en": "Taibe Marjaayoun", "name_ar": "طيبة مرجعيون", "place_type": "village", "unique_id": "CAS_LBN43041", "district": "Marjaayoun", "governorate": "El Nabatieh" }, "geometry": { "type": "Point", "coordinates": [ 35.519656, 33.276269 ] } },
{ "type": "Feature", "properties": { "name_en": "Meiss ej Jabal", "name_ar": "ميس الجبل", "place_type": "village", "unique_id": "CAS_LBN43029", "district": "Marjaayoun", "governorate": "El Nabatieh" }, "geometry": { "type": "Point", "coordinates": [ 35.520303, 33.169161 ] } },
{ "type": "Feature", "properties": { "name_en": "Mazraat Doumiat", "name_ar": "مزرعة دمياط", "place_type": "village", "unique_id": "CAS_LBN43026", "district": "Marjaayoun", "governorate": "El Nabatieh" }, "geometry": { "type": "Point", "coordinates": [ 35.544717, 33.350733 ] } },
{ "type": "Feature", "properties": { "name_en": "Mazraat Sahsahiye", "name_ar": "مزرعة السهسهية", "place_type": "village", "unique_id": "CAS_LBN43028", "district": "Marjaayoun", "governorate": "El Nabatieh" }, "geometry": { "type": "Point", "coordinates": [ 35.552978, 33.339217 ] } },
{ "type": "Feature", "properties": { "name_en": "Khirbe", "name_ar": "خربة برج الملوك", "place_type": "village", "unique_id": "CAS_LBN43021", "district": "Marjaayoun", "governorate": "El Nabatieh" }, "geometry": { "type": "Point", "coordinates": [ 35.558886, 33.319869 ] } },
{ "type": "Feature", "properties": { "name_en": "Borj El Mlouk", "name_ar": "برج الملوك", "place_type": "village", "unique_id": "CAS_LBN43011", "district": "Marjaayoun", "governorate": "El Nabatieh" }, "geometry": { "type": "Point", "coordinates": [ 35.562197, 33.322464 ] } },
{ "type": "Feature", "properties": { "name_en": "Jlali el Ghozlane", "name_ar": "جلال الغزلان", "place_type": "village", "unique_id": "CAS_LBN43018", "district": "Marjaayoun", "governorate": "El Nabatieh" }, "geometry": { "type": "Point", "coordinates": [ 35.563264, 33.359369 ] } },
{ "type": "Feature", "properties": { "name_en": "Qlaiaa", "name_ar": "قليعة", "place_type": "village", "unique_id": "CAS_LBN43035", "district": "Marjaayoun", "governorate": "El Nabatieh" }, "geometry": { "type": "Point", "coordinates": [ 35.564572, 33.327194 ] } },
{ "type": "Feature", "properties": { "name_en": "Klayaa", "name_ar": "القليعة", "place_type": "village", "unique_id": "OSM_node/5866578737", "district": "Marjaayoun", "governorate": "El Nabatieh" }, "geometry": { "type": "Point", "coordinates": [ 35.5708924, 33.334772 ] } },
{ "type": "Feature", "properties": { "name_en": "Aadaisse", "name_ar": "عديسة مرجعيون", "place_type": "village", "unique_id": "CAS_LBN43001", "district": "Marjaayoun", "governorate": "El Nabatieh" }, "geometry": { "type": "Point", "coordinates": [ 35.541558, 33.254431 ] } },
{ "type": "Feature", "properties": { "name_en": "Deir Mimas", "name_ar": "دير ميماس", "place_type": "village", "unique_id": "CAS_LBN43012", "district": "Marjaayoun", "governorate": "El Nabatieh" }, "geometry": { "type": "Point", "coordinates": [ 35.543542, 33.300067 ] } },
{ "type": "Feature", "properties": { "name_en": "Kfar Kila", "name_ar": "كفركيلا", "place_type": "village", "unique_id": "CAS_LBN43019", "district": "Marjaayoun", "governorate": "El Nabatieh" }, "geometry": { "type": "Point", "coordinates": [ 35.551414, 33.278175 ] } },
{ "type": "Feature", "properties": { "name_en": "Houra", "name_ar": "حوره", "place_type": "village", "unique_id": "CAS_LBN43017", "district": "Marjaayoun", "governorate": "El Nabatieh" }, "geometry": { "type": "Point", "coordinates": [ 35.553197, 33.294306 ] } },
{ "type": "Feature", "properties": { "name_en": "Aamra", "name_ar": "عمرة", "place_type": "village", "unique_id": "CAS_LBN43005", "district": "Marjaayoun", "governorate": "El Nabatieh" }, "geometry": { "type": "Point", "coordinates": [ 35.597433, 33.272069 ] } },
{ "type": "Feature", "properties": { "name_en": "Sarda", "name_ar": "مزرعة  سردة", "place_type": "village", "unique_id": "CAS_LBN43038", "district": "Marjaayoun", "governorate": "El Nabatieh" }, "geometry": { "type": "Point", "coordinates": [ 35.597817, 33.291489 ] } },
{ "type": "Feature", "properties": { "name_en": "Aarab el Louaize", "name_ar": "عرب اللويزة", "place_type": "village", "unique_id": "CAS_LBN43004", "district": "Marjaayoun", "governorate": "El Nabatieh" }, "geometry": { "type": "Point", "coordinates": [ 35.6135, 33.274353 ] } },
{ "type": "Feature", "properties": { "name_en": "Khiam", "name_ar": "الخيام", "place_type": "village", "unique_id": "CAS_LBN43020", "district": "Marjaayoun", "governorate": "El Nabatieh" }, "geometry": { "type": "Point", "coordinates": [ 35.613933, 33.329428 ] } },
{ "type": "Feature", "properties": { "name_en": "Maissate", "name_ar": "الميسات", "place_type": "village", "unique_id": "CAS_LBN43022", "district": "Marjaayoun", "governorate": "El Nabatieh" }, "geometry": { "type": "Point", "coordinates": [ 35.618469, 33.262986 ] } },
{ "type": "Feature", "properties": { "name_en": "Ain Aarab Marjaayoun", "name_ar": "عين عرب مرجعيون", "place_type": "village", "unique_id": "CAS_LBN43006", "district": "Marjaayoun", "governorate": "El Nabatieh" }, "geometry": { "type": "Point", "coordinates": [ 35.622669, 33.296753 ] } },
{ "type": "Feature", "properties": { "name_en": "Baiyouda", "name_ar": "بويضة مرجعيون", "place_type": "village", "unique_id": "CAS_LBN43007", "district": "Marjaayoun", "governorate": "El Nabatieh" }, "geometry": { "type": "Point", "coordinates": [ 35.579225, 33.361614 ] } },
{ "type": "Feature", "properties": { "name_en": "Marjaayoun", "name_ar": "مرجعيون", "place_type": "village", "unique_id": "CAS_LBN43024", "district": "Marjaayoun", "governorate": "El Nabatieh" }, "geometry": { "type": "Point", "coordinates": [ 35.586228, 33.364158 ] } },
{ "type": "Feature", "properties": { "name_en": "Mazraat ej Jreine", "name_ar": "مزرعة الجرين", "place_type": "village", "unique_id": "CAS_LBN43027", "district": "Marjaayoun", "governorate": "El Nabatieh" }, "geometry": { "type": "Point", "coordinates": [ 35.591017, 33.376911 ] } },
{ "type": "Feature", "properties": { "name_en": "Serail", "name_ar": "سراي", "place_type": "village", "unique_id": "CAS_LBN43039", "district": "Marjaayoun", "governorate": "El Nabatieh" }, "geometry": { "type": "Point", "coordinates": [ 35.592175, 33.360103 ] } },
{ "type": "Feature", "properties": { "name_en": "Dibbine", "name_ar": "دبين", "place_type": "village", "unique_id": "CAS_LBN43014", "district": "Marjaayoun", "governorate": "El Nabatieh" }, "geometry": { "type": "Point", "coordinates": [ 35.595017, 33.370383 ] } },
{ "type": "Feature", "properties": { "name_en": "Blat Marjaayoun", "name_ar": "بلاط مرجعيون", "place_type": "village", "unique_id": "CAS_LBN43009", "district": "Marjaayoun", "governorate": "El Nabatieh" }, "geometry": { "type": "Point", "coordinates": [ 35.59968, 33.386194 ] } },
{ "type": "Feature", "properties": { "name_en": "Ibl es Saqi", "name_ar": "إبل السقي", "place_type": "village", "unique_id": "CAS_LBN43015", "district": "Marjaayoun", "governorate": "El Nabatieh" }, "geometry": { "type": "Point", "coordinates": [ 35.62665, 33.357294 ] } },
{ "type": "Feature", "properties": { "name_en": "Souane Marjaayoun", "name_ar": "صوانة مرجعيون", "place_type": "village", "unique_id": "CAS_LBN43040", "district": "Marjaayoun", "governorate": "El Nabatieh" }, "geometry": { "type": "Point", "coordinates": [ 35.436725, 33.233958 ] } },
{ "type": "Feature", "properties": { "name_en": "Touline", "name_ar": "تولين", "place_type": "village", "unique_id": "CAS_LBN43043", "district": "Marjaayoun", "governorate": "El Nabatieh" }, "geometry": { "type": "Point", "coordinates": [ 35.43823, 33.249129 ] } },
{ "type": "Feature", "properties": { "name_en": "MAZRAAT ZAIYEH", "name_ar": "مزرعة زئية", "place_type": "village", "unique_id": "CAS_LBN43044", "district": "Marjaayoun", "governorate": "El Nabatieh" }, "geometry": { "type": "Point", "coordinates": [ 35.442103, 33.306736 ] } },
{ "type": "Feature", "properties": { "name_en": "Yohmor", "name_ar": "يحمر", "place_type": "village", "unique_id": "CAS_LBN44058", "district": "El Nabatieh", "governorate": "El Nabatieh" }, "geometry": { "type": "Point", "coordinates": [ 35.515517, 33.309733 ] } },
{ "type": "Feature", "properties": { "name_en": "Kfour El Nabatieh", "name_ar": "الكفور النبطية", "place_type": "village", "unique_id": "CAS_LBN44036", "district": "El Nabatieh", "governorate": "El Nabatieh" }, "geometry": { "type": "Point", "coordinates": [ 35.452944, 33.400294 ] } },
{ "type": "Feature", "properties": { "name_en": "Choukine", "name_ar": "شوكين", "place_type": "village", "unique_id": "CAS_LBN44010", "district": "El Nabatieh", "governorate": "El Nabatieh" }, "geometry": { "type": "Point", "coordinates": [ 35.459661, 33.355903 ] } },
{ "type": "Feature", "properties": { "name_en": "Zaoutar el Gharbiye", "name_ar": "زوطر الغربية", "place_type": "village", "unique_id": "CAS_LBN44060", "district": "El Nabatieh", "governorate": "El Nabatieh" }, "geometry": { "type": "Point", "coordinates": [ 35.461844, 33.321767 ] } },
{ "type": "Feature", "properties": { "name_en": "Zebdine", "name_ar": "زبدين", "place_type": "village", "unique_id": "OSM_node/6496319441", "district": "El Nabatieh", "governorate": "El Nabatieh" }, "geometry": { "type": "Point", "coordinates": [ 35.462087399999973, 33.376583400000015 ] } },
{ "type": "Feature", "properties": { "name_en": "Zebdine El Nabatieh", "name_ar": "زبدين النبطية", "place_type": "village", "unique_id": "CAS_LBN44061", "district": "El Nabatieh", "governorate": "El Nabatieh" }, "geometry": { "type": "Point", "coordinates": [ 35.462822, 33.373681 ] } },
{ "type": "Feature", "properties": { "name_en": "Zaoutar ech Charqiye", "name_ar": "زوطر الشرقية", "place_type": "village", "unique_id": "CAS_LBN44059", "district": "El Nabatieh", "governorate": "El Nabatieh" }, "geometry": { "type": "Point", "coordinates": [ 35.471039, 33.319736 ] } },
{ "type": "Feature", "properties": { "name_en": "Zawtar El Sharqiyeh", "name_ar": "زوطر الشرقية", "place_type": "village", "unique_id": "OSM_node/9675804332", "district": "El Nabatieh", "governorate": "El Nabatieh" }, "geometry": { "type": "Point", "coordinates": [ 35.473099400000024, 33.3237019 ] } },
{ "type": "Feature", "properties": { "name_en": "Mazraat Kfar ej Jouz", "name_ar": "مزرعة كفر جوز", "place_type": "village", "unique_id": "CAS_LBN44045", "district": "El Nabatieh", "governorate": "El Nabatieh" }, "geometry": { "type": "Point", "coordinates": [ 35.474894, 33.397625 ] } },
{ "type": "Feature", "properties": { "name_en": "Maifadoun", "name_ar": "ميفدون", "place_type": "village", "unique_id": "CAS_LBN44037", "district": "El Nabatieh", "governorate": "El Nabatieh" }, "geometry": { "type": "Point", "coordinates": [ 35.475381, 33.3474 ] } },
{ "type": "Feature", "properties": { "name_en": "El Bayad", "name_ar": "نبطية البياض", "place_type": "village", "unique_id": "CAS_LBN44014", "district": "El Nabatieh", "governorate": "El Nabatieh" }, "geometry": { "type": "Point", "coordinates": [ 35.476444, 33.380424 ] } },
{ "type": "Feature", "properties": { "name_en": "Es Serail", "name_ar": "السراي", "place_type": "village", "unique_id": "CAS_LBN44016", "district": "El Nabatieh", "governorate": "El Nabatieh" }, "geometry": { "type": "Point", "coordinates": [ 35.480148, 33.376197 ] } },
{ "type": "Feature", "properties": { "name_en": "Habbouch", "name_ar": "حبوش", "place_type": "village", "unique_id": "CAS_LBN44017", "district": "El Nabatieh", "governorate": "El Nabatieh" }, "geometry": { "type": "Point", "coordinates": [ 35.483328, 33.407225 ] } },
{ "type": "Feature", "properties": { "name_en": "Nabatiye el Tahta", "name_ar": "نبطية التحتا", "place_type": "village", "unique_id": "CAS_LBN44050", "district": "El Nabatieh", "governorate": "El Nabatieh" }, "geometry": { "type": "Point", "coordinates": [ 35.484553, 33.376964 ] } },
{ "type": "Feature", "properties": { "name_en": "El Midane", "name_ar": "الميدان", "place_type": "village", "unique_id": "CAS_LBN44015", "district": "El Nabatieh", "governorate": "El Nabatieh" }, "geometry": { "type": "Point", "coordinates": [ 35.48484, 33.379484 ] } },
{ "type": "Feature", "properties": { "name_en": "Christians Neighbourhood", "name_ar": "حي المسيحيين", "place_type": "hamlet", "unique_id": "OSM_node/2707868905", "district": "El Nabatieh", "governorate": "El Nabatieh" }, "geometry": { "type": "Point", "coordinates": [ 35.488345200000026, 33.378306899999984 ] } },
{ "type": "Feature", "properties": { "name_en": "Nabatiye el Faouqa", "name_ar": "نبطية الفوقا", "place_type": "village", "unique_id": "CAS_LBN44049", "district": "El Nabatieh", "governorate": "El Nabatieh" }, "geometry": { "type": "Point", "coordinates": [ 35.490642, 33.363944 ] } },
{ "type": "Feature", "properties": { "name_en": "Hamra  En-Nabattiyeh", "name_ar": "الحمرا النبطية", "place_type": "village", "unique_id": "CAS_LBN44018", "district": "El Nabatieh", "governorate": "El Nabatieh" }, "geometry": { "type": "Point", "coordinates": [ 35.49325, 33.324269 ] } },
{ "type": "Feature", "properties": { "name_en": "El Aaqide", "name_ar": "عقيدة", "place_type": "village", "unique_id": "CAS_LBN44013", "district": "El Nabatieh", "governorate": "El Nabatieh" }, "geometry": { "type": "Point", "coordinates": [ 35.497801, 33.36809 ] } },
{ "type": "Feature", "properties": { "name_en": "Nabatieh El Fawqa", "name_ar": "النبطيه الفوقا", "place_type": "village", "unique_id": "OSM_node/2707899268", "district": "El Nabatieh", "governorate": "El Nabatieh" }, "geometry": { "type": "Point", "coordinates": [ 35.4986586, 33.361879699999974 ] } },
{ "type": "Feature", "properties": { "name_en": "Manzleh", "name_ar": "المنزلة", "place_type": "village", "unique_id": "CAS_LBN44038", "district": "El Nabatieh", "governorate": "El Nabatieh" }, "geometry": { "type": "Point", "coordinates": [ 35.500519, 33.359658 ] } },
{ "type": "Feature", "properties": { "name_en": "Mazraat Maqsam Aali et Taher", "name_ar": "مزرعة علي الطاهر", "place_type": "village", "unique_id": "CAS_LBN44046", "district": "El Nabatieh", "governorate": "El Nabatieh" }, "geometry": { "type": "Point", "coordinates": [ 35.510917, 33.365833 ] } },
{ "type": "Feature", "properties": { "name_en": "Kfar Tebnit", "name_ar": "كفر تبنيت", "place_type": "village", "unique_id": "CAS_LBN44034", "district": "El Nabatieh", "governorate": "El Nabatieh" }, "geometry": { "type": "Point", "coordinates": [ 35.51255, 33.353711 ] } },
{ "type": "Feature", "properties": { "name_en": "Hima Aarnoun", "name_ar": "حمى أرنون", "place_type": "village", "unique_id": "CAS_LBN44020", "district": "El Nabatieh", "governorate": "El Nabatieh" }, "geometry": { "type": "Point", "coordinates": [ 35.517792, 33.336192 ] } },
{ "type": "Feature", "properties": { "name_en": "Aali et Taher", "name_ar": "علي الطاهر", "place_type": "village", "unique_id": "CAS_LBN44003", "district": "El Nabatieh", "governorate": "El Nabatieh" }, "geometry": { "type": "Point", "coordinates": [ 35.519222, 33.361368 ] } },
{ "type": "Feature", "properties": { "name_en": "Aarnoun", "name_ar": "أرنون", "place_type": "village", "unique_id": "CAS_LBN44007", "district": "El Nabatieh", "governorate": "El Nabatieh" }, "geometry": { "type": "Point", "coordinates": [ 35.524967, 33.331511 ] } },
{ "type": "Feature", "properties": { "name_en": "Mashaa", "name_ar": "حي المشاع", "place_type": "hamlet", "unique_id": "OSM_node/2707866489", "district": "El Nabatieh", "governorate": "El Nabatieh" }, "geometry": { "type": "Point", "coordinates": [ 35.4782035, 33.387717599999974 ] } },
{ "type": "Feature", "properties": { "name_en": "Kfar Roummane", "name_ar": "كفر رمان", "place_type": "village", "unique_id": "CAS_LBN44032", "district": "El Nabatieh", "governorate": "El Nabatieh" }, "geometry": { "type": "Point", "coordinates": [ 35.501533, 33.388642 ] } },
{ "type": "Feature", "properties": { "name_en": "Kfarjaouz", "name_ar": "كفر جوز", "place_type": "village", "unique_id": "OSM_node/12173760765", "district": "El Nabatieh", "governorate": "El Nabatieh" }, "geometry": { "type": "Point", "coordinates": [ 35.475604499999974, 33.394978700000024 ] } },
{ "type": "Feature", "properties": { "name_en": "Mazraat el Baiyad", "name_ar": "مزرعة البياض", "place_type": "village", "unique_id": "CAS_LBN44043", "district": "El Nabatieh", "governorate": "El Nabatieh" }, "geometry": { "type": "Point", "coordinates": [ 35.478075, 33.426614 ] } },
{ "type": "Feature", "properties": { "name_en": "Arab Salim", "name_ar": "عرب صاليم", "place_type": "village", "unique_id": "CAS_LBN44006", "district": "El Nabatieh", "governorate": "El Nabatieh" }, "geometry": { "type": "Point", "coordinates": [ 35.515458, 33.428989 ] } },
{ "type": "Feature", "properties": { "name_en": "Houmine el Faouqa", "name_ar": "حومين الفوقا", "place_type": "village", "unique_id": "CAS_LBN44022", "district": "El Nabatieh", "governorate": "El Nabatieh" }, "geometry": { "type": "Point", "coordinates": [ 35.498039, 33.441017 ] } },
{ "type": "Feature", "properties": { "name_en": "Houmine El Faouqa", "name_ar": "حومين الفوقا", "place_type": "village", "unique_id": "OSM_node/9876393249", "district": "El Nabatieh", "governorate": "El Nabatieh" }, "geometry": { "type": "Point", "coordinates": [ 35.4873579, 33.44535430000002 ] } },
{ "type": "Feature", "properties": { "name_en": "Jarjouaa", "name_ar": "جرجوع", "place_type": "village", "unique_id": "CAS_LBN44026", "district": "El Nabatieh", "governorate": "El Nabatieh" }, "geometry": { "type": "Point", "coordinates": [ 35.518008, 33.446167 ] } },
{ "type": "Feature", "properties": { "name_en": "Hmaile", "name_ar": "حميلة", "place_type": "village", "unique_id": "CAS_LBN44021", "district": "El Nabatieh", "governorate": "El Nabatieh" }, "geometry": { "type": "Point", "coordinates": [ 35.468944, 33.44765 ] } },
{ "type": "Feature", "properties": { "name_en": "Sarba El Nabatieh", "name_ar": "صربا النبطية", "place_type": "village", "unique_id": "CAS_LBN44055", "district": "El Nabatieh", "governorate": "El Nabatieh" }, "geometry": { "type": "Point", "coordinates": [ 35.474992, 33.466961 ] } },
{ "type": "Feature", "properties": { "name_en": "Ain Qana", "name_ar": "عين قانا", "place_type": "village", "unique_id": "CAS_LBN44005", "district": "El Nabatieh", "governorate": "El Nabatieh" }, "geometry": { "type": "Point", "coordinates": [ 35.509311, 33.471842 ] } },
{ "type": "Feature", "properties": { "name_en": "Mazraat Ain Bou Souar", "name_ar": "مزرعة عين بوسوار", "place_type": "village", "unique_id": "CAS_LBN44039", "district": "El Nabatieh", "governorate": "El Nabatieh" }, "geometry": { "type": "Point", "coordinates": [ 35.517761, 33.475344 ] } },
{ "type": "Feature", "properties": { "name_en": "Kfar Fila", "name_ar": "كفرفيلا", "place_type": "village", "unique_id": "CAS_LBN44031", "district": "El Nabatieh", "governorate": "El Nabatieh" }, "geometry": { "type": "Point", "coordinates": [ 35.499247, 33.481889 ] } },
{ "type": "Feature", "properties": { "name_en": "Jbaa El Nabatieh", "name_ar": "جباع النبطية", "place_type": "village", "unique_id": "CAS_LBN44027", "district": "El Nabatieh", "governorate": "El Nabatieh" }, "geometry": { "type": "Point", "coordinates": [ 35.516678, 33.486261 ] } },
{ "type": "Feature", "properties": { "name_en": "Kafra", "name_ar": "كفرا", "place_type": "village", "unique_id": "CAS_LBN44029", "district": "El Nabatieh", "governorate": "El Nabatieh" }, "geometry": { "type": "Point", "coordinates": [ 35.523847, 33.495011 ] } },
{ "type": "Feature", "properties": { "name_en": "Insar", "name_ar": "إنصار", "place_type": "village", "unique_id": "CAS_LBN44024", "district": "El Nabatieh", "governorate": "El Nabatieh" }, "geometry": { "type": "Point", "coordinates": [ 35.353, 33.378108 ] } },
{ "type": "Feature", "properties": { "name_en": "Mazraat Qalaat Meis", "name_ar": "مزرعة قلعة ميس", "place_type": "village", "unique_id": "CAS_LBN44048", "district": "El Nabatieh", "governorate": "El Nabatieh" }, "geometry": { "type": "Point", "coordinates": [ 35.353401, 33.356007 ] } },
{ "type": "Feature", "properties": { "name_en": "Sir el Gharbiye", "name_ar": "صير الغربية", "place_type": "village", "unique_id": "CAS_LBN44056", "district": "El Nabatieh", "governorate": "El Nabatieh" }, "geometry": { "type": "Point", "coordinates": [ 35.363206, 33.32005 ] } },
{ "type": "Feature", "properties": { "name_en": "Qsaibe El Nabatieh", "name_ar": "قصيبة النبطية", "place_type": "village", "unique_id": "CAS_LBN44053", "district": "El Nabatieh", "governorate": "El Nabatieh" }, "geometry": { "type": "Point", "coordinates": [ 35.396716, 33.331558 ] } },
{ "type": "Feature", "properties": { "name_en": "Kfar Sir", "name_ar": "كفرصير", "place_type": "village", "unique_id": "CAS_LBN44033", "district": "El Nabatieh", "governorate": "El Nabatieh" }, "geometry": { "type": "Point", "coordinates": [ 35.399847, 33.324969 ] } },
{ "type": "Feature", "properties": { "name_en": "Jaouhariye", "name_ar": "جوهرية", "place_type": "village", "unique_id": "CAS_LBN44025", "district": "El Nabatieh", "governorate": "El Nabatieh" }, "geometry": { "type": "Point", "coordinates": [ 35.423217, 33.330861 ] } },
{ "type": "Feature", "properties": { "name_en": "Qaaqaait ej Jisr", "name_ar": "قعقعية الجسر", "place_type": "village", "unique_id": "CAS_LBN44052", "district": "El Nabatieh", "governorate": "El Nabatieh" }, "geometry": { "type": "Point", "coordinates": [ 35.42355, 33.324544 ] } },
{ "type": "Feature", "properties": { "name_en": "Mazraat Bsafour", "name_ar": "مزرعة بصفُور", "place_type": "village", "unique_id": "CAS_LBN44040", "district": "El Nabatieh", "governorate": "El Nabatieh" }, "geometry": { "type": "Point", "coordinates": [ 35.376486, 33.393708 ] } },
{ "type": "Feature", "properties": { "name_en": "Mazraat Dmoul", "name_ar": "مزرعة دمول", "place_type": "village", "unique_id": "CAS_LBN44042", "district": "El Nabatieh", "governorate": "El Nabatieh" }, "geometry": { "type": "Point", "coordinates": [ 35.376667, 33.370947 ] } },
{ "type": "Feature", "properties": { "name_en": "Braiqaa", "name_ar": "بريقع", "place_type": "village", "unique_id": "CAS_LBN44008", "district": "El Nabatieh", "governorate": "El Nabatieh" }, "geometry": { "type": "Point", "coordinates": [ 35.382883, 33.342675 ] } },
{ "type": "Feature", "properties": { "name_en": "Mazraat Chelbael", "name_ar": "مزرعة شلبعل", "place_type": "village", "unique_id": "CAS_LBN44041", "district": "El Nabatieh", "governorate": "El Nabatieh" }, "geometry": { "type": "Point", "coordinates": [ 35.387644, 33.38315 ] } },
{ "type": "Feature", "properties": { "name_en": "Zefta", "name_ar": "زفتا", "place_type": "village", "unique_id": "CAS_LBN44062", "district": "El Nabatieh", "governorate": "El Nabatieh" }, "geometry": { "type": "Point", "coordinates": [ 35.393803, 33.444225 ] } },
{ "type": "Feature", "properties": { "name_en": "Nmairiye", "name_ar": "نميرية", "place_type": "village", "unique_id": "CAS_LBN44051", "district": "El Nabatieh", "governorate": "El Nabatieh" }, "geometry": { "type": "Point", "coordinates": [ 35.398011, 33.423 ] } },
{ "type": "Feature", "properties": { "name_en": "Aabba", "name_ar": "عبا", "place_type": "village", "unique_id": "CAS_LBN44001", "district": "El Nabatieh", "governorate": "El Nabatieh" }, "geometry": { "type": "Point", "coordinates": [ 35.400194, 33.360725 ] } },
{ "type": "Feature", "properties": { "name_en": "Charqiye", "name_ar": "شرقية", "place_type": "village", "unique_id": "CAS_LBN44009", "district": "El Nabatieh", "governorate": "El Nabatieh" }, "geometry": { "type": "Point", "coordinates": [ 35.419186, 33.39993 ] } },
{ "type": "Feature", "properties": { "name_en": "Aadchit ech Chqif", "name_ar": "عدشيت الشقيف", "place_type": "village", "unique_id": "CAS_LBN44002", "district": "El Nabatieh", "governorate": "El Nabatieh" }, "geometry": { "type": "Point", "coordinates": [ 35.420319, 33.348203 ] } },
{ "type": "Feature", "properties": { "name_en": "Doueir El Nabatieh", "name_ar": "الدوير النبطية", "place_type": "village", "unique_id": "CAS_LBN44012", "district": "El Nabatieh", "governorate": "El Nabatieh" }, "geometry": { "type": "Point", "coordinates": [ 35.421211, 33.388092 ] } },
{ "type": "Feature", "properties": { "name_en": "Bfaroueh", "name_ar": "بفروة", "place_type": "village", "unique_id": "OSM_node/12173762575", "district": "El Nabatieh", "governorate": "El Nabatieh" }, "geometry": { "type": "Point", "coordinates": [ 35.421853100000021, 33.432220299999983 ] } },
{ "type": "Feature", "properties": { "name_en": "Kfaroue", "name_ar": "كفروة أو بفروة", "place_type": "village", "unique_id": "CAS_LBN44035", "district": "El Nabatieh", "governorate": "El Nabatieh" }, "geometry": { "type": "Point", "coordinates": [ 35.425772, 33.443806 ] } },
{ "type": "Feature", "properties": { "name_en": "Aazze", "name_ar": "عزه", "place_type": "village", "unique_id": "CAS_LBN44004", "district": "El Nabatieh", "governorate": "El Nabatieh" }, "geometry": { "type": "Point", "coordinates": [ 35.430103, 33.453764 ] } },
{ "type": "Feature", "properties": { "name_en": "Jibchit", "name_ar": "جبشيت", "place_type": "village", "unique_id": "CAS_LBN44028", "district": "El Nabatieh", "governorate": "El Nabatieh" }, "geometry": { "type": "Point", "coordinates": [ 35.431928, 33.3634 ] } },
{ "type": "Feature", "properties": { "name_en": "Houmine et Tahta", "name_ar": "حومين التحتا", "place_type": "village", "unique_id": "CAS_LBN44023", "district": "El Nabatieh", "governorate": "El Nabatieh" }, "geometry": { "type": "Point", "coordinates": [ 35.432856, 33.476703 ] } },
{ "type": "Feature", "properties": { "name_en": "Kfar Dajjal", "name_ar": "كفردجال", "place_type": "village", "unique_id": "CAS_LBN44030", "district": "El Nabatieh", "governorate": "El Nabatieh" }, "geometry": { "type": "Point", "coordinates": [ 35.436697, 33.344 ] } },
{ "type": "Feature", "properties": { "name_en": "Harouf", "name_ar": "حروف", "place_type": "village", "unique_id": "CAS_LBN44019", "district": "El Nabatieh", "governorate": "El Nabatieh" }, "geometry": { "type": "Point", "coordinates": [ 35.438308, 33.374883 ] } },
{ "type": "Feature", "properties": { "name_en": "Roumine", "name_ar": "رومين", "place_type": "village", "unique_id": "CAS_LBN44054", "district": "El Nabatieh", "governorate": "El Nabatieh" }, "geometry": { "type": "Point", "coordinates": [ 35.440714, 33.463297 ] } },
{ "type": "Feature", "properties": { "name_en": "Toul", "name_ar": "تول", "place_type": "village", "unique_id": "CAS_LBN44057", "district": "El Nabatieh", "governorate": "El Nabatieh" }, "geometry": { "type": "Point", "coordinates": [ 35.447678, 33.387825 ] } },
{ "type": "Feature", "properties": { "name_en": "Mazraat el Khraibe", "name_ar": "مزرعة الخريبة", "place_type": "village", "unique_id": "CAS_LBN44044", "district": "El Nabatieh", "governorate": "El Nabatieh" }, "geometry": { "type": "Point", "coordinates": [ 35.457714, 33.471606 ] } },
{ "type": "Feature", "properties": { "name_en": "Deir ez Zahrani", "name_ar": "دير الزهراني", "place_type": "village", "unique_id": "CAS_LBN44011", "district": "El Nabatieh", "governorate": "El Nabatieh" }, "geometry": { "type": "Point", "coordinates": [ 35.458408, 33.432769 ] } },
{ "type": "Feature", "properties": { "name_en": "Nahr El Bared", "name_ar": "نهر البارد", "place_type": "village", "unique_id": "CAS_LBN51203", "district": "Akkar", "governorate": "Akkar" }, "geometry": { "type": "Point", "coordinates": [ 35.959905879000019, 34.512066587999982 ] } },
{ "type": "Feature", "properties": { "name_en": "Abde", "name_ar": "العبده", "place_type": "village", "unique_id": "CAS_LBN51072", "district": "Akkar", "governorate": "Akkar" }, "geometry": { "type": "Point", "coordinates": [ 35.967022, 34.516778 ] } },
{ "type": "Feature", "properties": { "name_en": "Mhamra", "name_ar": "المحمرة", "place_type": "village", "unique_id": "CAS_LBN56026", "district": "Akkar", "governorate": "Akkar" }, "geometry": { "type": "Point", "coordinates": [ 35.9695, 34.5045 ] } },
{ "type": "Feature", "properties": { "name_en": "Aabdeh", "name_ar": "العبده", "place_type": "village", "unique_id": "OSM_node/6382105217", "district": "Akkar", "governorate": "Akkar" }, "geometry": { "type": "Point", "coordinates": [ 35.9724488, 34.512675600000023 ] } },
{ "type": "Feature", "properties": { "name_en": "Ain Faouar", "name_ar": "عين الفوار", "place_type": "village", "unique_id": "CAS_LBN51333", "district": "Akkar", "governorate": "Akkar" }, "geometry": { "type": "Point", "coordinates": [ 35.983350604, 34.50262873600002 ] } },
{ "type": "Feature", "properties": { "name_en": "Baddouaa", "name_ar": "بدويا", "place_type": "village", "unique_id": "CAS_LBN51022", "district": "Akkar", "governorate": "Akkar" }, "geometry": { "type": "Point", "coordinates": [ 35.99, 34.490432 ] } },
{ "type": "Feature", "properties": { "name_en": "El Bayada", "name_ar": "البياضة", "place_type": "village", "unique_id": "OSM_node/6125596938", "district": "Akkar", "governorate": "Akkar" }, "geometry": { "type": "Point", "coordinates": [ 35.9910279, 34.518306699999982 ] } },
{ "type": "Feature", "properties": { "name_en": "Bebnine", "name_ar": "ببنين", "place_type": "village", "unique_id": "CAS_LBN51026", "district": "Akkar", "governorate": "Akkar" }, "geometry": { "type": "Point", "coordinates": [ 35.992892, 34.499053 ] } },
{ "type": "Feature", "properties": { "name_en": "Beit el Haouch", "name_ar": "بيت الحوش", "place_type": "village", "unique_id": "CAS_LBN51032", "district": "Akkar", "governorate": "Akkar" }, "geometry": { "type": "Point", "coordinates": [ 35.999753, 34.476225 ] } },
{ "type": "Feature", "properties": { "name_en": "Dahr el Houssain", "name_ar": "ضهر الحسين", "place_type": "village", "unique_id": "CAS_LBN51055", "district": "Akkar", "governorate": "Akkar" }, "geometry": { "type": "Point", "coordinates": [ 36.004332, 34.452773 ] } },
{ "type": "Feature", "properties": { "name_en": "Tell Hayat", "name_ar": "تل الحيات", "place_type": "village", "unique_id": "CAS_LBN51334", "district": "Akkar", "governorate": "Akkar" }, "geometry": { "type": "Point", "coordinates": [ 36.001799358000028, 34.563312129999986 ] } },
{ "type": "Feature", "properties": { "name_en": "Qaabrine", "name_ar": "قعبرين", "place_type": "village", "unique_id": "CAS_LBN51211", "district": "Akkar", "governorate": "Akkar" }, "geometry": { "type": "Point", "coordinates": [ 36.032286, 34.567792 ] } },
{ "type": "Feature", "properties": { "name_en": "Khane Hayat", "name_ar": "خان الحيات", "place_type": "village", "unique_id": "CAS_LBN51167", "district": "Akkar", "governorate": "Akkar" }, "geometry": { "type": "Point", "coordinates": [ 36.005837, 34.568392 ] } },
{ "type": "Feature", "properties": { "name_en": "Rmoul", "name_ar": "رمول", "place_type": "village", "unique_id": "OSM_node/6125586504", "district": "Akkar", "governorate": "Akkar" }, "geometry": { "type": "Point", "coordinates": [ 36.0134544, 34.572262299999977 ] } },
{ "type": "Feature", "properties": { "name_en": "Sammouniye", "name_ar": "السمونيه", "place_type": "village", "unique_id": "CAS_LBN51231", "district": "Akkar", "governorate": "Akkar" }, "geometry": { "type": "Point", "coordinates": [ 36.047619, 34.573797 ] } },
{ "type": "Feature", "properties": { "name_en": "Rmoul", "name_ar": "رمول", "place_type": "village", "unique_id": "CAS_LBN51326", "district": "Akkar", "governorate": "Akkar" }, "geometry": { "type": "Point", "coordinates": [ 36.005, 34.5739 ] } },
{ "type": "Feature", "properties": { "name_en": "Haret ej Jdide", "name_ar": "حارة الجديدة", "place_type": "village", "unique_id": "CAS_LBN51141", "district": "Akkar", "governorate": "Akkar" }, "geometry": { "type": "Point", "coordinates": [ 36.017975, 34.576708 ] } },
{ "type": "Feature", "properties": { "name_en": "Bellanet el Hissa", "name_ar": "بلانة الحيصة", "place_type": "village", "unique_id": "CAS_LBN51036", "district": "Akkar", "governorate": "Akkar" }, "geometry": { "type": "Point", "coordinates": [ 36.048364, 34.581298 ] } },
{ "type": "Feature", "properties": { "name_en": "El Qlaiaat", "name_ar": "القليعات", "place_type": "village", "unique_id": "CAS_LBN51111", "district": "Akkar", "governorate": "Akkar" }, "geometry": { "type": "Point", "coordinates": [ 36.01485, 34.582219 ] } },
{ "type": "Feature", "properties": { "name_en": "Hissa", "name_ar": "الحيصا", "place_type": "village", "unique_id": "CAS_LBN51289", "district": "Akkar", "governorate": "Akkar" }, "geometry": { "type": "Point", "coordinates": [ 36.058146, 34.587291 ] } },
{ "type": "Feature", "properties": { "name_en": "EL Khirbe Qleiaat", "name_ar": "الخربة قليعات", "place_type": "village", "unique_id": "CAS_LBN51090", "district": "Akkar", "governorate": "Akkar" }, "geometry": { "type": "Point", "coordinates": [ 36.017211, 34.587975 ] } },
{ "type": "Feature", "properties": { "name_en": "Hokr el Kousse", "name_ar": "حكر الكوسا", "place_type": "village", "unique_id": "CAS_LBN51148", "district": "Akkar", "governorate": "Akkar" }, "geometry": { "type": "Point", "coordinates": [ 36.029587, 34.591504 ] } },
{ "type": "Feature", "properties": { "name_en": "El Haissa", "name_ar": "الحيصة", "place_type": "village", "unique_id": "CAS_LBN51085", "district": "Akkar", "governorate": "Akkar" }, "geometry": { "type": "Point", "coordinates": [ 36.052553, 34.592475 ] } },
{ "type": "Feature", "properties": { "name_en": "Tal Meaayan", "name_ar": "تلمعيان", "place_type": "village", "unique_id": "CAS_LBN51332", "district": "Akkar", "governorate": "Akkar" }, "geometry": { "type": "Point", "coordinates": [ 36.041109, 34.596722 ] } },
{ "type": "Feature", "properties": { "name_en": "Tell Kiri", "name_ar": "تل كيري", "place_type": "village", "unique_id": "CAS_LBN51249", "district": "Akkar", "governorate": "Akkar" }, "geometry": { "type": "Point", "coordinates": [ 36.037581, 34.597678 ] } },
{ "type": "Feature", "properties": { "name_en": "Hokr El Mahmoudiye", "name_ar": "حكر المحمودية", "place_type": "village", "unique_id": "CAS_LBN51149", "district": "Akkar", "governorate": "Akkar" }, "geometry": { "type": "Point", "coordinates": [ 36.044928, 34.602651 ] } },
{ "type": "Feature", "properties": { "name_en": "Al-Massoudieh", "name_ar": "المسعودية", "place_type": "village", "unique_id": "CAS_LBN51102", "district": "Akkar", "governorate": "Akkar" }, "geometry": { "type": "Point", "coordinates": [ 36.047914, 34.605653 ] } },
{ "type": "Feature", "properties": { "name_en": "Cheikh Zennad Talbibe", "name_ar": "الشيخ زناد", "place_type": "village", "unique_id": "CAS_LBN51049", "district": "Akkar", "governorate": "Akkar" }, "geometry": { "type": "Point", "coordinates": [ 35.985981, 34.60695 ] } },
{ "type": "Feature", "properties": { "name_en": "Al Maghraq", "name_ar": "المغراق", "place_type": "village", "unique_id": "OSM_node/5222881684", "district": "Akkar", "governorate": "Akkar" }, "geometry": { "type": "Point", "coordinates": [ 36.0185689, 34.6100037 ] } },
{ "type": "Feature", "properties": { "name_en": "Meghraq", "name_ar": "المغراق", "place_type": "village", "unique_id": "CAS_LBN51307", "district": "Akkar", "governorate": "Akkar" }, "geometry": { "type": "Point", "coordinates": [ 36.0146, 34.6129 ] } },
{ "type": "Feature", "properties": { "name_en": "Tell Bibi", "name_ar": "تلبيبة", "place_type": "village", "unique_id": "CAS_LBN51246", "district": "Akkar", "governorate": "Akkar" }, "geometry": { "type": "Point", "coordinates": [ 36.005892, 34.617883 ] } },
{ "type": "Feature", "properties": { "name_en": "El Kneisse", "name_ar": "الكنيسة", "place_type": "village", "unique_id": "CAS_LBN51094", "district": "Akkar", "governorate": "Akkar" }, "geometry": { "type": "Point", "coordinates": [ 36.020431, 34.618503 ] } },
{ "type": "Feature", "properties": { "name_en": "Tall Bire", "name_ar": "تلبيرة", "place_type": "village", "unique_id": "CAS_LBN51247", "district": "Akkar", "governorate": "Akkar" }, "geometry": { "type": "Point", "coordinates": [ 36.056936, 34.622989 ] } },
{ "type": "Feature", "properties": { "name_en": "Hokr ed Dahri", "name_ar": "حكر الضاهري", "place_type": "village", "unique_id": "CAS_LBN51147", "district": "Akkar", "governorate": "Akkar" }, "geometry": { "type": "Point", "coordinates": [ 36.02255, 34.63075 ] } },
{ "type": "Feature", "properties": { "name_en": "Ard es Soud", "name_ar": "ارض السود", "place_type": "village", "unique_id": "CAS_LBN51021", "district": "Akkar", "governorate": "Akkar" }, "geometry": { "type": "Point", "coordinates": [ 36.021078, 34.632607 ] } },
{ "type": "Feature", "properties": { "name_en": "El Aarida", "name_ar": "العريضة", "place_type": "village", "unique_id": "CAS_LBN51077", "district": "Akkar", "governorate": "Akkar" }, "geometry": { "type": "Point", "coordinates": [ 35.976297, 34.633 ] } },
{ "type": "Feature", "properties": { "name_en": "Semmaqiye", "name_ar": "السماقية", "place_type": "village", "unique_id": "CAS_LBN51123", "district": "Akkar", "governorate": "Akkar" }, "geometry": { "type": "Point", "coordinates": [ 36.002364, 34.639517 ] } },
{ "type": "Feature", "properties": { "name_en": "Borj el Arab", "name_ar": "برج العرب", "place_type": "village", "unique_id": "CAS_LBN51041", "district": "Akkar", "governorate": "Akkar" }, "geometry": { "type": "Point", "coordinates": [ 36.009209, 34.524436 ] } },
{ "type": "Feature", "properties": { "name_en": "Beit Ghattas", "name_ar": "بيت غطاس", "place_type": "village", "unique_id": "CAS_LBN51189", "district": "Akkar", "governorate": "Akkar" }, "geometry": { "type": "Point", "coordinates": [ 36.059892, 34.524599 ] } },
{ "type": "Feature", "properties": { "name_en": "Mechaeilha Hakour", "name_ar": "مشيلحة الحاكور", "place_type": "village", "unique_id": "CAS_LBN51136", "district": "Akkar", "governorate": "Akkar" }, "geometry": { "type": "Point", "coordinates": [ 36.054931, 34.526394 ] } },
{ "type": "Feature", "properties": { "name_en": "Karm el Aasfour", "name_ar": "كرم عصفور", "place_type": "village", "unique_id": "CAS_LBN51160", "district": "Akkar", "governorate": "Akkar" }, "geometry": { "type": "Point", "coordinates": [ 36.060892, 34.526703 ] } },
{ "type": "Feature", "properties": { "name_en": "Deir Dalloum", "name_ar": "دير دلوم", "place_type": "village", "unique_id": "OSM_node/6125578362", "district": "Akkar", "governorate": "Akkar" }, "geometry": { "type": "Point", "coordinates": [ 36.022769400000016, 34.5271813 ] } },
{ "type": "Feature", "properties": { "name_en": "Zouarib", "name_ar": "الزواريب", "place_type": "village", "unique_id": "CAS_LBN51128", "district": "Akkar", "governorate": "Akkar" }, "geometry": { "type": "Point", "coordinates": [ 36.069347, 34.531306 ] } },
{ "type": "Feature", "properties": { "name_en": "Er Ransiye", "name_ar": "الرانسية", "place_type": "village", "unique_id": "CAS_LBN51118", "district": "Akkar", "governorate": "Akkar" }, "geometry": { "type": "Point", "coordinates": [ 36.027185, 34.531467 ] } },
{ "type": "Feature", "properties": { "name_en": "Minyara", "name_ar": "منيارة", "place_type": "village", "unique_id": "CAS_LBN51308", "district": "Akkar", "governorate": "Akkar" }, "geometry": { "type": "Point", "coordinates": [ 36.0599, 34.5321 ] } },
{ "type": "Feature", "properties": { "name_en": "Aarqa", "name_ar": "عرقا", "place_type": "village", "unique_id": "CAS_LBN51012", "district": "Akkar", "governorate": "Akkar" }, "geometry": { "type": "Point", "coordinates": [ 36.035931, 34.532689 ] } },
{ "type": "Feature", "properties": { "name_en": "Cheikh Taba", "name_ar": "الشيخ طابا", "place_type": "village", "unique_id": "CAS_LBN51275", "district": "Akkar", "governorate": "Akkar" }, "geometry": { "type": "Point", "coordinates": [ 36.0776, 34.5331 ] } },
{ "type": "Feature", "properties": { "name_en": "Jdaidet Ej Joumeh", "name_ar": "جديدة الجومه", "place_type": "village", "unique_id": "CAS_LBN51070", "district": "Akkar", "governorate": "Akkar" }, "geometry": { "type": "Point", "coordinates": [ 36.065564, 34.533845 ] } },
{ "type": "Feature", "properties": { "name_en": "Aamara", "name_ar": "عماره", "place_type": "village", "unique_id": "CAS_LBN51260", "district": "Akkar", "governorate": "Akkar" }, "geometry": { "type": "Point", "coordinates": [ 36.010583, 34.534561 ] } },
{ "type": "Feature", "properties": { "name_en": "Marlayet Melhem", "name_ar": "مار ليا ملحم", "place_type": "village", "unique_id": "CAS_LBN51187", "district": "Akkar", "governorate": "Akkar" }, "geometry": { "type": "Point", "coordinates": [ 36.019742, 34.536891 ] } },
{ "type": "Feature", "properties": { "name_en": "Hokr ech Cheikh Taba", "name_ar": "حكر الشيخ طابا", "place_type": "village", "unique_id": "CAS_LBN51146", "district": "Akkar", "governorate": "Akkar" }, "geometry": { "type": "Point", "coordinates": [ 36.075121, 34.539675 ] } },
{ "type": "Feature", "properties": { "name_en": "Marlayet Haddara", "name_ar": "مارليات حدارا", "place_type": "village", "unique_id": "CAS_LBN51186", "district": "Akkar", "governorate": "Akkar" }, "geometry": { "type": "Point", "coordinates": [ 36.032381, 34.540808 ] } },
{ "type": "Feature", "properties": { "name_en": "Qoubbet Chamra", "name_ar": "قبة شمرا", "place_type": "village", "unique_id": "CAS_LBN51223", "district": "Akkar", "governorate": "Akkar" }, "geometry": { "type": "Point", "coordinates": [ 36.006394, 34.542792 ] } },
{ "type": "Feature", "properties": { "name_en": "Semmaqli", "name_ar": "سمقالي", "place_type": "village", "unique_id": "CAS_LBN51330", "district": "Akkar", "governorate": "Akkar" }, "geometry": { "type": "Point", "coordinates": [ 36.0146, 34.543 ] } },
{ "type": "Feature", "properties": { "name_en": "Halba", "name_ar": "حلبا", "place_type": "village", "unique_id": "CAS_LBN51137", "district": "Akkar", "governorate": "Akkar" }, "geometry": { "type": "Point", "coordinates": [ 36.077703, 34.543328 ] } },
{ "type": "Feature", "properties": { "name_en": "Mqaitaa", "name_ar": "مقيطع السماكلي", "place_type": "village", "unique_id": "CAS_LBN51310", "district": "Akkar", "governorate": "Akkar" }, "geometry": { "type": "Point", "coordinates": [ 36.011111, 34.543889 ] } },
{ "type": "Feature", "properties": { "name_en": "El Mqaiteaa", "name_ar": "المقيطع", "place_type": "village", "unique_id": "CAS_LBN51108", "district": "Akkar", "governorate": "Akkar" }, "geometry": { "type": "Point", "coordinates": [ 36.008056, 34.544438 ] } },
{ "type": "Feature", "properties": { "name_en": "Ez Zouq", "name_ar": "الذوق", "place_type": "village", "unique_id": "CAS_LBN51129", "district": "Akkar", "governorate": "Akkar" }, "geometry": { "type": "Point", "coordinates": [ 36.080836, 34.547008 ] } },
{ "type": "Feature", "properties": { "name_en": "Nfaisseh", "name_ar": "النفيسة", "place_type": "village", "unique_id": "CAS_LBN51116", "district": "Akkar", "governorate": "Akkar" }, "geometry": { "type": "Point", "coordinates": [ 36.085575, 34.547867 ] } },
{ "type": "Feature", "properties": { "name_en": "Cheikh Taba es Sahl", "name_ar": "الشيخ طابا السهل", "place_type": "village", "unique_id": "CAS_LBN51048", "district": "Akkar", "governorate": "Akkar" }, "geometry": { "type": "Point", "coordinates": [ 36.061176, 34.549677 ] } },
{ "type": "Feature", "properties": { "name_en": "Cheik Mohammad", "name_ar": "الشيخ محمد", "place_type": "village", "unique_id": "CAS_LBN51064", "district": "Akkar", "governorate": "Akkar" }, "geometry": { "type": "Point", "coordinates": [ 36.083033, 34.549794 ] } },
{ "type": "Feature", "properties": { "name_en": "Tell Sebael", "name_ar": "تل سبعل", "place_type": "village", "unique_id": "CAS_LBN51250", "district": "Akkar", "governorate": "Akkar" }, "geometry": { "type": "Point", "coordinates": [ 36.029597, 34.549981 ] } },
{ "type": "Feature", "properties": { "name_en": "El Kouraniye", "name_ar": "الكورانية", "place_type": "village", "unique_id": "CAS_LBN51336", "district": "Akkar", "governorate": "Akkar" }, "geometry": { "type": "Point", "coordinates": [ 35.99642187500001, 34.550129618000028 ] } },
{ "type": "Feature", "properties": { "name_en": "Kfar Melki", "name_ar": "كفرملكي", "place_type": "village", "unique_id": "CAS_LBN51163", "district": "Akkar", "governorate": "Akkar" }, "geometry": { "type": "Point", "coordinates": [ 36.019836, 34.554229 ] } },
{ "type": "Feature", "properties": { "name_en": "Haret ej Jdide Mqaiteaa", "name_ar": "حارة الجديدة المقيطع", "place_type": "village", "unique_id": "CAS_LBN51335", "district": "Akkar", "governorate": "Akkar" }, "geometry": { "type": "Point", "coordinates": [ 35.994708662999983, 34.556754038 ] } },
{ "type": "Feature", "properties": { "name_en": "Tall Aabbas Ech-Charqi", "name_ar": "تل عباس الشرقي", "place_type": "village", "unique_id": "CAS_LBN51240", "district": "Akkar", "governorate": "Akkar" }, "geometry": { "type": "Point", "coordinates": [ 36.070707, 34.595929 ] } },
{ "type": "Feature", "properties": { "name_en": "Tell Kindi", "name_ar": "تل كندي", "place_type": "village", "unique_id": "CAS_LBN51337", "district": "Akkar", "governorate": "Akkar" }, "geometry": { "type": "Point", "coordinates": [ 36.073668697000016, 34.611454277 ] } },
{ "type": "Feature", "properties": { "name_en": "Tall Hmayra", "name_ar": "تلحميرة", "place_type": "village", "unique_id": "CAS_LBN51248", "district": "Akkar", "governorate": "Akkar" }, "geometry": { "type": "Point", "coordinates": [ 36.07565, 34.627361 ] } },
{ "type": "Feature", "properties": { "name_en": "Tall Aabbas el Gharbi", "name_ar": "تلعباس غربي", "place_type": "village", "unique_id": "CAS_LBN51245", "district": "Akkar", "governorate": "Akkar" }, "geometry": { "type": "Point", "coordinates": [ 36.075994, 34.583675 ] } },
{ "type": "Feature", "properties": { "name_en": "Tallet el Mjabber", "name_ar": "تلة المجابر", "place_type": "village", "unique_id": "CAS_LBN51241", "district": "Akkar", "governorate": "Akkar" }, "geometry": { "type": "Point", "coordinates": [ 36.078168, 34.57913 ] } },
{ "type": "Feature", "properties": { "name_en": "Tallet ez Zefir", "name_ar": "تلة الزفير", "place_type": "village", "unique_id": "CAS_LBN51242", "district": "Akkar", "governorate": "Akkar" }, "geometry": { "type": "Point", "coordinates": [ 36.082042, 34.575994 ] } },
{ "type": "Feature", "properties": { "name_en": "Kouikhat", "name_ar": "الكويخات", "place_type": "village", "unique_id": "CAS_LBN51175", "district": "Akkar", "governorate": "Akkar" }, "geometry": { "type": "Point", "coordinates": [ 36.089312, 34.580686 ] } },
{ "type": "Feature", "properties": { "name_en": "Saadine", "name_ar": "سعدين", "place_type": "village", "unique_id": "CAS_LBN51228", "district": "Akkar", "governorate": "Akkar" }, "geometry": { "type": "Point", "coordinates": [ 36.090489, 34.5964 ] } },
{ "type": "Feature", "properties": { "name_en": "Hokr Etti", "name_ar": "حكر قتة", "place_type": "village", "unique_id": "CAS_LBN51150", "district": "Akkar", "governorate": "Akkar" }, "geometry": { "type": "Point", "coordinates": [ 36.098199, 34.574347 ] } },
{ "type": "Feature", "properties": { "name_en": "Qanbar", "name_ar": "القنبر", "place_type": "village", "unique_id": "CAS_LBN51318", "district": "Akkar", "governorate": "Akkar" }, "geometry": { "type": "Point", "coordinates": [ 36.098333, 34.568889 ] } },
{ "type": "Feature", "properties": { "name_en": "Cheikh Aayash", "name_ar": "الشيخ عياش", "place_type": "village", "unique_id": "CAS_LBN51273", "district": "Akkar", "governorate": "Akkar" }, "geometry": { "type": "Point", "coordinates": [ 36.101405, 34.63342 ] } },
{ "type": "Feature", "properties": { "name_en": "Cheikh Hmairine", "name_ar": "شيخ حمارين", "place_type": "village", "unique_id": "CAS_LBN51274", "district": "Akkar", "governorate": "Akkar" }, "geometry": { "type": "Point", "coordinates": [ 36.1029, 34.6226 ] } },
{ "type": "Feature", "properties": { "name_en": "Haouchab", "name_ar": "هوشب", "place_type": "village", "unique_id": "CAS_LBN51139", "district": "Akkar", "governorate": "Akkar" }, "geometry": { "type": "Point", "coordinates": [ 36.102928, 34.58697 ] } },
{ "type": "Feature", "properties": { "name_en": "Nabaa el Ghzaile", "name_ar": "نبع الغزيلة", "place_type": "village", "unique_id": "CAS_LBN51202", "district": "Akkar", "governorate": "Akkar" }, "geometry": { "type": "Point", "coordinates": [ 36.103164, 34.593367 ] } },
{ "type": "Feature", "properties": { "name_en": "Darine", "name_ar": "دارين", "place_type": "village", "unique_id": "CAS_LBN51057", "district": "Akkar", "governorate": "Akkar" }, "geometry": { "type": "Point", "coordinates": [ 36.104213, 34.604569 ] } },
{ "type": "Feature", "properties": { "name_en": "Hokr Jouret Srar", "name_ar": "حكر جورة سرار", "place_type": "village", "unique_id": "CAS_LBN51151", "district": "Akkar", "governorate": "Akkar" }, "geometry": { "type": "Point", "coordinates": [ 36.105641, 34.627498 ] } },
{ "type": "Feature", "properties": { "name_en": "Jouret Srar", "name_ar": "جورة سرار", "place_type": "village", "unique_id": "CAS_LBN51292", "district": "Akkar", "governorate": "Akkar" }, "geometry": { "type": "Point", "coordinates": [ 36.1097, 34.6311 ] } },
{ "type": "Feature", "properties": { "name_en": "Ghzaile", "name_ar": "الغزيله", "place_type": "village", "unique_id": "CAS_LBN51132", "district": "Akkar", "governorate": "Akkar" }, "geometry": { "type": "Point", "coordinates": [ 36.111994, 34.595003 ] } },
{ "type": "Feature", "properties": { "name_en": "El Aabboudiye", "name_ar": "العبودية", "place_type": "village", "unique_id": "CAS_LBN51071", "district": "Akkar", "governorate": "Akkar" }, "geometry": { "type": "Point", "coordinates": [ 36.11582, 34.633487 ] } },
{ "type": "Feature", "properties": { "name_en": "Chir Hmairine", "name_ar": "شير حمارين", "place_type": "village", "unique_id": "CAS_LBN51051", "district": "Akkar", "governorate": "Akkar" }, "geometry": { "type": "Point", "coordinates": [ 36.116294, 34.619179 ] } },
{ "type": "Feature", "properties": { "name_en": "Al Abbudiyya", "name_ar": "العبودية", "place_type": "village", "unique_id": "OSM_node/6270280493", "district": "Akkar", "governorate": "Akkar" }, "geometry": { "type": "Point", "coordinates": [ 36.117732, 34.636435899999981 ] } },
{ "type": "Feature", "properties": { "name_en": "Barcha", "name_ar": "برشا", "place_type": "village", "unique_id": "CAS_LBN51025", "district": "Akkar", "governorate": "Akkar" }, "geometry": { "type": "Point", "coordinates": [ 36.119259, 34.627618 ] } },
{ "type": "Feature", "properties": { "name_en": "Hikr Janine", "name_ar": "حكر جنين", "place_type": "village", "unique_id": "CAS_LBN51143", "district": "Akkar", "governorate": "Akkar" }, "geometry": { "type": "Point", "coordinates": [ 36.129117, 34.636069 ] } },
{ "type": "Feature", "properties": { "name_en": "El Kharnoubeh", "name_ar": "الخرنوبه", "place_type": "village", "unique_id": "CAS_LBN51089", "district": "Akkar", "governorate": "Akkar" }, "geometry": { "type": "Point", "coordinates": [ 36.129409, 34.627136 ] } },
{ "type": "Feature", "properties": { "name_en": "Srar", "name_ar": "سرار", "place_type": "village", "unique_id": "CAS_LBN51239", "district": "Akkar", "governorate": "Akkar" }, "geometry": { "type": "Point", "coordinates": [ 36.132083, 34.616731 ] } },
{ "type": "Feature", "properties": { "name_en": "Haitla", "name_ar": "هيتلا", "place_type": "village", "unique_id": "CAS_LBN51134", "district": "Akkar", "governorate": "Akkar" }, "geometry": { "type": "Point", "coordinates": [ 36.132675, 34.602442 ] } },
{ "type": "Feature", "properties": { "name_en": "Tall ash Shahm", "name_ar": "تل الشحم", "place_type": "village", "unique_id": "OSM_node/572550841", "district": "Akkar", "governorate": "Akkar" }, "geometry": { "type": "Point", "coordinates": [ 36.1333333, 34.6333333 ] } },
{ "type": "Feature", "properties": { "name_en": "Tleil", "name_ar": "التليل", "place_type": "village", "unique_id": "CAS_LBN51127", "district": "Akkar", "governorate": "Akkar" }, "geometry": { "type": "Point", "coordinates": [ 36.14035, 34.595375 ] } },
{ "type": "Feature", "properties": { "name_en": "Mzeihmeh", "name_ar": "مزيحمة", "place_type": "village", "unique_id": "CAS_LBN51311", "district": "Akkar", "governorate": "Akkar" }, "geometry": { "type": "Point", "coordinates": [ 36.141, 34.6096 ] } },
{ "type": "Feature", "properties": { "name_en": "Janine", "name_ar": "جنين", "place_type": "village", "unique_id": "CAS_LBN51155", "district": "Akkar", "governorate": "Akkar" }, "geometry": { "type": "Point", "coordinates": [ 36.146789, 34.628597 ] } },
{ "type": "Feature", "properties": { "name_en": "Haouch", "name_ar": "حوش", "place_type": "village", "unique_id": "CAS_LBN51138", "district": "Akkar", "governorate": "Akkar" }, "geometry": { "type": "Point", "coordinates": [ 36.148428, 34.608737 ] } },
{ "type": "Feature", "properties": { "name_en": "Zouaitini Akkar", "name_ar": "الزويتينة عكار", "place_type": "village", "unique_id": "CAS_LBN51253", "district": "Akkar", "governorate": "Akkar" }, "geometry": { "type": "Point", "coordinates": [ 36.14736, 34.617698 ] } },
{ "type": "Feature", "properties": { "name_en": "Chane", "name_ar": "شان", "place_type": "village", "unique_id": "CAS_LBN51046", "district": "Akkar", "governorate": "Akkar" }, "geometry": { "type": "Point", "coordinates": [ 36.113689, 34.482083 ] } },
{ "type": "Feature", "properties": { "name_en": "El Houaich", "name_ar": "الحويش", "place_type": "village", "unique_id": "CAS_LBN51088", "district": "Akkar", "governorate": "Akkar" }, "geometry": { "type": "Point", "coordinates": [ 36.117047, 34.499344 ] } },
{ "type": "Feature", "properties": { "name_en": "Hrar", "name_ar": "حرار", "place_type": "village", "unique_id": "CAS_LBN51152", "district": "Akkar", "governorate": "Akkar" }, "geometry": { "type": "Point", "coordinates": [ 36.121581, 34.457456 ] } },
{ "type": "Feature", "properties": { "name_en": "Khirbit Ej Jord", "name_ar": "خربة الجرد", "place_type": "village", "unique_id": "CAS_LBN51171", "district": "Akkar", "governorate": "Akkar" }, "geometry": { "type": "Point", "coordinates": [ 36.123397, 34.465375 ] } },
{ "type": "Feature", "properties": { "name_en": "Khraibe Akkar", "name_ar": "الخريبة", "place_type": "village", "unique_id": "CAS_LBN51172", "district": "Akkar", "governorate": "Akkar" }, "geometry": { "type": "Point", "coordinates": [ 36.125869, 34.477492 ] } },
{ "type": "Feature", "properties": { "name_en": "Jebrayel", "name_ar": "جبرائيل", "place_type": "village", "unique_id": "CAS_LBN51158", "district": "Akkar", "governorate": "Akkar" }, "geometry": { "type": "Point", "coordinates": [ 36.130289, 34.522197 ] } },
{ "type": "Feature", "properties": { "name_en": "Sbagha", "name_ar": "صباغا", "place_type": "village", "unique_id": "CAS_LBN51233", "district": "Akkar", "governorate": "Akkar" }, "geometry": { "type": "Point", "coordinates": [ 36.130514, 34.526557 ] } },
{ "type": "Feature", "properties": { "name_en": "Mar Lia Hdare", "name_ar": "مار ليا حدار", "place_type": "village", "unique_id": "CAS_LBN51183", "district": "Akkar", "governorate": "Akkar" }, "geometry": { "type": "Point", "coordinates": [ 36.135472, 34.448867 ] } },
{ "type": "Feature", "properties": { "name_en": "Dahr Laissineh", "name_ar": "ضهر ليسينه", "place_type": "village", "unique_id": "CAS_LBN51278", "district": "Akkar", "governorate": "Akkar" }, "geometry": { "type": "Point", "coordinates": [ 36.1355, 34.5392 ] } },
{ "type": "Feature", "properties": { "name_en": "Haret Beit Kessab", "name_ar": "حارة بيت كساب", "place_type": "village", "unique_id": "CAS_LBN51140", "district": "Akkar", "governorate": "Akkar" }, "geometry": { "type": "Point", "coordinates": [ 36.141212, 34.45132 ] } },
{ "type": "Feature", "properties": { "name_en": "El Melkiye", "name_ar": "الملكي", "place_type": "village", "unique_id": "CAS_LBN51106", "district": "Akkar", "governorate": "Akkar" }, "geometry": { "type": "Point", "coordinates": [ 36.14449, 34.535897 ] } },
{ "type": "Feature", "properties": { "name_en": "Rahbe", "name_ar": "رحبة", "place_type": "village", "unique_id": "CAS_LBN51224", "district": "Akkar", "governorate": "Akkar" }, "geometry": { "type": "Point", "coordinates": [ 36.14458, 34.505647 ] } },
{ "type": "Feature", "properties": { "name_en": "Beit Younes", "name_ar": "بيت يونس", "place_type": "village", "unique_id": "CAS_LBN51035", "district": "Akkar", "governorate": "Akkar" }, "geometry": { "type": "Point", "coordinates": [ 36.148225, 34.475572 ] } },
{ "type": "Feature", "properties": { "name_en": "Sadaqa", "name_ar": "صدقة", "place_type": "village", "unique_id": "CAS_LBN51327", "district": "Akkar", "governorate": "Akkar" }, "geometry": { "type": "Point", "coordinates": [ 36.1518, 34.4661 ] } },
{ "type": "Feature", "properties": { "name_en": "Qraiyat", "name_ar": "القريات", "place_type": "village", "unique_id": "CAS_LBN51113", "district": "Akkar", "governorate": "Akkar" }, "geometry": { "type": "Point", "coordinates": [ 36.153322, 34.480575 ] } },
{ "type": "Feature", "properties": { "name_en": "Takrit", "name_ar": "تكريت", "place_type": "village", "unique_id": "CAS_LBN51251", "district": "Akkar", "governorate": "Akkar" }, "geometry": { "type": "Point", "coordinates": [ 36.157142, 34.51892 ] } },
{ "type": "Feature", "properties": { "name_en": "Beit Ayoub", "name_ar": "بيت ايوب", "place_type": "village", "unique_id": "CAS_LBN51029", "district": "Akkar", "governorate": "Akkar" }, "geometry": { "type": "Point", "coordinates": [ 36.159364, 34.4736 ] } },
{ "type": "Feature", "properties": { "name_en": "Beit Mellat", "name_ar": "بيت ملات", "place_type": "village", "unique_id": "CAS_LBN51034", "district": "Akkar", "governorate": "Akkar" }, "geometry": { "type": "Point", "coordinates": [ 36.161781, 34.529564 ] } },
{ "type": "Feature", "properties": { "name_en": "El Qorne", "name_ar": "القرنة", "place_type": "village", "unique_id": "CAS_LBN51112", "district": "Akkar", "governorate": "Akkar" }, "geometry": { "type": "Point", "coordinates": [ 36.168686, 34.477847 ] } },
{ "type": "Feature", "properties": { "name_en": "Mechmech", "name_ar": "مشمش", "place_type": "village", "unique_id": "CAS_LBN51193", "district": "Akkar", "governorate": "Akkar" }, "geometry": { "type": "Point", "coordinates": [ 36.170119, 34.472161 ] } },
{ "type": "Feature", "properties": { "name_en": "Beit Daoud", "name_ar": "بيت داوود", "place_type": "village", "unique_id": "CAS_LBN51030", "district": "Akkar", "governorate": "Akkar" }, "geometry": { "type": "Point", "coordinates": [ 36.170399, 34.518284 ] } },
{ "type": "Feature", "properties": { "name_en": "Chattaha", "name_ar": "شطاحة", "place_type": "village", "unique_id": "CAS_LBN51237", "district": "Akkar", "governorate": "Akkar" }, "geometry": { "type": "Point", "coordinates": [ 36.170531, 34.533133 ] } },
{ "type": "Feature", "properties": { "name_en": "El Aayoun", "name_ar": "العيون", "place_type": "village", "unique_id": "CAS_LBN51079", "district": "Akkar", "governorate": "Akkar" }, "geometry": { "type": "Point", "coordinates": [ 36.172042, 34.528364 ] } },
{ "type": "Feature", "properties": { "name_en": "Mrah Qamar ed Dine", "name_ar": "مراح قمر الدين", "place_type": "village", "unique_id": "CAS_LBN51199", "district": "Akkar", "governorate": "Akkar" }, "geometry": { "type": "Point", "coordinates": [ 36.17256, 34.457578 ] } },
{ "type": "Feature", "properties": { "name_en": "Aayoun", "name_ar": "عيون", "place_type": "village", "unique_id": "CAS_LBN51262", "district": "Akkar", "governorate": "Akkar" }, "geometry": { "type": "Point", "coordinates": [ 36.174442, 34.539369 ] } },
{ "type": "Feature", "properties": { "name_en": "Beino", "name_ar": "بينو", "place_type": "village", "unique_id": "CAS_LBN51027", "district": "Akkar", "governorate": "Akkar" }, "geometry": { "type": "Point", "coordinates": [ 36.177894, 34.5372 ] } },
{ "type": "Feature", "properties": { "name_en": "Memnaa", "name_ar": "ممنع", "place_type": "village", "unique_id": "CAS_LBN51191", "district": "Akkar", "governorate": "Akkar" }, "geometry": { "type": "Point", "coordinates": [ 36.178186, 34.500395 ] } },
{ "type": "Feature", "properties": { "name_en": "Qboula", "name_ar": "قبولا", "place_type": "village", "unique_id": "CAS_LBN51218", "district": "Akkar", "governorate": "Akkar" }, "geometry": { "type": "Point", "coordinates": [ 36.180633, 34.533661 ] } },
{ "type": "Feature", "properties": { "name_en": "Fnaideq", "name_ar": "فنيدق", "place_type": "village", "unique_id": "CAS_LBN51130", "district": "Akkar", "governorate": "Akkar" }, "geometry": { "type": "Point", "coordinates": [ 36.181608, 34.476767 ] } },
{ "type": "Feature", "properties": { "name_en": "El Borj Akkar", "name_ar": "البرج عكار", "place_type": "village", "unique_id": "CAS_LBN51082", "district": "Akkar", "governorate": "Akkar" }, "geometry": { "type": "Point", "coordinates": [ 36.186212, 34.531786 ] } },
{ "type": "Feature", "properties": { "name_en": "Tashea", "name_ar": "تاشع", "place_type": "village", "unique_id": "CAS_LBN51243", "district": "Akkar", "governorate": "Akkar" }, "geometry": { "type": "Point", "coordinates": [ 36.186958, 34.498078 ] } },
{ "type": "Feature", "properties": { "name_en": "Chaqdouf", "name_ar": "الشقدوف", "place_type": "village", "unique_id": "CAS_LBN51272", "district": "Akkar", "governorate": "Akkar" }, "geometry": { "type": "Point", "coordinates": [ 36.189722, 34.528889 ] } },
{ "type": "Feature", "properties": { "name_en": "Bezbina", "name_ar": "بزبينا", "place_type": "village", "unique_id": "CAS_LBN51039", "district": "Akkar", "governorate": "Akkar" }, "geometry": { "type": "Point", "coordinates": [ 36.196058, 34.514892 ] } },
{ "type": "Feature", "properties": { "name_en": "Aaiyat", "name_ar": "عيات", "place_type": "village", "unique_id": "CAS_LBN51003", "district": "Akkar", "governorate": "Akkar" }, "geometry": { "type": "Point", "coordinates": [ 36.196817, 34.535336 ] } },
{ "type": "Feature", "properties": { "name_en": "Ain Yaaqoub", "name_ar": "عين يعقوب", "place_type": "village", "unique_id": "CAS_LBN51018", "district": "Akkar", "governorate": "Akkar" }, "geometry": { "type": "Point", "coordinates": [ 36.197717, 34.519411 ] } },
{ "type": "Feature", "properties": { "name_en": "Bzaita", "name_ar": "بزيتا", "place_type": "village", "unique_id": "CAS_LBN51043", "district": "Akkar", "governorate": "Akkar" }, "geometry": { "type": "Point", "coordinates": [ 36.079325, 34.447443 ] } },
{ "type": "Feature", "properties": { "name_en": "Qabaait", "name_ar": "قبعيت", "place_type": "village", "unique_id": "CAS_LBN51212", "district": "Akkar", "governorate": "Akkar" }, "geometry": { "type": "Point", "coordinates": [ 36.096042, 34.449014 ] } },
{ "type": "Feature", "properties": { "name_en": "Habchit", "name_ar": "حبشيت", "place_type": "village", "unique_id": "CAS_LBN51133", "district": "Akkar", "governorate": "Akkar" }, "geometry": { "type": "Point", "coordinates": [ 36.088883, 34.4677 ] } },
{ "type": "Feature", "properties": { "name_en": "Dinbou Ain al zahab", "name_ar": "دنبو عين الذهب", "place_type": "village", "unique_id": "CAS_LBN51062", "district": "Akkar", "governorate": "Akkar" }, "geometry": { "type": "Point", "coordinates": [ 36.087108, 34.478864 ] } },
{ "type": "Feature", "properties": { "name_en": "Mrah el Aainouni", "name_ar": "مراه العينوني", "place_type": "village", "unique_id": "CAS_LBN51339", "district": "Akkar", "governorate": "Akkar" }, "geometry": { "type": "Point", "coordinates": [ 36.092396880000024, 34.501322225000024 ] } },
{ "type": "Feature", "properties": { "name_en": "Kroum el Arab", "name_ar": "كروم العرب", "place_type": "village", "unique_id": "CAS_LBN51177", "district": "Akkar", "governorate": "Akkar" }, "geometry": { "type": "Point", "coordinates": [ 36.092161, 34.555017 ] } },
{ "type": "Feature", "properties": { "name_en": "Idbil", "name_ar": "عدبل", "place_type": "village", "unique_id": "CAS_LBN51153", "district": "Akkar", "governorate": "Akkar" }, "geometry": { "type": "Point", "coordinates": [ 36.094889, 34.535647 ] } },
{ "type": "Feature", "properties": { "name_en": "Khreibet ej Jindi", "name_ar": "خريبة الجندي", "place_type": "village", "unique_id": "CAS_LBN51173", "district": "Akkar", "governorate": "Akkar" }, "geometry": { "type": "Point", "coordinates": [ 36.095636, 34.558628 ] } },
{ "type": "Feature", "properties": { "name_en": "Kousha", "name_ar": "كوشا", "place_type": "village", "unique_id": "CAS_LBN51176", "district": "Akkar", "governorate": "Akkar" }, "geometry": { "type": "Point", "coordinates": [ 36.100678, 34.560861 ] } },
{ "type": "Feature", "properties": { "name_en": "Beit el Haj", "name_ar": "بيت الحاج", "place_type": "village", "unique_id": "CAS_LBN51031", "district": "Akkar", "governorate": "Akkar" }, "geometry": { "type": "Point", "coordinates": [ 36.10495, 34.559541 ] } },
{ "type": "Feature", "properties": { "name_en": "Ilat", "name_ar": "ايلات", "place_type": "village", "unique_id": "CAS_LBN51154", "district": "Akkar", "governorate": "Akkar" }, "geometry": { "type": "Point", "coordinates": [ 36.108692, 34.519386 ] } },
{ "type": "Feature", "properties": { "name_en": "Machha", "name_ar": "مشحة", "place_type": "village", "unique_id": "CAS_LBN51178", "district": "Akkar", "governorate": "Akkar" }, "geometry": { "type": "Point", "coordinates": [ 36.114778, 34.540969 ] } },
{ "type": "Feature", "properties": { "name_en": "Rihaniye", "name_ar": "الريحانية", "place_type": "village", "unique_id": "CAS_LBN51119", "district": "Akkar", "governorate": "Akkar" }, "geometry": { "type": "Point", "coordinates": [ 36.115622, 34.583803 ] } },
{ "type": "Feature", "properties": { "name_en": "Saidnaya", "name_ar": "السنديانة", "place_type": "village", "unique_id": "CAS_LBN51229", "district": "Akkar", "governorate": "Akkar" }, "geometry": { "type": "Point", "coordinates": [ 36.120441, 34.589219 ] } },
{ "type": "Feature", "properties": { "name_en": "Es Souaisse", "name_ar": "السويسة", "place_type": "village", "unique_id": "CAS_LBN51126", "district": "Akkar", "governorate": "Akkar" }, "geometry": { "type": "Point", "coordinates": [ 36.121794, 34.556428 ] } },
{ "type": "Feature", "properties": { "name_en": "El Krahne", "name_ar": "الكراهنة", "place_type": "village", "unique_id": "CAS_LBN51097", "district": "Akkar", "governorate": "Akkar" }, "geometry": { "type": "Point", "coordinates": [ 36.122305, 34.559736 ] } },
{ "type": "Feature", "properties": { "name_en": "Knisseh", "name_ar": "كنيسة", "place_type": "village", "unique_id": "CAS_LBN51095", "district": "Akkar", "governorate": "Akkar" }, "geometry": { "type": "Point", "coordinates": [ 36.125742, 34.562545 ] } },
{ "type": "Feature", "properties": { "name_en": "Hmais", "name_ar": "حميص", "place_type": "village", "unique_id": "CAS_LBN51144", "district": "Akkar", "governorate": "Akkar" }, "geometry": { "type": "Point", "coordinates": [ 36.126015, 34.574653 ] } },
{ "type": "Feature", "properties": { "name_en": "Haizouq", "name_ar": "حيزوق", "place_type": "village", "unique_id": "CAS_LBN51135", "district": "Akkar", "governorate": "Akkar" }, "geometry": { "type": "Point", "coordinates": [ 36.12665, 34.548406 ] } },
{ "type": "Feature", "properties": { "name_en": "Kfar Harra", "name_ar": "كفرحره", "place_type": "village", "unique_id": "CAS_LBN51162", "district": "Akkar", "governorate": "Akkar" }, "geometry": { "type": "Point", "coordinates": [ 36.137567, 34.558917 ] } },
{ "type": "Feature", "properties": { "name_en": "Balde", "name_ar": "بلدي", "place_type": "village", "unique_id": "CAS_LBN51024", "district": "Akkar", "governorate": "Akkar" }, "geometry": { "type": "Point", "coordinates": [ 36.144908, 34.560758 ] } },
{ "type": "Feature", "properties": { "name_en": "Charbila", "name_ar": "شربيلا", "place_type": "village", "unique_id": "CAS_LBN51047", "district": "Akkar", "governorate": "Akkar" }, "geometry": { "type": "Point", "coordinates": [ 36.144967, 34.58358 ] } },
{ "type": "Feature", "properties": { "name_en": "Mazraat Al Balde", "name_ar": "مزرعة بلدة", "place_type": "village", "unique_id": "CAS_LBN51103", "district": "Akkar", "governorate": "Akkar" }, "geometry": { "type": "Point", "coordinates": [ 36.149334, 34.558343 ] } },
{ "type": "Feature", "properties": { "name_en": "Hedd", "name_ar": "الهد", "place_type": "village", "unique_id": "CAS_LBN51142", "district": "Akkar", "governorate": "Akkar" }, "geometry": { "type": "Point", "coordinates": [ 36.157564, 34.558639 ] } },
{ "type": "Feature", "properties": { "name_en": "Wadi Al Hoor", "name_ar": "وادي الحور", "place_type": "village", "unique_id": "CAS_LBN51209", "district": "Akkar", "governorate": "Akkar" }, "geometry": { "type": "Point", "coordinates": [ 36.153731, 34.609233 ] } },
{ "type": "Feature", "properties": { "name_en": "Qochloq", "name_ar": "قشلق", "place_type": "village", "unique_id": "CAS_LBN51222", "district": "Akkar", "governorate": "Akkar" }, "geometry": { "type": "Point", "coordinates": [ 36.155811, 34.614336 ] } },
{ "type": "Feature", "properties": { "name_en": "Sfinet ed Dreib", "name_ar": "سفينة الدريب", "place_type": "village", "unique_id": "CAS_LBN51125", "district": "Akkar", "governorate": "Akkar" }, "geometry": { "type": "Point", "coordinates": [ 36.157007, 34.572331 ] } },
{ "type": "Feature", "properties": { "name_en": "Msalla", "name_ar": "مصلا", "place_type": "village", "unique_id": "CAS_LBN51200", "district": "Akkar", "governorate": "Akkar" }, "geometry": { "type": "Point", "coordinates": [ 36.158761, 34.591369 ] } },
{ "type": "Feature", "properties": { "name_en": "Aarmeh", "name_ar": "عرمه", "place_type": "village", "unique_id": "CAS_LBN51078", "district": "Akkar", "governorate": "Akkar" }, "geometry": { "type": "Point", "coordinates": [ 36.160669, 34.629802 ] } },
{ "type": "Feature", "properties": { "name_en": "Amaret el Baykat", "name_ar": "عمار البيكات", "place_type": "village", "unique_id": "CAS_LBN51006", "district": "Akkar", "governorate": "Akkar" }, "geometry": { "type": "Point", "coordinates": [ 36.162669, 34.608486 ] } },
{ "type": "Feature", "properties": { "name_en": "Fard", "name_ar": "الفرض", "place_type": "village", "unique_id": "CAS_LBN51285", "district": "Akkar", "governorate": "Akkar" }, "geometry": { "type": "Point", "coordinates": [ 36.163889, 34.617222 ] } },
{ "type": "Feature", "properties": { "name_en": "Deir Janine", "name_ar": "دير جنين", "place_type": "village", "unique_id": "CAS_LBN51059", "district": "Akkar", "governorate": "Akkar" }, "geometry": { "type": "Point", "coordinates": [ 36.175789, 34.564825 ] } },
{ "type": "Feature", "properties": { "name_en": "Aadouiye", "name_ar": "عدوي", "place_type": "village", "unique_id": "CAS_LBN51001", "district": "Akkar", "governorate": "Akkar" }, "geometry": { "type": "Point", "coordinates": [ 36.177428, 34.58148 ] } },
{ "type": "Feature", "properties": { "name_en": "Doueir Aadouiye", "name_ar": "دوير عدويه", "place_type": "village", "unique_id": "CAS_LBN51284", "district": "Akkar", "governorate": "Akkar" }, "geometry": { "type": "Point", "coordinates": [ 36.1786, 34.5814 ] } },
{ "type": "Feature", "properties": { "name_en": "El Khirbe Msalla", "name_ar": "الخربة مصلا", "place_type": "village", "unique_id": "CAS_LBN51091", "district": "Akkar", "governorate": "Akkar" }, "geometry": { "type": "Point", "coordinates": [ 36.182339, 34.593868 ] } },
{ "type": "Feature", "properties": { "name_en": "Ain Tinta", "name_ar": "عين تنتا", "place_type": "village", "unique_id": "CAS_LBN51017", "district": "Akkar", "governorate": "Akkar" }, "geometry": { "type": "Point", "coordinates": [ 36.182925, 34.584325 ] } },
{ "type": "Feature", "properties": { "name_en": "Noura", "name_ar": "النوره", "place_type": "village", "unique_id": "CAS_LBN51206", "district": "Akkar", "governorate": "Akkar" }, "geometry": { "type": "Point", "coordinates": [ 36.18328, 34.620289 ] } },
{ "type": "Feature", "properties": { "name_en": "Noura el Tahta", "name_ar": "نورا التحتا", "place_type": "village", "unique_id": "CAS_LBN51207", "district": "Akkar", "governorate": "Akkar" }, "geometry": { "type": "Point", "coordinates": [ 36.184664, 34.6256 ] } },
{ "type": "Feature", "properties": { "name_en": "Berbara", "name_ar": "برباره", "place_type": "village", "unique_id": "CAS_LBN51037", "district": "Akkar", "governorate": "Akkar" }, "geometry": { "type": "Point", "coordinates": [ 36.186903, 34.573278 ] } },
{ "type": "Feature", "properties": { "name_en": "Baghdadi", "name_ar": "دوسة بغدادي", "place_type": "village", "unique_id": "OSM_node/6270329192", "district": "Akkar", "governorate": "Akkar" }, "geometry": { "type": "Point", "coordinates": [ 36.1880812, 34.602093200000013 ] } },
{ "type": "Feature", "properties": { "name_en": "Deir Mar Jeryos", "name_ar": "دير مار جريس", "place_type": "village", "unique_id": "CAS_LBN51060", "district": "Akkar", "governorate": "Akkar" }, "geometry": { "type": "Point", "coordinates": [ 36.188106, 34.563507 ] } },
{ "type": "Feature", "properties": { "name_en": "Khirbet Char", "name_ar": "خربة شار", "place_type": "village", "unique_id": "CAS_LBN51170", "district": "Akkar", "governorate": "Akkar" }, "geometry": { "type": "Point", "coordinates": [ 36.189092, 34.579583 ] } },
{ "type": "Feature", "properties": { "name_en": "Ed Daousse", "name_ar": "الدوسة", "place_type": "village", "unique_id": "CAS_LBN51067", "district": "Akkar", "governorate": "Akkar" }, "geometry": { "type": "Point", "coordinates": [ 36.18998, 34.599461 ] } },
{ "type": "Feature", "properties": { "name_en": "Daousse Baghdadi", "name_ar": "دوسة بغدادي", "place_type": "village", "unique_id": "CAS_LBN51280", "district": "Akkar", "governorate": "Akkar" }, "geometry": { "type": "Point", "coordinates": [ 36.191111, 34.6 ] } },
{ "type": "Feature", "properties": { "name_en": "Noura el Faouqa et el Tahta", "name_ar": "نورا الفوقا و التحتى", "place_type": "village", "unique_id": "CAS_LBN51315", "district": "Akkar", "governorate": "Akkar" }, "geometry": { "type": "Point", "coordinates": [ 36.1961, 34.5947 ] } },
{ "type": "Feature", "properties": { "name_en": "Ain ez Zeit", "name_ar": "عين الزيت", "place_type": "village", "unique_id": "CAS_LBN51016", "district": "Akkar", "governorate": "Akkar" }, "geometry": { "type": "Point", "coordinates": [ 36.19905, 34.590653 ] } },
{ "type": "Feature", "properties": { "name_en": "Fsiqine et Ain Echma", "name_ar": "فسقين و عين اشما", "place_type": "village", "unique_id": "CAS_LBN51131", "district": "Akkar", "governorate": "Akkar" }, "geometry": { "type": "Point", "coordinates": [ 36.202772, 34.577733 ] } },
{ "type": "Feature", "properties": { "name_en": "Dibbabiye", "name_ar": "دبابية", "place_type": "village", "unique_id": "CAS_LBN51282", "district": "Akkar", "governorate": "Akkar" }, "geometry": { "type": "Point", "coordinates": [ 36.203518, 34.624097 ] } },
{ "type": "Feature", "properties": { "name_en": "Ed Debbabiye el Gharbiye", "name_ar": "الدبابية الغربية", "place_type": "village", "unique_id": "CAS_LBN51069", "district": "Akkar", "governorate": "Akkar" }, "geometry": { "type": "Point", "coordinates": [ 36.205148, 34.626118 ] } },
{ "type": "Feature", "properties": { "name_en": "Kafr El Ftouh", "name_ar": "كفر الفتوح", "place_type": "village", "unique_id": "CAS_LBN51020", "district": "Akkar", "governorate": "Akkar" }, "geometry": { "type": "Point", "coordinates": [ 36.207618, 34.591452 ] } },
{ "type": "Feature", "properties": { "name_en": "Kawashra", "name_ar": "الكواشرة", "place_type": "village", "unique_id": "CAS_LBN51294", "district": "Akkar", "governorate": "Akkar" }, "geometry": { "type": "Point", "coordinates": [ 36.20827, 34.612089 ] } },
{ "type": "Feature", "properties": { "name_en": "En Nabi Khaled", "name_ar": "النبي خالد", "place_type": "village", "unique_id": "CAS_LBN51115", "district": "Akkar", "governorate": "Akkar" }, "geometry": { "type": "Point", "coordinates": [ 36.220026, 34.468986 ] } },
{ "type": "Feature", "properties": { "name_en": "El Khirbe", "name_ar": "الخربة", "place_type": "village", "unique_id": "CAS_LBN51092", "district": "Akkar", "governorate": "Akkar" }, "geometry": { "type": "Point", "coordinates": [ 36.295897, 34.500901 ] } },
{ "type": "Feature", "properties": { "name_en": "Es Sayeh", "name_ar": "السايح", "place_type": "village", "unique_id": "CAS_LBN51340", "district": "Akkar", "governorate": "Akkar" }, "geometry": { "type": "Point", "coordinates": [ 36.245902452999985, 34.515273402 ] } },
{ "type": "Feature", "properties": { "name_en": "Er Rouaime", "name_ar": "الرويمة", "place_type": "village", "unique_id": "CAS_LBN51121", "district": "Akkar", "governorate": "Akkar" }, "geometry": { "type": "Point", "coordinates": [ 36.315511, 34.519556 ] } },
{ "type": "Feature", "properties": { "name_en": "Shaqdouf Aakkar", "name_ar": "شقدوف عكار", "place_type": "village", "unique_id": "CAS_LBN51236", "district": "Akkar", "governorate": "Akkar" }, "geometry": { "type": "Point", "coordinates": [ 36.218079, 34.524804 ] } },
{ "type": "Feature", "properties": { "name_en": "Aakkar El Attiqa", "name_ar": "عكار العتيقة", "place_type": "village", "unique_id": "CAS_LBN51004", "district": "Akkar", "governorate": "Akkar" }, "geometry": { "type": "Point", "coordinates": [ 36.240711, 34.524961 ] } },
{ "type": "Feature", "properties": { "name_en": "Haider", "name_ar": "حيدر", "place_type": "village", "unique_id": "CAS_LBN51286", "district": "Akkar", "governorate": "Akkar" }, "geometry": { "type": "Point", "coordinates": [ 36.29624, 34.530672 ] } },
{ "type": "Feature", "properties": { "name_en": "Beit Khlaiyel", "name_ar": "بيت خلايل", "place_type": "village", "unique_id": "CAS_LBN51033", "district": "Akkar", "governorate": "Akkar" }, "geometry": { "type": "Point", "coordinates": [ 36.223081, 34.533794 ] } },
{ "type": "Feature", "properties": { "name_en": "Baaliye", "name_ar": "بعليا", "place_type": "village", "unique_id": "CAS_LBN51267", "district": "Akkar", "governorate": "Akkar" }, "geometry": { "type": "Point", "coordinates": [ 36.208056, 34.537778 ] } },
{ "type": "Feature", "properties": { "name_en": "Ed Daoura", "name_ar": "الدوره", "place_type": "village", "unique_id": "OSM_node/6763864220", "district": "Akkar", "governorate": "Akkar" }, "geometry": { "type": "Point", "coordinates": [ 36.2211089, 34.538743599999975 ] } },
{ "type": "Feature", "properties": { "name_en": "Qatlabeh", "name_ar": "القطلبة", "place_type": "village", "unique_id": "OSM_node/6764025192", "district": "Akkar", "governorate": "Akkar" }, "geometry": { "type": "Point", "coordinates": [ 36.2801738, 34.5407452 ] } },
{ "type": "Feature", "properties": { "name_en": "Akroum", "name_ar": "اكروم", "place_type": "village", "unique_id": "CAS_LBN51019", "district": "Akkar", "governorate": "Akkar" }, "geometry": { "type": "Point", "coordinates": [ 36.361855, 34.5433 ] } },
{ "type": "Feature", "properties": { "name_en": "El Qatlabe", "name_ar": "القبيات القطلبه", "place_type": "village", "unique_id": "CAS_LBN51110", "district": "Akkar", "governorate": "Akkar" }, "geometry": { "type": "Point", "coordinates": [ 36.283, 34.543947 ] } },
{ "type": "Feature", "properties": { "name_en": "Ed Daoura", "name_ar": "الدوره", "place_type": "village", "unique_id": "CAS_LBN51066", "district": "Akkar", "governorate": "Akkar" }, "geometry": { "type": "Point", "coordinates": [ 36.213161, 34.544928 ] } },
{ "type": "Feature", "properties": { "name_en": "Mrah Aakkar", "name_ar": "مراه عكار", "place_type": "village", "unique_id": "CAS_LBN51196", "district": "Akkar", "governorate": "Akkar" }, "geometry": { "type": "Point", "coordinates": [ 36.238676, 34.547135 ] } },
{ "type": "Feature", "properties": { "name_en": "Mar Sahllita", "name_ar": "مار شليطا", "place_type": "village", "unique_id": "CAS_LBN51184", "district": "Akkar", "governorate": "Akkar" }, "geometry": { "type": "Point", "coordinates": [ 36.271564, 34.549057 ] } },
{ "type": "Feature", "properties": { "name_en": "Beit Ali Adraa", "name_ar": "بيت علي عدرة", "place_type": "village", "unique_id": "CAS_LBN51028", "district": "Akkar", "governorate": "Akkar" }, "geometry": { "type": "Point", "coordinates": [ 36.325196, 34.553772 ] } },
{ "type": "Feature", "properties": { "name_en": "Kfartoun", "name_ar": "كفرتون", "place_type": "village", "unique_id": "CAS_LBN51165", "district": "Akkar", "governorate": "Akkar" }, "geometry": { "type": "Point", "coordinates": [ 36.357803, 34.557858 ] } },
{ "type": "Feature", "properties": { "name_en": "El Ghawaya", "name_ar": "القبيات غوايا", "place_type": "village", "unique_id": "CAS_LBN51084", "district": "Akkar", "governorate": "Akkar" }, "geometry": { "type": "Point", "coordinates": [ 36.27345, 34.564823 ] } },
{ "type": "Feature", "properties": { "name_en": "Dahr El Ballane", "name_ar": "ضهر البلانه", "place_type": "village", "unique_id": "CAS_LBN51054", "district": "Akkar", "governorate": "Akkar" }, "geometry": { "type": "Point", "coordinates": [ 36.268966, 34.567947 ] } },
{ "type": "Feature", "properties": { "name_en": "Qbaiyat ez Zouq", "name_ar": "القبيات الذوق", "place_type": "village", "unique_id": "CAS_LBN51217", "district": "Akkar", "governorate": "Akkar" }, "geometry": { "type": "Point", "coordinates": [ 36.282931, 34.568713 ] } },
{ "type": "Feature", "properties": { "name_en": "El Majdel", "name_ar": "المجدل عكار", "place_type": "village", "unique_id": "CAS_LBN51101", "district": "Akkar", "governorate": "Akkar" }, "geometry": { "type": "Point", "coordinates": [ 36.215319, 34.570117 ] } },
{ "type": "Feature", "properties": { "name_en": "Bani Sakher", "name_ar": "بني صخر", "place_type": "village", "unique_id": "CAS_LBN51268", "district": "Akkar", "governorate": "Akkar" }, "geometry": { "type": "Point", "coordinates": [ 36.3603, 34.5703 ] } },
{ "type": "Feature", "properties": { "name_en": "Qoubaiyat", "name_ar": "القبيات", "place_type": "village", "unique_id": "CAS_LBN51215", "district": "Akkar", "governorate": "Akkar" }, "geometry": { "type": "Point", "coordinates": [ 36.2804, 34.571717 ] } },
{ "type": "Feature", "properties": { "name_en": "Mrah el Bsatine", "name_ar": "مراح البساتين", "place_type": "village", "unique_id": "CAS_LBN51197", "district": "Akkar", "governorate": "Akkar" }, "geometry": { "type": "Point", "coordinates": [ 36.346542, 34.575255 ] } },
{ "type": "Feature", "properties": { "name_en": "تلة جورة النجاص", "name_ar": "تلة جورة النجاص", "place_type": "hamlet", "unique_id": "OSM_node/5850107277", "district": "Akkar", "governorate": "Akkar" }, "geometry": { "type": "Point", "coordinates": [ 36.3589126, 34.5763622 ] } },
{ "type": "Feature", "properties": { "name_en": "Sindianet Zeidane", "name_ar": "سنديانة زيدان", "place_type": "village", "unique_id": "CAS_LBN51238", "district": "Akkar", "governorate": "Akkar" }, "geometry": { "type": "Point", "coordinates": [ 36.244375, 34.576517 ] } },
{ "type": "Feature", "properties": { "name_en": "Martmoura", "name_ar": "القبيات مرتموره", "place_type": "village", "unique_id": "CAS_LBN51188", "district": "Akkar", "governorate": "Akkar" }, "geometry": { "type": "Point", "coordinates": [ 36.276883, 34.579397 ] } },
{ "type": "Feature", "properties": { "name_en": "Qbaiyat el Gharbiye", "name_ar": "القبيات الغربية", "place_type": "village", "unique_id": "CAS_LBN51216", "district": "Akkar", "governorate": "Akkar" }, "geometry": { "type": "Point", "coordinates": [ 36.259856, 34.57947 ] } },
{ "type": "Feature", "properties": { "name_en": "Daghle", "name_ar": "الدغلة", "place_type": "village", "unique_id": "CAS_LBN51065", "district": "Akkar", "governorate": "Akkar" }, "geometry": { "type": "Point", "coordinates": [ 36.209092, 34.581225 ] } },
{ "type": "Feature", "properties": { "name_en": "Danke et El Amriyeh", "name_ar": "دنكة و العامرية", "place_type": "village", "unique_id": "CAS_LBN51279", "district": "Akkar", "governorate": "Akkar" }, "geometry": { "type": "Point", "coordinates": [ 36.2253, 34.5867 ] } },
{ "type": "Feature", "properties": { "name_en": "Khirbet Daoud", "name_ar": "خربة داوود", "place_type": "village", "unique_id": "CAS_LBN51168", "district": "Akkar", "governorate": "Akkar" }, "geometry": { "type": "Point", "coordinates": [ 36.220561, 34.587142 ] } },
{ "type": "Feature", "properties": { "name_en": "Al Birah", "name_ar": "البيرة", "place_type": "village", "unique_id": "OSM_node/5758770637", "district": "Akkar", "governorate": "Akkar" }, "geometry": { "type": "Point", "coordinates": [ 36.233112300000016, 34.587481 ] } },
{ "type": "Feature", "properties": { "name_en": "Bire Akkar", "name_ar": "البيره عكار", "place_type": "village", "unique_id": "CAS_LBN51040", "district": "Akkar", "governorate": "Akkar" }, "geometry": { "type": "Point", "coordinates": [ 36.236436, 34.587564 ] } },
{ "type": "Feature", "properties": { "name_en": "Ain er Rsas", "name_ar": "عين الراس", "place_type": "village", "unique_id": "CAS_LBN51015", "district": "Akkar", "governorate": "Akkar" }, "geometry": { "type": "Point", "coordinates": [ 36.241138, 34.594262 ] } },
{ "type": "Feature", "properties": { "name_en": "Bardeh", "name_ar": "بردي", "place_type": "village", "unique_id": "OSM_node/12388774617", "district": "Akkar", "governorate": "Akkar" }, "geometry": { "type": "Point", "coordinates": [ 36.253595299999972, 34.595522500000015 ] } },
{ "type": "Feature", "properties": { "name_en": "Aaidamoun", "name_ar": "عيدمون", "place_type": "village", "unique_id": "CAS_LBN51002", "district": "Akkar", "governorate": "Akkar" }, "geometry": { "type": "Point", "coordinates": [ 36.286422, 34.5972 ] } },
{ "type": "Feature", "properties": { "name_en": "El Barde", "name_ar": "بردي", "place_type": "village", "unique_id": "CAS_LBN51081", "district": "Akkar", "governorate": "Akkar" }, "geometry": { "type": "Point", "coordinates": [ 36.257198, 34.597949 ] } },
{ "type": "Feature", "properties": { "name_en": "Nahriye", "name_ar": "النهريه", "place_type": "village", "unique_id": "CAS_LBN51204", "district": "Akkar", "governorate": "Akkar" }, "geometry": { "type": "Point", "coordinates": [ 36.269513, 34.599833 ] } },
{ "type": "Feature", "properties": { "name_en": "El Aamriye", "name_ar": "العمارية", "place_type": "village", "unique_id": "CAS_LBN51075", "district": "Akkar", "governorate": "Akkar" }, "geometry": { "type": "Point", "coordinates": [ 36.218017, 34.600531 ] } },
{ "type": "Feature", "properties": { "name_en": "Meghraqa", "name_ar": "مغراقا", "place_type": "village", "unique_id": "CAS_LBN51190", "district": "Akkar", "governorate": "Akkar" }, "geometry": { "type": "Point", "coordinates": [ 36.277718, 34.601704 ] } },
{ "type": "Feature", "properties": { "name_en": "Denke", "name_ar": "دنكي", "place_type": "village", "unique_id": "CAS_LBN51061", "district": "Akkar", "governorate": "Akkar" }, "geometry": { "type": "Point", "coordinates": [ 36.228314, 34.603358 ] } },
{ "type": "Feature", "properties": { "name_en": "Jdeide", "name_ar": "جديدة", "place_type": "village", "unique_id": "CAS_LBN51156", "district": "Akkar", "governorate": "Akkar" }, "geometry": { "type": "Point", "coordinates": [ 36.281667, 34.604436 ] } },
{ "type": "Feature", "properties": { "name_en": "El Qsair", "name_ar": "القصير", "place_type": "village", "unique_id": "CAS_LBN51114", "district": "Akkar", "governorate": "Akkar" }, "geometry": { "type": "Point", "coordinates": [ 36.237358, 34.607111 ] } },
{ "type": "Feature", "properties": { "name_en": "El Fraidis", "name_ar": "فريديس", "place_type": "village", "unique_id": "CAS_LBN51083", "district": "Akkar", "governorate": "Akkar" }, "geometry": { "type": "Point", "coordinates": [ 36.228156, 34.614861 ] } },
{ "type": "Feature", "properties": { "name_en": "Qbour El Bid", "name_ar": "قبور البيد", "place_type": "village", "unique_id": "CAS_LBN51219", "district": "Akkar", "governorate": "Akkar" }, "geometry": { "type": "Point", "coordinates": [ 36.296088, 34.615402 ] } },
{ "type": "Feature", "properties": { "name_en": "Mounjez", "name_ar": "منجز", "place_type": "village", "unique_id": "CAS_LBN51194", "district": "Akkar", "governorate": "Akkar" }, "geometry": { "type": "Point", "coordinates": [ 36.24435, 34.615461 ] } },
{ "type": "Feature", "properties": { "name_en": "Boustane El Herch", "name_ar": "بستان الحرش", "place_type": "village", "unique_id": "CAS_LBN51344", "district": "Akkar", "governorate": "Akkar" }, "geometry": { "type": "Point", "coordinates": [ 36.261347, 34.616784 ] } },
{ "type": "Feature", "properties": { "name_en": "Mahmoudiye", "name_ar": "المحمودية", "place_type": "village", "unique_id": "CAS_LBN51181", "district": "Akkar", "governorate": "Akkar" }, "geometry": { "type": "Point", "coordinates": [ 36.263268, 34.619733 ] } },
{ "type": "Feature", "properties": { "name_en": "Cheikhlar", "name_ar": "شيخلار", "place_type": "village", "unique_id": "CAS_LBN51050", "district": "Akkar", "governorate": "Akkar" }, "geometry": { "type": "Point", "coordinates": [ 36.272094, 34.620905 ] } },
{ "type": "Feature", "properties": { "name_en": "Ed Debbabiye el Charqiye", "name_ar": "الدبابية الشرقية", "place_type": "village", "unique_id": "CAS_LBN51068", "district": "Akkar", "governorate": "Akkar" }, "geometry": { "type": "Point", "coordinates": [ 36.2151, 34.622628 ] } },
{ "type": "Feature", "properties": { "name_en": "Rmah En Nahriyeh", "name_ar": "رماح النهريه", "place_type": "village", "unique_id": "CAS_LBN51227", "district": "Akkar", "governorate": "Akkar" }, "geometry": { "type": "Point", "coordinates": [ 36.264203, 34.622667 ] } },
{ "type": "Feature", "properties": { "name_en": "Kfar Noun", "name_ar": "كفرنون", "place_type": "village", "unique_id": "CAS_LBN51164", "district": "Akkar", "governorate": "Akkar" }, "geometry": { "type": "Point", "coordinates": [ 36.251336, 34.625167 ] } },
{ "type": "Feature", "properties": { "name_en": "Khirbet er Roummane", "name_ar": "خربة الرمان", "place_type": "village", "unique_id": "CAS_LBN51169", "district": "Akkar", "governorate": "Akkar" }, "geometry": { "type": "Point", "coordinates": [ 36.287908, 34.626722 ] } },
{ "type": "Feature", "properties": { "name_en": "Aaouinat", "name_ar": "العوينات", "place_type": "village", "unique_id": "CAS_LBN51009", "district": "Akkar", "governorate": "Akkar" }, "geometry": { "type": "Point", "coordinates": [ 36.300983, 34.625392 ] } },
{ "type": "Feature", "properties": { "name_en": "Khalsa", "name_ar": "خالصة", "place_type": "village", "unique_id": "CAS_LBN51166", "district": "Akkar", "governorate": "Akkar" }, "geometry": { "type": "Point", "coordinates": [ 36.311528, 34.633297 ] } },
{ "type": "Feature", "properties": { "name_en": "Chadra", "name_ar": "شدره", "place_type": "village", "unique_id": "CAS_LBN51045", "district": "Akkar", "governorate": "Akkar" }, "geometry": { "type": "Point", "coordinates": [ 36.322347, 34.620031 ] } },
{ "type": "Feature", "properties": { "name_en": "Machta Hassan", "name_ar": "مشتى حسن", "place_type": "village", "unique_id": "CAS_LBN51180", "district": "Akkar", "governorate": "Akkar" }, "geometry": { "type": "Point", "coordinates": [ 36.322519, 34.623436 ] } },
{ "type": "Feature", "properties": { "name_en": "Machta Hammoud", "name_ar": "مشتى حمود", "place_type": "village", "unique_id": "CAS_LBN51179", "district": "Akkar", "governorate": "Akkar" }, "geometry": { "type": "Point", "coordinates": [ 36.327142, 34.631058 ] } },
{ "type": "Feature", "properties": { "name_en": "Sahle", "name_ar": "السهله", "place_type": "village", "unique_id": "CAS_LBN51122", "district": "Akkar", "governorate": "Akkar" }, "geometry": { "type": "Point", "coordinates": [ 36.340114, 34.604105 ] } },
{ "type": "Feature", "properties": { "name_en": "Karm Zebdine", "name_ar": "كرم زبدين", "place_type": "village", "unique_id": "CAS_LBN51161", "district": "Akkar", "governorate": "Akkar" }, "geometry": { "type": "Point", "coordinates": [ 36.356675, 34.618764 ] } },
{ "type": "Feature", "properties": { "name_en": "Aarab Jourmnaya", "name_ar": "جرمنايا", "place_type": "village", "unique_id": "CAS_LBN51010", "district": "Akkar", "governorate": "Akkar" }, "geometry": { "type": "Point", "coordinates": [ 36.359872, 34.612272 ] } },
{ "type": "Feature", "properties": { "name_en": "Awade", "name_ar": "العواده", "place_type": "village", "unique_id": "CAS_LBN51008", "district": "Akkar", "governorate": "Akkar" }, "geometry": { "type": "Point", "coordinates": [ 36.375922, 34.626056 ] } },
{ "type": "Feature", "properties": { "name_en": "Rajm Issa", "name_ar": "رجم عيسى", "place_type": "village", "unique_id": "CAS_LBN51323", "district": "Akkar", "governorate": "Akkar" }, "geometry": { "type": "Point", "coordinates": [ 36.3769, 34.6177 ] } },
{ "type": "Feature", "properties": { "name_en": "El Rama", "name_ar": "الرامه", "place_type": "village", "unique_id": "CAS_LBN51117", "district": "Akkar", "governorate": "Akkar" }, "geometry": { "type": "Point", "coordinates": [ 36.37704, 34.620137 ] } },
{ "type": "Feature", "properties": { "name_en": "El Aaouaichat", "name_ar": "العويشات", "place_type": "village", "unique_id": "CAS_LBN51076", "district": "Akkar", "governorate": "Akkar" }, "geometry": { "type": "Point", "coordinates": [ 36.380185, 34.623007 ] } },
{ "type": "Feature", "properties": { "name_en": "Rajm Hssein", "name_ar": "رجم حسين", "place_type": "village", "unique_id": "CAS_LBN51225", "district": "Akkar", "governorate": "Akkar" }, "geometry": { "type": "Point", "coordinates": [ 36.382431, 34.606444 ] } },
{ "type": "Feature", "properties": { "name_en": "Saoualha", "name_ar": "ساولها", "place_type": "village", "unique_id": "CAS_LBN51232", "district": "Akkar", "governorate": "Akkar" }, "geometry": { "type": "Point", "coordinates": [ 36.383577, 34.619707 ] } },
{ "type": "Feature", "properties": { "name_en": "Dabadeb", "name_ar": "داباديب", "place_type": "village", "unique_id": "CAS_LBN51052", "district": "Akkar", "governorate": "Akkar" }, "geometry": { "type": "Point", "coordinates": [ 36.384369, 34.613244 ] } },
{ "type": "Feature", "properties": { "name_en": "Mouanse", "name_ar": "المونسه", "place_type": "village", "unique_id": "CAS_LBN51107", "district": "Akkar", "governorate": "Akkar" }, "geometry": { "type": "Point", "coordinates": [ 36.38595, 34.596795 ] } },
{ "type": "Feature", "properties": { "name_en": "Amayer", "name_ar": "العماير", "place_type": "village", "unique_id": "CAS_LBN51074", "district": "Akkar", "governorate": "Akkar" }, "geometry": { "type": "Point", "coordinates": [ 36.386368, 34.628724 ] } },
{ "type": "Feature", "properties": { "name_en": "Rajm Khalaf", "name_ar": "رجم خلف", "place_type": "village", "unique_id": "CAS_LBN51226", "district": "Akkar", "governorate": "Akkar" }, "geometry": { "type": "Point", "coordinates": [ 36.391436, 34.619136 ] } },
{ "type": "Feature", "properties": { "name_en": "Kalkha", "name_ar": "كلخا", "place_type": "village", "unique_id": "CAS_LBN51341", "district": "Akkar", "governorate": "Akkar" }, "geometry": { "type": "Point", "coordinates": [ 36.391522566999981, 34.609626965000018 ] } },
{ "type": "Feature", "properties": { "name_en": "El Majdal", "name_ar": "المجدل العماير", "place_type": "village", "unique_id": "CAS_LBN51100", "district": "Akkar", "governorate": "Akkar" }, "geometry": { "type": "Point", "coordinates": [ 36.395025, 34.629743 ] } },
{ "type": "Feature", "properties": { "name_en": "El Khoder", "name_ar": "الخضر اكروم", "place_type": "village", "unique_id": "CAS_LBN51093", "district": "Akkar", "governorate": "Akkar" }, "geometry": { "type": "Point", "coordinates": [ 36.396244, 34.600112 ] } },
{ "type": "Feature", "properties": { "name_en": "Wadi Khaled", "name_ar": "وادي خالد", "place_type": "village", "unique_id": "CAS_LBN51252", "district": "Akkar", "governorate": "Akkar" }, "geometry": { "type": "Point", "coordinates": [ 36.397969, 34.62552 ] } },
{ "type": "Feature", "properties": { "name_en": "Hnaider", "name_ar": "حنيدر", "place_type": "village", "unique_id": "CAS_LBN51145", "district": "Akkar", "governorate": "Akkar" }, "geometry": { "type": "Point", "coordinates": [ 36.427358, 34.615397 ] } },
{ "type": "Feature", "properties": { "name_en": "Knaisse Hnaider", "name_ar": "كنيسة هنيدر", "place_type": "village", "unique_id": "CAS_LBN51174", "district": "Akkar", "governorate": "Akkar" }, "geometry": { "type": "Point", "coordinates": [ 36.440239, 34.600356 ] } },
{ "type": "Feature", "properties": { "name_en": "Qarha Akkar", "name_ar": "قرحه عكار", "place_type": "village", "unique_id": "CAS_LBN51213", "district": "Akkar", "governorate": "Akkar" }, "geometry": { "type": "Point", "coordinates": [ 36.444025, 34.621419 ] } },
{ "type": "Feature", "properties": { "name_en": "Mhatat Siket el Hadid", "name_ar": "محطة سكة الحديد", "place_type": "village", "unique_id": "CAS_LBN51342", "district": "Akkar", "governorate": "Akkar" }, "geometry": { "type": "Point", "coordinates": [ 36.378155, 34.633402 ] } },
{ "type": "Feature", "properties": { "name_en": "Jichet Aali Houssein", "name_ar": "جيشة علي حسين", "place_type": "village", "unique_id": "CAS_LBN51159", "district": "Akkar", "governorate": "Akkar" }, "geometry": { "type": "Point", "coordinates": [ 36.373955, 34.633618 ] } },
{ "type": "Feature", "properties": { "name_en": "El Hichi", "name_ar": "الهيشه", "place_type": "village", "unique_id": "CAS_LBN51086", "district": "Akkar", "governorate": "Akkar" }, "geometry": { "type": "Point", "coordinates": [ 36.367575, 34.636866 ] } },
{ "type": "Feature", "properties": { "name_en": "Mqaible", "name_ar": "المقيبلة", "place_type": "village", "unique_id": "CAS_LBN51195", "district": "Akkar", "governorate": "Akkar" }, "geometry": { "type": "Point", "coordinates": [ 36.352856, 34.644633 ] } },
{ "type": "Feature", "properties": { "name_en": "Khorab el Haiyat", "name_ar": "خرب الحيات", "place_type": "village", "unique_id": "CAS_LBN51343", "district": "Akkar", "governorate": "Akkar" }, "geometry": { "type": "Point", "coordinates": [ 36.33553, 34.648454 ] } },
{ "type": "Feature", "properties": { "name_en": "Aarida", "name_ar": "عريضا", "place_type": "village", "unique_id": "CAS_LBN51011", "district": "Akkar", "governorate": "Akkar" }, "geometry": { "type": "Point", "coordinates": [ 36.303326, 34.667577 ] } },
{ "type": "Feature", "properties": { "name_en": "Bqayaa", "name_ar": "البقيعه", "place_type": "village", "unique_id": "CAS_LBN51271", "district": "Akkar", "governorate": "Akkar" }, "geometry": { "type": "Point", "coordinates": [ 36.33, 34.675556 ] } },
{ "type": "Feature", "properties": { "name_en": "Nassriye", "name_ar": "ناصرية", "place_type": "village", "unique_id": "CAS_LBN51205", "district": "Akkar", "governorate": "Akkar" }, "geometry": { "type": "Point", "coordinates": [ 36.333582, 34.678719 ] } },
{ "type": "Feature", "properties": { "name_en": "Dayret Nahr el Kabir", "name_ar": "دائرة النهر الكبير", "place_type": "village", "unique_id": "CAS_LBN51281", "district": "Akkar", "governorate": "Akkar" }, "geometry": { "type": "Point", "coordinates": [ 36.3336, 34.6806 ] } },
{ "type": "Feature", "properties": { "name_en": "Bani Sakher", "name_ar": "بني صخر", "place_type": "village", "unique_id": "OSM_node/564420053", "district": "Akkar", "governorate": "Akkar" }, "geometry": { "type": "Point", "coordinates": [ 36.3094999, 34.6635781 ] } },
{ "type": "Feature", "properties": { "name_en": "Bqaiaa", "name_ar": "البقيعة", "place_type": "village", "unique_id": "OSM_node/3984625940", "district": "Akkar", "governorate": "Akkar" }, "geometry": { "type": "Point", "coordinates": [ 36.337977799999976, 34.663458900000023 ] } },
{ "type": "Feature", "properties": { "name_en": "Jabal El Mansoura", "name_ar": "جبل المنصورة", "place_type": "village", "unique_id": "OSM_node/3986081397", "district": "Akkar", "governorate": "Akkar" }, "geometry": { "type": "Point", "coordinates": [ 36.3194332, 34.6322144 ] } },
{ "type": "Feature", "properties": { "name_en": "Wadi Khalid", "name_ar": "وادي خالد", "place_type": "town", "unique_id": "OSM_node/4048569985", "district": "Akkar", "governorate": "Akkar" }, "geometry": { "type": "Point", "coordinates": [ 36.3875751, 34.623340700000028 ] } },
{ "type": "Feature", "properties": { "name_en": "Khat El Petrol", "name_ar": "خط البترول", "place_type": "village", "unique_id": "OSM_node/3986113431", "district": "Akkar", "governorate": "Akkar" }, "geometry": { "type": "Point", "coordinates": [ 36.345697500000028, 34.684882 ] } },
{ "type": "Feature", "properties": { "name_en": "Al Saed", "name_ar": "الساعد", "place_type": "village", "unique_id": "OSM_node/4058536782", "district": "Akkar", "governorate": "Akkar" }, "geometry": { "type": "Point", "coordinates": [ 36.392020399999979, 34.625675300000012 ] } },
{ "type": "Feature", "properties": { "name_en": "Qinye", "name_ar": "قنية", "place_type": "village", "unique_id": "CAS_LBN51220", "district": "Akkar", "governorate": "Akkar" }, "geometry": { "type": "Point", "coordinates": [ 36.366381, 34.585353 ] } },
{ "type": "Feature", "properties": { "name_en": "Andqat", "name_ar": "عندقت", "place_type": "village", "unique_id": "CAS_LBN51007", "district": "Akkar", "governorate": "Akkar" }, "geometry": { "type": "Point", "coordinates": [ 36.304361, 34.587039 ] } },
{ "type": "Feature", "properties": { "name_en": "Mrah Al Khawkh", "name_ar": "مراح الخوخ", "place_type": "village", "unique_id": "CAS_LBN51198", "district": "Akkar", "governorate": "Akkar" }, "geometry": { "type": "Point", "coordinates": [ 36.353433, 34.587642 ] } },
{ "type": "Feature", "properties": { "name_en": "Jdeidet El Qaitaa", "name_ar": "جديدة القيطع", "place_type": "village", "unique_id": "CAS_LBN51157", "district": "Akkar", "governorate": "Akkar" }, "geometry": { "type": "Point", "coordinates": [ 36.010739, 34.465786 ] } },
{ "type": "Feature", "properties": { "name_en": "Ouadi Ej jamous", "name_ar": "وادي الجاموس", "place_type": "village", "unique_id": "CAS_LBN51208", "district": "Akkar", "governorate": "Akkar" }, "geometry": { "type": "Point", "coordinates": [ 36.014142, 34.498578 ] } },
{ "type": "Feature", "properties": { "name_en": "Qarqaf", "name_ar": "القرقف", "place_type": "village", "unique_id": "CAS_LBN51214", "district": "Akkar", "governorate": "Akkar" }, "geometry": { "type": "Point", "coordinates": [ 36.019719, 34.484545 ] } },
{ "type": "Feature", "properties": { "name_en": "Aayoun El Ghezlane", "name_ar": "عيون الغزلان", "place_type": "village", "unique_id": "CAS_LBN51013", "district": "Akkar", "governorate": "Akkar" }, "geometry": { "type": "Point", "coordinates": [ 36.020206, 34.472992 ] } },
{ "type": "Feature", "properties": { "name_en": "Mar Touma", "name_ar": "مار توما", "place_type": "village", "unique_id": "CAS_LBN51185", "district": "Akkar", "governorate": "Akkar" }, "geometry": { "type": "Point", "coordinates": [ 36.02705, 34.511703 ] } },
{ "type": "Feature", "properties": { "name_en": "Sfaynet El-Qaitaa", "name_ar": "سفينة القيطع", "place_type": "village", "unique_id": "CAS_LBN51234", "district": "Akkar", "governorate": "Akkar" }, "geometry": { "type": "Point", "coordinates": [ 36.028025, 34.460989 ] } },
{ "type": "Feature", "properties": { "name_en": "Zouk Haddara", "name_ar": "ذوق حدارة", "place_type": "village", "unique_id": "CAS_LBN51254", "district": "Akkar", "governorate": "Akkar" }, "geometry": { "type": "Point", "coordinates": [ 36.029299, 34.515266 ] } },
{ "type": "Feature", "properties": { "name_en": "Zouq El Mqachrine", "name_ar": "ذوق المقشرين", "place_type": "village", "unique_id": "CAS_LBN51257", "district": "Akkar", "governorate": "Akkar" }, "geometry": { "type": "Point", "coordinates": [ 36.029425, 34.520122 ] } },
{ "type": "Feature", "properties": { "name_en": "Berqayel", "name_ar": "برقايل", "place_type": "village", "unique_id": "CAS_LBN51038", "district": "Akkar", "governorate": "Akkar" }, "geometry": { "type": "Point", "coordinates": [ 36.032661, 34.477422 ] } },
{ "type": "Feature", "properties": { "name_en": "Deir Dalloum", "name_ar": "دير دلوم", "place_type": "village", "unique_id": "CAS_LBN51058", "district": "Akkar", "governorate": "Akkar" }, "geometry": { "type": "Point", "coordinates": [ 36.033004, 34.519669 ] } },
{ "type": "Feature", "properties": { "name_en": "El Kroum", "name_ar": "الكروم", "place_type": "village", "unique_id": "CAS_LBN51098", "district": "Akkar", "governorate": "Akkar" }, "geometry": { "type": "Point", "coordinates": [ 36.033683, 34.485116 ] } },
{ "type": "Feature", "properties": { "name_en": "Zouq el Hassineh", "name_ar": "ذوق الحصينة", "place_type": "village", "unique_id": "CAS_LBN51256", "district": "Akkar", "governorate": "Akkar" }, "geometry": { "type": "Point", "coordinates": [ 36.034669, 34.521278 ] } },
{ "type": "Feature", "properties": { "name_en": "Ech Cheikh Maarouf", "name_ar": "الشيخ معروف", "place_type": "village", "unique_id": "CAS_LBN51063", "district": "Akkar", "governorate": "Akkar" }, "geometry": { "type": "Point", "coordinates": [ 36.034991, 34.467062 ] } },
{ "type": "Feature", "properties": { "name_en": "Majdla", "name_ar": "مجدلا", "place_type": "village", "unique_id": "CAS_LBN51182", "district": "Akkar", "governorate": "Akkar" }, "geometry": { "type": "Point", "coordinates": [ 36.035869, 34.497778 ] } },
{ "type": "Feature", "properties": { "name_en": "Zouq El-Hbalsa", "name_ar": "ذوق الحبالصة", "place_type": "village", "unique_id": "CAS_LBN51255", "district": "Akkar", "governorate": "Akkar" }, "geometry": { "type": "Point", "coordinates": [ 36.038454, 34.516975 ] } },
{ "type": "Feature", "properties": { "name_en": "Bzal", "name_ar": "بزال", "place_type": "village", "unique_id": "CAS_LBN51044", "district": "Akkar", "governorate": "Akkar" }, "geometry": { "type": "Point", "coordinates": [ 36.043397, 34.472564 ] } },
{ "type": "Feature", "properties": { "name_en": "Hmaireh Aakkar", "name_ar": "الحميرة", "place_type": "village", "unique_id": "CAS_LBN51087", "district": "Akkar", "governorate": "Akkar" }, "geometry": { "type": "Point", "coordinates": [ 36.047825, 34.491381 ] } },
{ "type": "Feature", "properties": { "name_en": "Saissouq", "name_ar": "سيسوق", "place_type": "village", "unique_id": "CAS_LBN51230", "district": "Akkar", "governorate": "Akkar" }, "geometry": { "type": "Point", "coordinates": [ 36.051503, 34.489125 ] } },
{ "type": "Feature", "properties": { "name_en": "Dahr Aayas", "name_ar": "ضهر عياس", "place_type": "village", "unique_id": "CAS_LBN51053", "district": "Akkar", "governorate": "Akkar" }, "geometry": { "type": "Point", "coordinates": [ 36.052856, 34.518031 ] } },
{ "type": "Feature", "properties": { "name_en": "Bqerzala", "name_ar": "بقرزلا", "place_type": "village", "unique_id": "CAS_LBN51042", "district": "Akkar", "governorate": "Akkar" }, "geometry": { "type": "Point", "coordinates": [ 36.054167, 34.512881 ] } },
{ "type": "Feature", "properties": { "name_en": "Qloud El-Baqieh", "name_ar": "قلود الباقية", "place_type": "village", "unique_id": "CAS_LBN51221", "district": "Akkar", "governorate": "Akkar" }, "geometry": { "type": "Point", "coordinates": [ 36.0584, 34.496728 ] } },
{ "type": "Feature", "properties": { "name_en": "El Mbar kiye", "name_ar": "المباركية", "place_type": "village", "unique_id": "CAS_LBN51104", "district": "Akkar", "governorate": "Akkar" }, "geometry": { "type": "Point", "coordinates": [ 36.067925, 34.495783 ] } },
{ "type": "Feature", "properties": { "name_en": "El Qantara", "name_ar": "القنطرة", "place_type": "village", "unique_id": "CAS_LBN51109", "district": "Akkar", "governorate": "Akkar" }, "geometry": { "type": "Point", "coordinates": [ 36.070897, 34.518975 ] } },
{ "type": "Feature", "properties": { "name_en": "Kafroun", "name_ar": "كفرون", "place_type": "village", "unique_id": "CAS_LBN51338", "district": "Akkar", "governorate": "Akkar" }, "geometry": { "type": "Point", "coordinates": [ 36.073218424, 34.456778714999984 ] } },
{ "type": "Feature", "properties": { "name_en": "Bajaa", "name_ar": "بجعة", "place_type": "village", "unique_id": "CAS_LBN51023", "district": "Akkar", "governorate": "Akkar" }, "geometry": { "type": "Point", "coordinates": [ 36.074531, 34.48984 ] } },
{ "type": "Feature", "properties": { "name_en": "Najmet es Sobh", "name_ar": "نجمة الصبح", "place_type": "village", "unique_id": "CAS_LBN52099", "district": "El Batroun", "governorate": "North" }, "geometry": { "type": "Point", "coordinates": [ 35.884544, 34.155212 ] } },
{ "type": "Feature", "properties": { "name_en": "Hai el Birke", "name_ar": "حي البركة", "place_type": "village", "unique_id": "CAS_LBN52058", "district": "El Batroun", "governorate": "North" }, "geometry": { "type": "Point", "coordinates": [ 35.889813, 34.159876 ] } },
{ "type": "Feature", "properties": { "name_en": "Chawi", "name_ar": "شاوي", "place_type": "village", "unique_id": "CAS_LBN52025", "district": "El Batroun", "governorate": "North" }, "geometry": { "type": "Point", "coordinates": [ 35.880364, 34.163084 ] } },
{ "type": "Feature", "properties": { "name_en": "Ouadi ej Jord", "name_ar": "وادي الجرد", "place_type": "village", "unique_id": "CAS_LBN52101", "district": "El Batroun", "governorate": "North" }, "geometry": { "type": "Point", "coordinates": [ 35.915975, 34.16978 ] } },
{ "type": "Feature", "properties": { "name_en": "Hazrita", "name_ar": "حزريتا", "place_type": "village", "unique_id": "CAS_LBN52065", "district": "El Batroun", "governorate": "North" }, "geometry": { "type": "Point", "coordinates": [ 35.89261, 34.170678 ] } },
{ "type": "Feature", "properties": { "name_en": "Meghrak", "name_ar": "مغراق", "place_type": "village", "unique_id": "CAS_LBN52092", "district": "El Batroun", "governorate": "North" }, "geometry": { "type": "Point", "coordinates": [ 35.881275, 34.176128 ] } },
{ "type": "Feature", "properties": { "name_en": "Meghrak", "name_ar": "مغراق", "place_type": "village", "unique_id": "OSM_node/7779440899", "district": "El Batroun", "governorate": "North" }, "geometry": { "type": "Point", "coordinates": [ 35.876938199999984, 34.177134099999989 ] } },
{ "type": "Feature", "properties": { "name_en": "Balaa", "name_ar": "بلعة", "place_type": "village", "unique_id": "CAS_LBN52010", "district": "El Batroun", "governorate": "North" }, "geometry": { "type": "Point", "coordinates": [ 35.872947, 34.178314 ] } },
{ "type": "Feature", "properties": { "name_en": "Tannourine el Faouqa", "name_ar": "تنورين الفوقا", "place_type": "village", "unique_id": "CAS_LBN52119", "district": "El Batroun", "governorate": "North" }, "geometry": { "type": "Point", "coordinates": [ 35.902456, 34.181994 ] } },
{ "type": "Feature", "properties": { "name_en": "Ram el batroun", "name_ar": "الرام البترون", "place_type": "village", "unique_id": "CAS_LBN52110", "district": "El Batroun", "governorate": "North" }, "geometry": { "type": "Point", "coordinates": [ 35.797222, 34.184389 ] } },
{ "type": "Feature", "properties": { "name_en": "Masrah", "name_ar": "مسرح", "place_type": "village", "unique_id": "CAS_LBN52090", "district": "El Batroun", "governorate": "North" }, "geometry": { "type": "Point", "coordinates": [ 35.738683, 34.186406 ] } },
{ "type": "Feature", "properties": { "name_en": "Mar Mama", "name_ar": "مار ماما", "place_type": "village", "unique_id": "CAS_LBN52087", "district": "El Batroun", "governorate": "North" }, "geometry": { "type": "Point", "coordinates": [ 35.756086, 34.1876 ] } },
{ "type": "Feature", "properties": { "name_en": "Mazraat Biyade", "name_ar": "مزرعة بياض", "place_type": "village", "unique_id": "CAS_LBN52091", "district": "El Batroun", "governorate": "North" }, "geometry": { "type": "Point", "coordinates": [ 35.742609, 34.189151 ] } },
{ "type": "Feature", "properties": { "name_en": "Dahr Abi Yaghi", "name_ar": "ضهر ابي ياغي", "place_type": "village", "unique_id": "CAS_LBN52029", "district": "El Batroun", "governorate": "North" }, "geometry": { "type": "Point", "coordinates": [ 35.725664, 34.189911 ] } },
{ "type": "Feature", "properties": { "name_en": "Bqaiaa et Dahr Abi Yaghi", "name_ar": "بقيعة البترون", "place_type": "village", "unique_id": "CAS_LBN52021", "district": "El Batroun", "governorate": "North" }, "geometry": { "type": "Point", "coordinates": [ 35.727336, 34.1932 ] } },
{ "type": "Feature", "properties": { "name_en": "Hadtoun", "name_ar": "حدتون", "place_type": "village", "unique_id": "CAS_LBN52057", "district": "El Batroun", "governorate": "North" }, "geometry": { "type": "Point", "coordinates": [ 35.797028, 34.194189 ] } },
{ "type": "Feature", "properties": { "name_en": "Douq", "name_ar": "دوق", "place_type": "village", "unique_id": "CAS_LBN52042", "district": "El Batroun", "governorate": "North" }, "geometry": { "type": "Point", "coordinates": [ 35.745858, 34.195156 ] } },
{ "type": "Feature", "properties": { "name_en": "Joundi", "name_ar": "جندي", "place_type": "village", "unique_id": "CAS_LBN52070", "district": "El Batroun", "governorate": "North" }, "geometry": { "type": "Point", "coordinates": [ 35.762458, 34.195464 ] } },
{ "type": "Feature", "properties": { "name_en": "Mahmerch", "name_ar": "محمرش", "place_type": "village", "unique_id": "CAS_LBN52086", "district": "El Batroun", "governorate": "North" }, "geometry": { "type": "Point", "coordinates": [ 35.769019, 34.198222 ] } },
{ "type": "Feature", "properties": { "name_en": "Racha", "name_ar": "راشا", "place_type": "village", "unique_id": "CAS_LBN52106", "district": "El Batroun", "governorate": "North" }, "geometry": { "type": "Point", "coordinates": [ 35.783636, 34.199594 ] } },
{ "type": "Feature", "properties": { "name_en": "Toula", "name_ar": "تولا", "place_type": "village", "unique_id": "CAS_LBN52123", "district": "El Batroun", "governorate": "North" }, "geometry": { "type": "Point", "coordinates": [ 35.723125, 34.201136 ] } },
{ "type": "Feature", "properties": { "name_en": "Aalali", "name_ar": "علالي", "place_type": "village", "unique_id": "CAS_LBN52003", "district": "El Batroun", "governorate": "North" }, "geometry": { "type": "Point", "coordinates": [ 35.771831, 34.205106 ] } },
{ "type": "Feature", "properties": { "name_en": "Aabdelle", "name_ar": "عبدللي", "place_type": "village", "unique_id": "CAS_LBN52001", "district": "El Batroun", "governorate": "North" }, "geometry": { "type": "Point", "coordinates": [ 35.720928, 34.207161 ] } },
{ "type": "Feature", "properties": { "name_en": "Mrah El Haj", "name_ar": "مراح الحاج", "place_type": "village", "unique_id": "CAS_LBN52094", "district": "El Batroun", "governorate": "North" }, "geometry": { "type": "Point", "coordinates": [ 35.776542, 34.21055 ] } },
{ "type": "Feature", "properties": { "name_en": "Chabtine", "name_ar": "شبطين", "place_type": "village", "unique_id": "CAS_LBN52023", "district": "El Batroun", "governorate": "North" }, "geometry": { "type": "Point", "coordinates": [ 35.7503, 34.211858 ] } },
{ "type": "Feature", "properties": { "name_en": "Dahr El Qotlob", "name_ar": "ضهر القطلب", "place_type": "village", "unique_id": "CAS_LBN52031", "district": "El Batroun", "governorate": "North" }, "geometry": { "type": "Point", "coordinates": [ 35.736975, 34.212133 ] } },
{ "type": "Feature", "properties": { "name_en": "Derya", "name_ar": "دريا", "place_type": "village", "unique_id": "CAS_LBN52040", "district": "El Batroun", "governorate": "North" }, "geometry": { "type": "Point", "coordinates": [ 35.729867, 34.215886 ] } },
{ "type": "Feature", "properties": { "name_en": "Assia", "name_ar": "اسيا", "place_type": "village", "unique_id": "CAS_LBN52009", "district": "El Batroun", "governorate": "North" }, "geometry": { "type": "Point", "coordinates": [ 35.785383, 34.218706 ] } },
{ "type": "Feature", "properties": { "name_en": "Deir Kfifane", "name_ar": "دير كفيفان", "place_type": "village", "unique_id": "CAS_LBN52035", "district": "El Batroun", "governorate": "North" }, "geometry": { "type": "Point", "coordinates": [ 35.72143, 34.223224 ] } },
{ "type": "Feature", "properties": { "name_en": "Zane", "name_ar": "زان", "place_type": "village", "unique_id": "CAS_LBN52125", "district": "El Batroun", "governorate": "North" }, "geometry": { "type": "Point", "coordinates": [ 35.755267, 34.224767 ] } },
{ "type": "Feature", "properties": { "name_en": "Yarita", "name_ar": "ياريتا", "place_type": "village", "unique_id": "CAS_LBN52124", "district": "El Batroun", "governorate": "North" }, "geometry": { "type": "Point", "coordinates": [ 35.789468, 34.227117 ] } },
{ "type": "Feature", "properties": { "name_en": "El Qabaah", "name_ar": "قبع كفيفان", "place_type": "village", "unique_id": "CAS_LBN52051", "district": "El Batroun", "governorate": "North" }, "geometry": { "type": "Point", "coordinates": [ 35.723323, 34.228748 ] } },
{ "type": "Feature", "properties": { "name_en": "Ftahat", "name_ar": "فتاحات", "place_type": "village", "unique_id": "CAS_LBN52055", "district": "El Batroun", "governorate": "North" }, "geometry": { "type": "Point", "coordinates": [ 35.759, 34.230242 ] } },
{ "type": "Feature", "properties": { "name_en": "Kfifane", "name_ar": "كفيفان", "place_type": "village", "unique_id": "CAS_LBN52081", "district": "El Batroun", "governorate": "North" }, "geometry": { "type": "Point", "coordinates": [ 35.718125, 34.230342 ] } },
{ "type": "Feature", "properties": { "name_en": "Kfar Hatna", "name_ar": "كفرحتنا", "place_type": "village", "unique_id": "CAS_LBN52077", "district": "El Batroun", "governorate": "North" }, "geometry": { "type": "Point", "coordinates": [ 35.745939, 34.230861 ] } },
{ "type": "Feature", "properties": { "name_en": "Kfar Chlaimane", "name_ar": "كفر شليمان", "place_type": "village", "unique_id": "CAS_LBN52076", "district": "El Batroun", "governorate": "North" }, "geometry": { "type": "Point", "coordinates": [ 35.773425, 34.232836 ] } },
{ "type": "Feature", "properties": { "name_en": null, "name_ar": null, "place_type": "village", "unique_id": "OSM_node/13919533613", "district": "El Batroun", "governorate": "North" }, "geometry": { "type": "Point", "coordinates": [ 35.7536093, 34.23347990000002 ] } },
{ "type": "Feature", "properties": { "name_en": "Aartez", "name_ar": "عرطز", "place_type": "village", "unique_id": "CAS_LBN52005", "district": "El Batroun", "governorate": "North" }, "geometry": { "type": "Point", "coordinates": [ 35.748791, 34.235283 ] } },
{ "type": "Feature", "properties": { "name_en": "Kour", "name_ar": "كور", "place_type": "village", "unique_id": "CAS_LBN52084", "district": "El Batroun", "governorate": "North" }, "geometry": { "type": "Point", "coordinates": [ 35.735203, 34.236108 ] } },
{ "type": "Feature", "properties": { "name_en": "El Midane Kfifane", "name_ar": "ميدان كفيفان", "place_type": "village", "unique_id": "CAS_LBN52049", "district": "El Batroun", "governorate": "North" }, "geometry": { "type": "Point", "coordinates": [ 35.719809, 34.23647 ] } },
{ "type": "Feature", "properties": { "name_en": "Sourat", "name_ar": "صورات", "place_type": "village", "unique_id": "CAS_LBN52117", "district": "El Batroun", "governorate": "North" }, "geometry": { "type": "Point", "coordinates": [ 35.757023, 34.237174 ] } },
{ "type": "Feature", "properties": { "name_en": "Halta", "name_ar": "حلتا", "place_type": "village", "unique_id": "CAS_LBN52059", "district": "El Batroun", "governorate": "North" }, "geometry": { "type": "Point", "coordinates": [ 35.778992, 34.238153 ] } },
{ "type": "Feature", "properties": { "name_en": "Rachkidde", "name_ar": "راشكِدّه", "place_type": "village", "unique_id": "CAS_LBN52109", "district": "El Batroun", "governorate": "North" }, "geometry": { "type": "Point", "coordinates": [ 35.767911, 34.238986 ] } },
{ "type": "Feature", "properties": { "name_en": "Harbouna", "name_ar": "حربونا", "place_type": "village", "unique_id": "CAS_LBN52062", "district": "El Batroun", "governorate": "North" }, "geometry": { "type": "Point", "coordinates": [ 35.745289, 34.240575 ] } },
{ "type": "Feature", "properties": { "name_en": "Ssel'aal", "name_ar": "سلع", "place_type": "village", "unique_id": "CAS_LBN52118", "district": "El Batroun", "governorate": "North" }, "geometry": { "type": "Point", "coordinates": [ 35.719778, 34.244094 ] } },
{ "type": "Feature", "properties": { "name_en": "Jibla", "name_ar": "جبلا", "place_type": "village", "unique_id": "CAS_LBN52069", "district": "El Batroun", "governorate": "North" }, "geometry": { "type": "Point", "coordinates": [ 35.775504, 34.246284 ] } },
{ "type": "Feature", "properties": { "name_en": "Mar Youhanna Maroun", "name_ar": "مار يوحنا مارون", "place_type": "village", "unique_id": "CAS_LBN52088", "district": "El Batroun", "governorate": "North" }, "geometry": { "type": "Point", "coordinates": [ 35.751797, 34.248294 ] } },
{ "type": "Feature", "properties": { "name_en": "El Khraize", "name_ar": "خريزه", "place_type": "village", "unique_id": "CAS_LBN52048", "district": "El Batroun", "governorate": "North" }, "geometry": { "type": "Point", "coordinates": [ 35.752865, 34.249203 ] } },
{ "type": "Feature", "properties": { "name_en": "Khrayzeh", "name_ar": "الخريبة", "place_type": "village", "unique_id": "OSM_node/7779427658", "district": "El Batroun", "governorate": "North" }, "geometry": { "type": "Point", "coordinates": [ 35.756180700000016, 34.2496114 ] } },
{ "type": "Feature", "properties": { "name_en": "Kfar Hay", "name_ar": "كفرحي", "place_type": "village", "unique_id": "CAS_LBN52078", "district": "El Batroun", "governorate": "North" }, "geometry": { "type": "Point", "coordinates": [ 35.742453, 34.250719 ] } },
{ "type": "Feature", "properties": { "name_en": "Bqosmaiya", "name_ar": "بقسميا", "place_type": "village", "unique_id": "CAS_LBN52022", "district": "El Batroun", "governorate": "North" }, "geometry": { "type": "Point", "coordinates": [ 35.764322, 34.2516 ] } },
{ "type": "Feature", "properties": { "name_en": "En Nahriye", "name_ar": "نهريه", "place_type": "village", "unique_id": "CAS_LBN52052", "district": "El Batroun", "governorate": "North" }, "geometry": { "type": "Point", "coordinates": [ 35.760373, 34.261171 ] } },
{ "type": "Feature", "properties": { "name_en": "Jrane", "name_ar": "جران", "place_type": "village", "unique_id": "CAS_LBN52071", "district": "El Batroun", "governorate": "North" }, "geometry": { "type": "Point", "coordinates": [ 35.711653, 34.223603 ] } },
{ "type": "Feature", "properties": { "name_en": "Mrah Chdid", "name_ar": "مراح شديد", "place_type": "village", "unique_id": "CAS_LBN52093", "district": "El Batroun", "governorate": "North" }, "geometry": { "type": "Point", "coordinates": [ 35.685553, 34.225178 ] } },
{ "type": "Feature", "properties": { "name_en": "Dayr Shouwah", "name_ar": "دير شواح", "place_type": "village", "unique_id": "CAS_LBN52036", "district": "El Batroun", "governorate": "North" }, "geometry": { "type": "Point", "coordinates": [ 35.690418, 34.225634 ] } },
{ "type": "Feature", "properties": { "name_en": "El Hamra JRANE", "name_ar": "حمرا جران", "place_type": "village", "unique_id": "CAS_LBN52045", "district": "El Batroun", "governorate": "North" }, "geometry": { "type": "Point", "coordinates": [ 35.700698, 34.226779 ] } },
{ "type": "Feature", "properties": { "name_en": "El Aazeqa", "name_ar": "عزيقه", "place_type": "village", "unique_id": "CAS_LBN52044", "district": "El Batroun", "governorate": "North" }, "geometry": { "type": "Point", "coordinates": [ 35.712121, 34.227089 ] } },
{ "type": "Feature", "properties": { "name_en": "Kfar Aabida", "name_ar": "كفر عبيدا", "place_type": "village", "unique_id": "CAS_LBN52075", "district": "El Batroun", "governorate": "North" }, "geometry": { "type": "Point", "coordinates": [ 35.660936, 34.227667 ] } },
{ "type": "Feature", "properties": { "name_en": "Dahr el Ghbare", "name_ar": "ضهر الغبار", "place_type": "village", "unique_id": "CAS_LBN52030", "district": "El Batroun", "governorate": "North" }, "geometry": { "type": "Point", "coordinates": [ 35.71374, 34.231678 ] } },
{ "type": "Feature", "properties": { "name_en": "Borj", "name_ar": "البرج كفر عبيدا", "place_type": "village", "unique_id": "CAS_LBN52019", "district": "El Batroun", "governorate": "North" }, "geometry": { "type": "Point", "coordinates": [ 35.660178, 34.233519 ] } },
{ "type": "Feature", "properties": { "name_en": "Edde el Batroun", "name_ar": "إده البترون", "place_type": "village", "unique_id": "CAS_LBN52043", "district": "El Batroun", "governorate": "North" }, "geometry": { "type": "Point", "coordinates": [ 35.691167, 34.234425 ] } },
{ "type": "Feature", "properties": { "name_en": "Basbina", "name_ar": "بسبينا", "place_type": "village", "unique_id": "CAS_LBN52012", "district": "El Batroun", "governorate": "North" }, "geometry": { "type": "Point", "coordinates": [ 35.705161, 34.235683 ] } },
{ "type": "Feature", "properties": { "name_en": "Dawrat", "name_ar": "دورة كفر عبيدا", "place_type": "village", "unique_id": "CAS_LBN52034", "district": "El Batroun", "governorate": "North" }, "geometry": { "type": "Point", "coordinates": [ 35.667027, 34.242678 ] } },
{ "type": "Feature", "properties": { "name_en": "Ijdabra", "name_ar": "اجدبرا", "place_type": "village", "unique_id": "CAS_LBN52068", "district": "El Batroun", "governorate": "North" }, "geometry": { "type": "Point", "coordinates": [ 35.694497, 34.243606 ] } },
{ "type": "Feature", "properties": { "name_en": "Bijdarfel", "name_ar": "بجدرفل", "place_type": "village", "unique_id": "CAS_LBN52018", "district": "El Batroun", "governorate": "North" }, "geometry": { "type": "Point", "coordinates": [ 35.713539, 34.244203 ] } },
{ "type": "Feature", "properties": { "name_en": "Aabrine", "name_ar": "عبرين", "place_type": "village", "unique_id": "CAS_LBN52002", "district": "El Batroun", "governorate": "North" }, "geometry": { "type": "Point", "coordinates": [ 35.703669, 34.25353 ] } },
{ "type": "Feature", "properties": { "name_en": "Batroun", "name_ar": "بترون", "place_type": "village", "unique_id": "CAS_LBN52013", "district": "El Batroun", "governorate": "North" }, "geometry": { "type": "Point", "coordinates": [ 35.658111, 34.256269 ] } },
{ "type": "Feature", "properties": { "name_en": "Mar Youssef", "name_ar": "مار يوسف", "place_type": "village", "unique_id": "CAS_LBN52089", "district": "El Batroun", "governorate": "North" }, "geometry": { "type": "Point", "coordinates": [ 35.701802, 34.261778 ] } },
{ "type": "Feature", "properties": { "name_en": "Kfarhollos", "name_ar": "كفر خلص", "place_type": "village", "unique_id": "CAS_LBN52080", "district": "El Batroun", "governorate": "North" }, "geometry": { "type": "Point", "coordinates": [ 35.677023, 34.26363 ] } },
{ "type": "Feature", "properties": { "name_en": "Rachkida", "name_ar": "راشكيدا", "place_type": "village", "unique_id": "CAS_LBN52108", "district": "El Batroun", "governorate": "North" }, "geometry": { "type": "Point", "coordinates": [ 35.715989, 34.263839 ] } },
{ "type": "Feature", "properties": { "name_en": "Qarnaoun", "name_ar": "قرنعون", "place_type": "village", "unique_id": "CAS_LBN52103", "district": "El Batroun", "governorate": "North" }, "geometry": { "type": "Point", "coordinates": [ 35.692672, 34.270786 ] } },
{ "type": "Feature", "properties": { "name_en": "Koubba", "name_ar": "كوبا", "place_type": "village", "unique_id": "CAS_LBN52083", "district": "El Batroun", "governorate": "North" }, "geometry": { "type": "Point", "coordinates": [ 35.662061, 34.272119 ] } },
{ "type": "Feature", "properties": { "name_en": "Selaata", "name_ar": "سلعاتا", "place_type": "village", "unique_id": "CAS_LBN52114", "district": "El Batroun", "governorate": "North" }, "geometry": { "type": "Point", "coordinates": [ 35.662267, 34.279219 ] } },
{ "type": "Feature", "properties": { "name_en": "Quajh El - Hajar", "name_ar": "وجه الحجر", "place_type": "village", "unique_id": "CAS_LBN52105", "district": "El Batroun", "governorate": "North" }, "geometry": { "type": "Point", "coordinates": [ 35.671083, 34.281961 ] } },
{ "type": "Feature", "properties": { "name_en": "Ras Nahhach", "name_ar": "راس نحاش", "place_type": "village", "unique_id": "CAS_LBN52121", "district": "El Batroun", "governorate": "North" }, "geometry": { "type": "Point", "coordinates": [ 35.716614, 34.284897 ] } },
{ "type": "Feature", "properties": { "name_en": "Hamat", "name_ar": "حامات", "place_type": "village", "unique_id": "CAS_LBN52060", "district": "El Batroun", "governorate": "North" }, "geometry": { "type": "Point", "coordinates": [ 35.692883, 34.28685 ] } },
{ "type": "Feature", "properties": { "name_en": "Hannouch", "name_ar": "حنٌوش", "place_type": "village", "unique_id": "CAS_LBN52061", "district": "El Batroun", "governorate": "North" }, "geometry": { "type": "Point", "coordinates": [ 35.67376, 34.300679 ] } },
{ "type": "Feature", "properties": { "name_en": "Ras Ed Daouali", "name_ar": "راس الدوالي", "place_type": "village", "unique_id": "CAS_LBN52113", "district": "El Batroun", "governorate": "North" }, "geometry": { "type": "Point", "coordinates": [ 35.713059, 34.303907 ] } },
{ "type": "Feature", "properties": { "name_en": "El Heri", "name_ar": "هري", "place_type": "village", "unique_id": "CAS_LBN52047", "district": "El Batroun", "governorate": "North" }, "geometry": { "type": "Point", "coordinates": [ 35.711925, 34.306697 ] } },
{ "type": "Feature", "properties": { "name_en": "Chekka", "name_ar": "شكَا", "place_type": "village", "unique_id": "CAS_LBN52026", "district": "El Batroun", "governorate": "North" }, "geometry": { "type": "Point", "coordinates": [ 35.731272, 34.328678 ] } },
{ "type": "Feature", "properties": { "name_en": "Fehta", "name_ar": "فحتا", "place_type": "village", "unique_id": "CAS_LBN52054", "district": "El Batroun", "governorate": "North" }, "geometry": { "type": "Point", "coordinates": [ 35.920684, 34.185785 ] } },
{ "type": "Feature", "properties": { "name_en": "Ain el Blat", "name_ar": "عين البلاط", "place_type": "village", "unique_id": "CAS_LBN52007", "district": "El Batroun", "governorate": "North" }, "geometry": { "type": "Point", "coordinates": [ 35.885146, 34.186067 ] } },
{ "type": "Feature", "properties": { "name_en": "Hourata el batroun", "name_ar": "حوراتا البترون", "place_type": "village", "unique_id": "CAS_LBN52066", "district": "El Batroun", "governorate": "North" }, "geometry": { "type": "Point", "coordinates": [ 35.92963, 34.187618 ] } },
{ "type": "Feature", "properties": { "name_en": "Chatine", "name_ar": "شاتين", "place_type": "village", "unique_id": "CAS_LBN52024", "district": "El Batroun", "governorate": "North" }, "geometry": { "type": "Point", "coordinates": [ 35.885497, 34.190725 ] } },
{ "type": "Feature", "properties": { "name_en": "Ouata Haub", "name_ar": "وطى حوب", "place_type": "village", "unique_id": "CAS_LBN52102", "district": "El Batroun", "governorate": "North" }, "geometry": { "type": "Point", "coordinates": [ 35.896569, 34.191461 ] } },
{ "type": "Feature", "properties": { "name_en": "Ain el Batie", "name_ar": "عين البطيه", "place_type": "village", "unique_id": "CAS_LBN52006", "district": "El Batroun", "governorate": "North" }, "geometry": { "type": "Point", "coordinates": [ 35.933707, 34.191549 ] } },
{ "type": "Feature", "properties": { "name_en": "Myle", "name_ar": "ميل", "place_type": "village", "unique_id": "CAS_LBN52096", "district": "El Batroun", "governorate": "North" }, "geometry": { "type": "Point", "coordinates": [ 35.943846, 34.191629 ] } },
{ "type": "Feature", "properties": { "name_en": "Ras Bnaiya", "name_ar": "راس بنيه", "place_type": "village", "unique_id": "CAS_LBN52112", "district": "El Batroun", "governorate": "North" }, "geometry": { "type": "Point", "coordinates": [ 35.93103, 34.198841 ] } },
{ "type": "Feature", "properties": { "name_en": "Nabaa ej Jdid", "name_ar": "نبع الجديد", "place_type": "village", "unique_id": "CAS_LBN52097", "district": "El Batroun", "governorate": "North" }, "geometry": { "type": "Point", "coordinates": [ 35.951743, 34.199356 ] } },
{ "type": "Feature", "properties": { "name_en": "Harissa el batroun", "name_ar": "حريصا البترون", "place_type": "village", "unique_id": "CAS_LBN52064", "district": "El Batroun", "governorate": "North" }, "geometry": { "type": "Point", "coordinates": [ 35.944156, 34.199631 ] } },
{ "type": "Feature", "properties": { "name_en": "Ouadi Tanourine Et Tahta", "name_ar": "وادي تنورين التحتا", "place_type": "village", "unique_id": "CAS_LBN52050", "district": "El Batroun", "governorate": "North" }, "geometry": { "type": "Point", "coordinates": [ 35.881783, 34.200508 ] } },
{ "type": "Feature", "properties": { "name_en": "Douma", "name_ar": "دوما", "place_type": "village", "unique_id": "CAS_LBN52041", "district": "El Batroun", "governorate": "North" }, "geometry": { "type": "Point", "coordinates": [ 35.841206, 34.203331 ] } },
{ "type": "Feature", "properties": { "name_en": "Hrayek", "name_ar": "حرايق", "place_type": "village", "unique_id": "CAS_LBN52067", "district": "El Batroun", "governorate": "North" }, "geometry": { "type": "Point", "coordinates": [ 35.853344, 34.207367 ] } },
{ "type": "Feature", "properties": { "name_en": "Ain er Raha", "name_ar": "عين الراحا", "place_type": "village", "unique_id": "CAS_LBN52008", "district": "El Batroun", "governorate": "North" }, "geometry": { "type": "Point", "coordinates": [ 35.902608, 34.209148 ] } },
{ "type": "Feature", "properties": { "name_en": "Tanourine Et Tahta", "name_ar": "تنورين التحتا", "place_type": "village", "unique_id": "CAS_LBN52120", "district": "El Batroun", "governorate": "North" }, "geometry": { "type": "Point", "coordinates": [ 35.876811, 34.209708 ] } },
{ "type": "Feature", "properties": { "name_en": "Kfour El Aarbi", "name_ar": "كفور العربي", "place_type": "village", "unique_id": "CAS_LBN52082", "district": "El Batroun", "governorate": "North" }, "geometry": { "type": "Point", "coordinates": [ 35.864856, 34.224731 ] } },
{ "type": "Feature", "properties": { "name_en": "Kfar Helda", "name_ar": "كفر حلدا", "place_type": "village", "unique_id": "CAS_LBN52079", "district": "El Batroun", "governorate": "North" }, "geometry": { "type": "Point", "coordinates": [ 35.839058, 34.227692 ] } },
{ "type": "Feature", "properties": { "name_en": "Niha El Batroun", "name_ar": "نيحا البترون", "place_type": "village", "unique_id": "CAS_LBN52100", "district": "El Batroun", "governorate": "North" }, "geometry": { "type": "Point", "coordinates": [ 35.883403, 34.230703 ] } },
{ "type": "Feature", "properties": { "name_en": "Hardine", "name_ar": "حردين", "place_type": "village", "unique_id": "CAS_LBN52063", "district": "El Batroun", "governorate": "North" }, "geometry": { "type": "Point", "coordinates": [ 35.856953, 34.23583 ] } },
{ "type": "Feature", "properties": { "name_en": "Beit Kassab", "name_ar": "بيت كسّاب", "place_type": "village", "unique_id": "CAS_LBN52017", "district": "El Batroun", "governorate": "North" }, "geometry": { "type": "Point", "coordinates": [ 35.845983, 34.24516 ] } },
{ "type": "Feature", "properties": { "name_en": "Barzakine", "name_ar": "برزقين", "place_type": "village", "unique_id": "CAS_LBN52011", "district": "El Batroun", "governorate": "North" }, "geometry": { "type": "Point", "coordinates": [ 35.656135, 34.217389 ] } },
{ "type": "Feature", "properties": { "name_en": "Thoum", "name_ar": "تحوم", "place_type": "village", "unique_id": "CAS_LBN52122", "district": "El Batroun", "governorate": "North" }, "geometry": { "type": "Point", "coordinates": [ 35.656433, 34.212039 ] } },
{ "type": "Feature", "properties": { "name_en": "El Harf", "name_ar": "حرف", "place_type": "village", "unique_id": "CAS_LBN52046", "district": "El Batroun", "governorate": "North" }, "geometry": { "type": "Point", "coordinates": [ 35.66613, 34.218169 ] } },
{ "type": "Feature", "properties": { "name_en": "Rachana", "name_ar": "راشانا", "place_type": "village", "unique_id": "CAS_LBN52107", "district": "El Batroun", "governorate": "North" }, "geometry": { "type": "Point", "coordinates": [ 35.672447, 34.215314 ] } },
{ "type": "Feature", "properties": { "name_en": "Bcheale", "name_ar": "بشعلة", "place_type": "village", "unique_id": "CAS_LBN52014", "district": "El Batroun", "governorate": "North" }, "geometry": { "type": "Point", "coordinates": [ 35.823881, 34.202917 ] } },
{ "type": "Feature", "properties": { "name_en": "Qornet el Marj", "name_ar": "قرنة المرج", "place_type": "village", "unique_id": "CAS_LBN52104", "district": "El Batroun", "governorate": "North" }, "geometry": { "type": "Point", "coordinates": [ 35.805974, 34.213475 ] } },
{ "type": "Feature", "properties": { "name_en": "Nahle batroun", "name_ar": "نحلا  البترون", "place_type": "village", "unique_id": "CAS_LBN52098", "district": "El Batroun", "governorate": "North" }, "geometry": { "type": "Point", "coordinates": [ 35.805086, 34.218222 ] } },
{ "type": "Feature", "properties": { "name_en": "Deir Mar Youhanna Douma", "name_ar": "دير مار يوحنا دوما", "place_type": "village", "unique_id": "CAS_LBN52038", "district": "El Batroun", "governorate": "North" }, "geometry": { "type": "Point", "coordinates": [ 35.832433, 34.220249 ] } },
{ "type": "Feature", "properties": { "name_en": "Beit Chlala", "name_ar": "بيت شلالا", "place_type": "village", "unique_id": "CAS_LBN52016", "district": "El Batroun", "governorate": "North" }, "geometry": { "type": "Point", "coordinates": [ 35.83482, 34.223305 ] } },
{ "type": "Feature", "properties": { "name_en": "Bechtoudar-Aoura", "name_ar": "بشتودار", "place_type": "village", "unique_id": "CAS_LBN52015", "district": "El Batroun", "governorate": "North" }, "geometry": { "type": "Point", "coordinates": [ 35.817983, 34.2243 ] } },
{ "type": "Feature", "properties": { "name_en": "Kandoula", "name_ar": "قندولا", "place_type": "village", "unique_id": "CAS_LBN52074", "district": "El Batroun", "governorate": "North" }, "geometry": { "type": "Point", "coordinates": [ 35.809389, 34.229772 ] } },
{ "type": "Feature", "properties": { "name_en": "Aaoura", "name_ar": "عورا البترون", "place_type": "village", "unique_id": "CAS_LBN52004", "district": "El Batroun", "governorate": "North" }, "geometry": { "type": "Point", "coordinates": [ 35.804991, 34.236572 ] } },
{ "type": "Feature", "properties": { "name_en": "Daael", "name_ar": "داعل", "place_type": "village", "unique_id": "CAS_LBN52028", "district": "El Batroun", "governorate": "North" }, "geometry": { "type": "Point", "coordinates": [ 35.80063, 34.239087 ] } },
{ "type": "Feature", "properties": { "name_en": "Boustane El Aassi", "name_ar": "بساتين العصي", "place_type": "village", "unique_id": "CAS_LBN52020", "district": "El Batroun", "governorate": "North" }, "geometry": { "type": "Point", "coordinates": [ 35.820578, 34.240653 ] } },
{ "type": "Feature", "properties": { "name_en": "Deir Billa", "name_ar": "ديربلا", "place_type": "village", "unique_id": "CAS_LBN52037", "district": "El Batroun", "governorate": "North" }, "geometry": { "type": "Point", "coordinates": [ 35.821101, 34.252039 ] } },
{ "type": "Feature", "properties": { "name_en": "Chnata", "name_ar": "شناتا", "place_type": "village", "unique_id": "CAS_LBN52027", "district": "El Batroun", "governorate": "North" }, "geometry": { "type": "Point", "coordinates": [ 35.821446, 34.258016 ] } },
{ "type": "Feature", "properties": { "name_en": "Ghouma", "name_ar": "غوما", "place_type": "village", "unique_id": "CAS_LBN52056", "district": "El Batroun", "governorate": "North" }, "geometry": { "type": "Point", "coordinates": [ 35.689628, 34.214933 ] } },
{ "type": "Feature", "properties": { "name_en": "Dahr Mar Risha", "name_ar": "ضهر مار ريشا", "place_type": "village", "unique_id": "CAS_LBN52032", "district": "El Batroun", "governorate": "North" }, "geometry": { "type": "Point", "coordinates": [ 35.690444, 34.203098 ] } },
{ "type": "Feature", "properties": { "name_en": "Smar Jbail", "name_ar": "سمار جبيل", "place_type": "village", "unique_id": "CAS_LBN52116", "district": "El Batroun", "governorate": "North" }, "geometry": { "type": "Point", "coordinates": [ 35.690967, 34.219872 ] } },
{ "type": "Feature", "properties": { "name_en": "Sghar", "name_ar": "صغار", "place_type": "village", "unique_id": "CAS_LBN52115", "district": "El Batroun", "governorate": "North" }, "geometry": { "type": "Point", "coordinates": [ 35.694998, 34.200479 ] } },
{ "type": "Feature", "properties": { "name_en": "Deir Mar Youssef Jrabta", "name_ar": "دير مار يوسف جربتا", "place_type": "village", "unique_id": "CAS_LBN52039", "district": "El Batroun", "governorate": "North" }, "geometry": { "type": "Point", "coordinates": [ 35.695517, 34.208961 ] } },
{ "type": "Feature", "properties": { "name_en": "Mrah Ez Zaiat", "name_ar": "مراح الزيات", "place_type": "village", "unique_id": "CAS_LBN52095", "district": "El Batroun", "governorate": "North" }, "geometry": { "type": "Point", "coordinates": [ 35.702089, 34.217667 ] } },
{ "type": "Feature", "properties": { "name_en": "Jrebta", "name_ar": "جربتا", "place_type": "village", "unique_id": "CAS_LBN52073", "district": "El Batroun", "governorate": "North" }, "geometry": { "type": "Point", "coordinates": [ 35.705006, 34.204081 ] } },
{ "type": "Feature", "properties": { "name_en": "Ramate", "name_ar": "رمات", "place_type": "village", "unique_id": "CAS_LBN52111", "district": "El Batroun", "governorate": "North" }, "geometry": { "type": "Point", "coordinates": [ 35.715812, 34.217747 ] } },
{ "type": "Feature", "properties": { "name_en": "Mchaa ej Joubbeh", "name_ar": "مشاع الجبه", "place_type": "village", "unique_id": "CAS_LBN53027", "district": "Bcharre", "governorate": "North" }, "geometry": { "type": "Point", "coordinates": [ 36.017912, 34.199452 ] } },
{ "type": "Feature", "properties": { "name_en": "Bqaa Kafra", "name_ar": "بقاع كفرا", "place_type": "village", "unique_id": "CAS_LBN53010", "district": "Bcharre", "governorate": "North" }, "geometry": { "type": "Point", "coordinates": [ 36.004089, 34.2369 ] } },
{ "type": "Feature", "properties": { "name_en": "Bqerqacha", "name_ar": "بقرقاشا", "place_type": "village", "unique_id": "CAS_LBN53011", "district": "Bcharre", "governorate": "North" }, "geometry": { "type": "Point", "coordinates": [ 35.996042, 34.239489 ] } },
{ "type": "Feature", "properties": { "name_en": "Braissat", "name_ar": "بريسات", "place_type": "village", "unique_id": "CAS_LBN53012", "district": "Bcharre", "governorate": "North" }, "geometry": { "type": "Point", "coordinates": [ 35.939786, 34.24138 ] } },
{ "type": "Feature", "properties": { "name_en": "Bazaoun", "name_ar": "بزعون", "place_type": "village", "unique_id": "CAS_LBN53005", "district": "Bcharre", "governorate": "North" }, "geometry": { "type": "Point", "coordinates": [ 35.983446, 34.241936 ] } },
{ "type": "Feature", "properties": { "name_en": "Hasroun", "name_ar": "حصرون", "place_type": "village", "unique_id": "CAS_LBN53017", "district": "Bcharre", "governorate": "North" }, "geometry": { "type": "Point", "coordinates": [ 35.977872, 34.242267 ] } },
{ "type": "Feature", "properties": { "name_en": "Kfar Saroun", "name_ar": null, "place_type": "village", "unique_id": "OSM_node/9820293708", "district": "Bcharre", "governorate": "North" }, "geometry": { "type": "Point", "coordinates": [ 35.963079900000025, 34.242991599999982 ] } },
{ "type": "Feature", "properties": { "name_en": "Kfar Saroun dimane", "name_ar": "كفر صارون الديمان", "place_type": "village", "unique_id": "CAS_LBN53018", "district": "Bcharre", "governorate": "North" }, "geometry": { "type": "Point", "coordinates": [ 35.958432, 34.244405 ] } },
{ "type": "Feature", "properties": { "name_en": "Ariz", "name_ar": "أرز", "place_type": "village", "unique_id": "CAS_LBN53002", "district": "Bcharre", "governorate": "North" }, "geometry": { "type": "Point", "coordinates": [ 36.039025, 34.244592 ] } },
{ "type": "Feature", "properties": { "name_en": "Dimane", "name_ar": "ديمان", "place_type": "village", "unique_id": "CAS_LBN53014", "district": "Bcharre", "governorate": "North" }, "geometry": { "type": "Point", "coordinates": [ 35.951011, 34.246218 ] } },
{ "type": "Feature", "properties": { "name_en": "Hadet Ej jebbe", "name_ar": "حدث الجبه", "place_type": "village", "unique_id": "CAS_LBN53016", "district": "Bcharre", "governorate": "North" }, "geometry": { "type": "Point", "coordinates": [ 35.929275, 34.247383 ] } },
{ "type": "Feature", "properties": { "name_en": "Bcharre", "name_ar": "بشري", "place_type": "village", "unique_id": "CAS_LBN53006", "district": "Bcharre", "governorate": "North" }, "geometry": { "type": "Point", "coordinates": [ 36.010586, 34.249429 ] } },
{ "type": "Feature", "properties": { "name_en": "Hadchit", "name_ar": "حدشيت", "place_type": "village", "unique_id": "CAS_LBN53015", "district": "Bcharre", "governorate": "North" }, "geometry": { "type": "Point", "coordinates": [ 35.984817, 34.251967 ] } },
{ "type": "Feature", "properties": { "name_en": "Chira", "name_ar": "شيرا", "place_type": "village", "unique_id": "CAS_LBN53013", "district": "Bcharre", "governorate": "North" }, "geometry": { "type": "Point", "coordinates": [ 35.864549, 34.271935 ] } },
{ "type": "Feature", "properties": { "name_en": "Aabdine Bcharre", "name_ar": "عبدين بشري", "place_type": "village", "unique_id": "CAS_LBN53001", "district": "Bcharre", "governorate": "North" }, "geometry": { "type": "Point", "coordinates": [ 35.886386, 34.273595 ] } },
{ "type": "Feature", "properties": { "name_en": "Bane", "name_ar": "بان", "place_type": "village", "unique_id": "CAS_LBN53003", "district": "Bcharre", "governorate": "North" }, "geometry": { "type": "Point", "coordinates": [ 35.953844, 34.276533 ] } },
{ "type": "Feature", "properties": { "name_en": "Tourza", "name_ar": "طورزا", "place_type": "village", "unique_id": "CAS_LBN53025", "district": "Bcharre", "governorate": "North" }, "geometry": { "type": "Point", "coordinates": [ 35.897478, 34.282672 ] } },
{ "type": "Feature", "properties": { "name_en": "Moghr El Ahoual", "name_ar": "مغر الاحول", "place_type": "village", "unique_id": "CAS_LBN53022", "district": "Bcharre", "governorate": "North" }, "geometry": { "type": "Point", "coordinates": [ 35.873245, 34.288828 ] } },
{ "type": "Feature", "properties": { "name_en": "Mazraat En Nahr", "name_ar": "مزرعة النهر", "place_type": "village", "unique_id": "OSM_node/6432995194", "district": "Bcharre", "governorate": "North" }, "geometry": { "type": "Point", "coordinates": [ 35.917255300000022, 34.284109600000022 ] } },
{ "type": "Feature", "properties": { "name_en": "Mazraat Beni Saab", "name_ar": "مزرعة بني صعب", "place_type": "village", "unique_id": "CAS_LBN53020", "district": "Bcharre", "governorate": "North" }, "geometry": { "type": "Point", "coordinates": [ 35.884942, 34.247892 ] } },
{ "type": "Feature", "properties": { "name_en": "Mazraat Assaf", "name_ar": "مزرعة عساف", "place_type": "village", "unique_id": "CAS_LBN53019", "district": "Bcharre", "governorate": "North" }, "geometry": { "type": "Point", "coordinates": [ 35.874333, 34.249061 ] } },
{ "type": "Feature", "properties": { "name_en": "Qnat", "name_ar": "قناة", "place_type": "village", "unique_id": "CAS_LBN53024", "district": "Bcharre", "governorate": "North" }, "geometry": { "type": "Point", "coordinates": [ 35.893442, 34.252289 ] } },
{ "type": "Feature", "properties": { "name_en": "Wadi Qannoubine", "name_ar": "وادي قنوبين", "place_type": "village", "unique_id": "CAS_LBN53026", "district": "Bcharre", "governorate": "North" }, "geometry": { "type": "Point", "coordinates": [ 35.941905, 34.255019 ] } },
{ "type": "Feature", "properties": { "name_en": "Barhalioun", "name_ar": "برحليون", "place_type": "village", "unique_id": "CAS_LBN53004", "district": "Bcharre", "governorate": "North" }, "geometry": { "type": "Point", "coordinates": [ 35.874105, 34.258831 ] } },
{ "type": "Feature", "properties": { "name_en": "Metrit", "name_ar": "متريت", "place_type": "village", "unique_id": "CAS_LBN53021", "district": "Bcharre", "governorate": "North" }, "geometry": { "type": "Point", "coordinates": [ 35.840817, 34.259975 ] } },
{ "type": "Feature", "properties": { "name_en": "Blaouza", "name_ar": "بلوزا", "place_type": "village", "unique_id": "CAS_LBN53009", "district": "Bcharre", "governorate": "North" }, "geometry": { "type": "Point", "coordinates": [ 35.950425, 34.261719 ] } },
{ "type": "Feature", "properties": { "name_en": "Beit Menzer", "name_ar": "بيت منذر", "place_type": "village", "unique_id": "CAS_LBN53007", "district": "Bcharre", "governorate": "North" }, "geometry": { "type": "Point", "coordinates": [ 35.909958, 34.262086 ] } },
{ "type": "Feature", "properties": { "name_en": "Qnaiouer", "name_ar": "قنيور", "place_type": "village", "unique_id": "CAS_LBN53023", "district": "Bcharre", "governorate": "North" }, "geometry": { "type": "Point", "coordinates": [ 35.92565, 34.264386 ] } },
{ "type": "Feature", "properties": { "name_en": "Billa", "name_ar": "بلا", "place_type": "village", "unique_id": "CAS_LBN53008", "district": "Bcharre", "governorate": "North" }, "geometry": { "type": "Point", "coordinates": [ 35.889974, 34.265098 ] } },
{ "type": "Feature", "properties": { "name_en": "Haouket El Naher", "name_ar": "حوكة النهر", "place_type": "village", "unique_id": "OSM_node/7876586659", "district": "Bcharre", "governorate": "North" }, "geometry": { "type": "Point", "coordinates": [ 35.9475339, 34.2674867 ] } },
{ "type": "Feature", "properties": { "name_en": "Kfar Qahel", "name_ar": "كفرقاهل", "place_type": "village", "unique_id": "CAS_LBN54040", "district": "El Koura", "governorate": "North" }, "geometry": { "type": "Point", "coordinates": [ 35.851339, 34.357117 ] } },
{ "type": "Feature", "properties": { "name_en": "El Aaqbe", "name_ar": "عقبة", "place_type": "village", "unique_id": "CAS_LBN54026", "district": "El Koura", "governorate": "North" }, "geometry": { "type": "Point", "coordinates": [ 35.866505, 34.389855 ] } },
{ "type": "Feature", "properties": { "name_en": "El Bqaiaa", "name_ar": "البقيعة", "place_type": "village", "unique_id": "CAS_LBN54028", "district": "El Koura", "governorate": "North" }, "geometry": { "type": "Point", "coordinates": [ 35.854863, 34.370769 ] } },
{ "type": "Feature", "properties": { "name_en": "Bkeftine", "name_ar": "بكفتين", "place_type": "village", "unique_id": "CAS_LBN54015", "district": "El Koura", "governorate": "North" }, "geometry": { "type": "Point", "coordinates": [ 35.861172, 34.38475 ] } },
{ "type": "Feature", "properties": { "name_en": "Dahr Al Ain", "name_ar": "ضهر العين", "place_type": "village", "unique_id": "OSM_node/10200018765", "district": "El Koura", "governorate": "North" }, "geometry": { "type": "Point", "coordinates": [ 35.846347400000013, 34.3852162 ] } },
{ "type": "Feature", "properties": { "name_en": "Jdeideh Berkacha", "name_ar": "جديدة برقاشا", "place_type": "village", "unique_id": "CAS_LBN54035", "district": "El Koura", "governorate": "North" }, "geometry": { "type": "Point", "coordinates": [ 35.842645, 34.390354 ] } },
{ "type": "Feature", "properties": { "name_en": "Dahr AlAin", "name_ar": "ضهر العين", "place_type": "village", "unique_id": "CAS_LBN54022", "district": "El Koura", "governorate": "North" }, "geometry": { "type": "Point", "coordinates": [ 35.845791, 34.39315 ] } },
{ "type": "Feature", "properties": { "name_en": "Kousba", "name_ar": "كوسبا", "place_type": "village", "unique_id": "CAS_LBN54044", "district": "El Koura", "governorate": "North" }, "geometry": { "type": "Point", "coordinates": [ 35.850361, 34.2984 ] } },
{ "type": "Feature", "properties": { "name_en": "Rechdibbine", "name_ar": "رشدبين", "place_type": "village", "unique_id": "CAS_LBN54050", "district": "El Koura", "governorate": "North" }, "geometry": { "type": "Point", "coordinates": [ 35.859589, 34.291236 ] } },
{ "type": "Feature", "properties": { "name_en": "Majdel el Koura", "name_ar": "مجدل الكورة", "place_type": "village", "unique_id": "CAS_LBN54029", "district": "El Koura", "governorate": "North" }, "geometry": { "type": "Point", "coordinates": [ 35.792667, 34.252453 ] } },
{ "type": "Feature", "properties": { "name_en": "Kaftoun", "name_ar": "كفتون", "place_type": "village", "unique_id": "CAS_LBN54036", "district": "El Koura", "governorate": "North" }, "geometry": { "type": "Point", "coordinates": [ 35.766283, 34.266042 ] } },
{ "type": "Feature", "properties": { "name_en": "Dar Baachtar", "name_ar": "دار بعشتار", "place_type": "village", "unique_id": "CAS_LBN54023", "district": "El Koura", "governorate": "North" }, "geometry": { "type": "Point", "coordinates": [ 35.791844, 34.268989 ] } },
{ "type": "Feature", "properties": { "name_en": "Ijdabrine", "name_ar": "اجدعبرين", "place_type": "village", "unique_id": "CAS_LBN54034", "district": "El Koura", "governorate": "North" }, "geometry": { "type": "Point", "coordinates": [ 35.743744, 34.272022 ] } },
{ "type": "Feature", "properties": { "name_en": "Btaaboura", "name_ar": "بتعبورة", "place_type": "village", "unique_id": "CAS_LBN54018", "district": "El Koura", "governorate": "North" }, "geometry": { "type": "Point", "coordinates": [ 35.762425, 34.274683 ] } },
{ "type": "Feature", "properties": { "name_en": "Kfar Hata Koura", "name_ar": "كفر حاتا - الكورة", "place_type": "village", "unique_id": "OSM_node/280026228", "district": "El Koura", "governorate": "North" }, "geometry": { "type": "Point", "coordinates": [ 35.748628399999973, 34.283351400000015 ] } },
{ "type": "Feature", "properties": { "name_en": "Dar Chmizzine", "name_ar": "دار شمزين", "place_type": "village", "unique_id": "CAS_LBN54024", "district": "El Koura", "governorate": "North" }, "geometry": { "type": "Point", "coordinates": [ 35.782178, 34.284269 ] } },
{ "type": "Feature", "properties": { "name_en": "Kfar Hata", "name_ar": "كفرحاتا", "place_type": "village", "unique_id": "CAS_LBN54038", "district": "El Koura", "governorate": "North" }, "geometry": { "type": "Point", "coordinates": [ 35.745356, 34.284589 ] } },
{ "type": "Feature", "properties": { "name_en": "MJEYDIL KFAR HAZIR", "name_ar": "مجيدل كفر حزير", "place_type": "village", "unique_id": "CAS_LBN54045", "district": "El Koura", "governorate": "North" }, "geometry": { "type": "Point", "coordinates": [ 35.749836, 34.309503 ] } },
{ "type": "Feature", "properties": { "name_en": "Kfar Hazir", "name_ar": "كفرحزير", "place_type": "village", "unique_id": "CAS_LBN54039", "district": "El Koura", "governorate": "North" }, "geometry": { "type": "Point", "coordinates": [ 35.774961, 34.310692 ] } },
{ "type": "Feature", "properties": { "name_en": "Aafsdiq", "name_ar": "عفصديق", "place_type": "village", "unique_id": "CAS_LBN54002", "district": "El Koura", "governorate": "North" }, "geometry": { "type": "Point", "coordinates": [ 35.785506, 34.331778 ] } },
{ "type": "Feature", "properties": { "name_en": "Bdeihoun", "name_ar": "بدبهون", "place_type": "village", "unique_id": "CAS_LBN54011", "district": "El Koura", "governorate": "North" }, "geometry": { "type": "Point", "coordinates": [ 35.754975, 34.336864 ] } },
{ "type": "Feature", "properties": { "name_en": "Barghoun", "name_ar": "برغون", "place_type": "village", "unique_id": "CAS_LBN54008", "district": "El Koura", "governorate": "North" }, "geometry": { "type": "Point", "coordinates": [ 35.755867, 34.343342 ] } },
{ "type": "Feature", "properties": { "name_en": "Fiaa", "name_ar": "فيع", "place_type": "village", "unique_id": "CAS_LBN54032", "district": "El Koura", "governorate": "North" }, "geometry": { "type": "Point", "coordinates": [ 35.786311, 34.348297 ] } },
{ "type": "Feature", "properties": { "name_en": "Zakroun", "name_ar": "زكرون", "place_type": "village", "unique_id": "CAS_LBN54051", "district": "El Koura", "governorate": "North" }, "geometry": { "type": "Point", "coordinates": [ 35.753519, 34.352258 ] } },
{ "type": "Feature", "properties": { "name_en": "Qalhat", "name_ar": "قلحات", "place_type": "village", "unique_id": "CAS_LBN54047", "district": "El Koura", "governorate": "North" }, "geometry": { "type": "Point", "coordinates": [ 35.780286, 34.359508 ] } },
{ "type": "Feature", "properties": { "name_en": "DEIR EL BALAMAND", "name_ar": "دير البلمند", "place_type": "village", "unique_id": "CAS_LBN54007", "district": "El Koura", "governorate": "North" }, "geometry": { "type": "Point", "coordinates": [ 35.778097, 34.368503 ] } },
{ "type": "Feature", "properties": { "name_en": "Al-Hraiche", "name_ar": "حريشه", "place_type": "village", "unique_id": "CAS_LBN54004", "district": "El Koura", "governorate": "North" }, "geometry": { "type": "Point", "coordinates": [ 35.744439, 34.372386 ] } },
{ "type": "Feature", "properties": { "name_en": "Hreisheh", "name_ar": "حريشه", "place_type": "village", "unique_id": "OSM_node/6703390454", "district": "El Koura", "governorate": "North" }, "geometry": { "type": "Point", "coordinates": [ 35.752176799999972, 34.375956700000017 ] } },
{ "type": "Feature", "properties": { "name_en": "KELBATA", "name_ar": "كلباتا", "place_type": "village", "unique_id": "CAS_LBN54043", "district": "El Koura", "governorate": "North" }, "geometry": { "type": "Point", "coordinates": [ 35.732367, 34.281089 ] } },
{ "type": "Feature", "properties": { "name_en": "Bednayel el koura", "name_ar": "بدنايل الكورة", "place_type": "village", "unique_id": "CAS_LBN54014", "district": "El Koura", "governorate": "North" }, "geometry": { "type": "Point", "coordinates": [ 35.733297, 34.291133 ] } },
{ "type": "Feature", "properties": { "name_en": "Kefraiya", "name_ar": "كفريا الكورة", "place_type": "village", "unique_id": "CAS_LBN54042", "district": "El Koura", "governorate": "North" }, "geometry": { "type": "Point", "coordinates": [ 35.721422, 34.292719 ] } },
{ "type": "Feature", "properties": { "name_en": "Enfe", "name_ar": "أنفه", "place_type": "village", "unique_id": "CAS_LBN54031", "district": "El Koura", "governorate": "North" }, "geometry": { "type": "Point", "coordinates": [ 35.730478, 34.356553 ] } },
{ "type": "Feature", "properties": { "name_en": "Kfar Saroun", "name_ar": "كفرصارون", "place_type": "village", "unique_id": "CAS_LBN54041", "district": "El Koura", "governorate": "North" }, "geometry": { "type": "Point", "coordinates": [ 35.830528, 34.297214 ] } },
{ "type": "Feature", "properties": { "name_en": "Amioun", "name_ar": "اميون", "place_type": "village", "unique_id": "CAS_LBN54005", "district": "El Koura", "governorate": "North" }, "geometry": { "type": "Point", "coordinates": [ 35.808006, 34.299611 ] } },
{ "type": "Feature", "properties": { "name_en": "Kfar Aaqqa", "name_ar": "كفر عقا", "place_type": "village", "unique_id": "CAS_LBN54037", "district": "El Koura", "governorate": "North" }, "geometry": { "type": "Point", "coordinates": [ 35.836717, 34.302061 ] } },
{ "type": "Feature", "properties": { "name_en": "Bechmizzine", "name_ar": "بشمزين", "place_type": "village", "unique_id": "CAS_LBN54013", "district": "El Koura", "governorate": "North" }, "geometry": { "type": "Point", "coordinates": [ 35.796069, 34.320253 ] } },
{ "type": "Feature", "properties": { "name_en": "Dhour El Hawa", "name_ar": "ضهور الحواء", "place_type": "village", "unique_id": "OSM_node/9820341628", "district": "El Koura", "governorate": "North" }, "geometry": { "type": "Point", "coordinates": [ 35.826416, 34.329624599999988 ] } },
{ "type": "Feature", "properties": { "name_en": "Bsarma", "name_ar": "بصرما", "place_type": "village", "unique_id": "CAS_LBN54017", "district": "El Koura", "governorate": "North" }, "geometry": { "type": "Point", "coordinates": [ 35.838508, 34.331153 ] } },
{ "type": "Feature", "properties": { "name_en": "Btourram", "name_ar": "بطرام", "place_type": "village", "unique_id": "CAS_LBN54020", "district": "El Koura", "governorate": "North" }, "geometry": { "type": "Point", "coordinates": [ 35.808886, 34.331325 ] } },
{ "type": "Feature", "properties": { "name_en": "Aaba", "name_ar": "عبا الكورة", "place_type": "village", "unique_id": "CAS_LBN54001", "district": "El Koura", "governorate": "North" }, "geometry": { "type": "Point", "coordinates": [ 35.826847, 34.346103 ] } },
{ "type": "Feature", "properties": { "name_en": "Bdibba", "name_ar": "بدبا", "place_type": "village", "unique_id": "CAS_LBN54012", "district": "El Koura", "governorate": "North" }, "geometry": { "type": "Point", "coordinates": [ 35.818517, 34.348319 ] } },
{ "type": "Feature", "properties": { "name_en": "Btouratij", "name_ar": "بتوراتيج", "place_type": "village", "unique_id": "CAS_LBN54019", "district": "El Koura", "governorate": "North" }, "geometry": { "type": "Point", "coordinates": [ 35.833936, 34.3635 ] } },
{ "type": "Feature", "properties": { "name_en": "En Nakhle", "name_ar": "نخلة", "place_type": "village", "unique_id": "CAS_LBN54030", "district": "El Koura", "governorate": "North" }, "geometry": { "type": "Point", "coordinates": [ 35.825581, 34.365086 ] } },
{ "type": "Feature", "properties": { "name_en": "Batroumine", "name_ar": "بترومين", "place_type": "village", "unique_id": "CAS_LBN54010", "district": "El Koura", "governorate": "North" }, "geometry": { "type": "Point", "coordinates": [ 35.808419, 34.365789 ] } },
{ "type": "Feature", "properties": { "name_en": "Dedde", "name_ar": "دده", "place_type": "village", "unique_id": "CAS_LBN54025", "district": "El Koura", "governorate": "North" }, "geometry": { "type": "Point", "coordinates": [ 35.799897, 34.381078 ] } },
{ "type": "Feature", "properties": { "name_en": "Haret El KHASSEH", "name_ar": "حارة الخسة", "place_type": "village", "unique_id": "CAS_LBN54033", "district": "El Koura", "governorate": "North" }, "geometry": { "type": "Point", "coordinates": [ 35.834256, 34.381967 ] } },
{ "type": "Feature", "properties": { "name_en": "Barsa", "name_ar": "برصا", "place_type": "village", "unique_id": "CAS_LBN54009", "district": "El Koura", "governorate": "North" }, "geometry": { "type": "Point", "coordinates": [ 35.831086, 34.387725 ] } },
{ "type": "Feature", "properties": { "name_en": "Ras Masqa Ej Jnoubiye", "name_ar": "راس مسقا الجنوبية", "place_type": "village", "unique_id": "CAS_LBN54049", "district": "El Koura", "governorate": "North" }, "geometry": { "type": "Point", "coordinates": [ 35.830681, 34.396192 ] } },
{ "type": "Feature", "properties": { "name_en": "Ras Masqa Ech Chmaliye", "name_ar": "راس مسقا الشمالية", "place_type": "village", "unique_id": "CAS_LBN54048", "district": "El Koura", "governorate": "North" }, "geometry": { "type": "Point", "coordinates": [ 35.829556, 34.401303 ] } },
{ "type": "Feature", "properties": { "name_en": "Ras Maska", "name_ar": "راس مسقا", "place_type": "village", "unique_id": "CAS_LBN54056", "district": "El Koura", "governorate": "North" }, "geometry": { "type": "Point", "coordinates": [ 35.830433, 34.403511 ] } },
{ "type": "Feature", "properties": { "name_en": "El Bahsas", "name_ar": "بحصاص", "place_type": "village", "unique_id": "CAS_LBN54027", "district": "El Koura", "governorate": "North" }, "geometry": { "type": "Point", "coordinates": [ 35.824642, 34.417067 ] } },
{ "type": "Feature", "properties": { "name_en": "Zgharta el Mtaouleh", "name_ar": "زغرتا المتاولة", "place_type": "village", "unique_id": "CAS_LBN54053", "district": "El Koura", "governorate": "North" }, "geometry": { "type": "Point", "coordinates": [ 35.839692, 34.250778 ] } },
{ "type": "Feature", "properties": { "name_en": "Bnehrane", "name_ar": "بنهران", "place_type": "village", "unique_id": "CAS_LBN54016", "district": "El Koura", "governorate": "North" }, "geometry": { "type": "Point", "coordinates": [ 35.851169, 34.274563 ] } },
{ "type": "Feature", "properties": { "name_en": "Ain Aakrine", "name_ar": "عين عكرين", "place_type": "village", "unique_id": "CAS_LBN54003", "district": "El Koura", "governorate": "North" }, "geometry": { "type": "Point", "coordinates": [ 35.845539, 34.285722 ] } },
{ "type": "Feature", "properties": { "name_en": "Zakzouk", "name_ar": "زكزوك", "place_type": "village", "unique_id": "CAS_LBN54052", "district": "El Koura", "governorate": "North" }, "geometry": { "type": "Point", "coordinates": [ 35.800344, 34.257222 ] } },
{ "type": "Feature", "properties": { "name_en": "Oueta Fares", "name_ar": "وطى فارس", "place_type": "village", "unique_id": "CAS_LBN54046", "district": "El Koura", "governorate": "North" }, "geometry": { "type": "Point", "coordinates": [ 35.809309, 34.259955 ] } },
{ "type": "Feature", "properties": { "name_en": "Bziza", "name_ar": "بزيزا", "place_type": "village", "unique_id": "CAS_LBN54021", "district": "El Koura", "governorate": "North" }, "geometry": { "type": "Point", "coordinates": [ 35.820005, 34.272783 ] } },
{ "type": "Feature", "properties": { "name_en": "Bahbouch", "name_ar": "بحبوش", "place_type": "village", "unique_id": "CAS_LBN54006", "district": "El Koura", "governorate": "North" }, "geometry": { "type": "Point", "coordinates": [ 35.828733, 34.27807 ] } },
{ "type": "Feature", "properties": { "name_en": "El Medine ej jdide", "name_ar": "مدينة الجديدة", "place_type": "village", "unique_id": "CAS_LBN55044", "district": "El Minieh-Dennie", "governorate": "North" }, "geometry": { "type": "Point", "coordinates": [ 35.860969, 34.449681 ] } },
{ "type": "Feature", "properties": { "name_en": "El Beddaoui", "name_ar": "بداوي", "place_type": "village", "unique_id": "CAS_LBN55040", "district": "El Minieh-Dennie", "governorate": "North" }, "geometry": { "type": "Point", "coordinates": [ 35.863605, 34.454039 ] } },
{ "type": "Feature", "properties": { "name_en": "Ouadi En Nahle", "name_ar": "وادي النحلة", "place_type": "village", "unique_id": "CAS_LBN55075", "district": "El Minieh-Dennie", "governorate": "North" }, "geometry": { "type": "Point", "coordinates": [ 35.863942, 34.450158 ] } },
{ "type": "Feature", "properties": { "name_en": "Deir Amar", "name_ar": "دير عمار", "place_type": "village", "unique_id": "CAS_LBN55037", "district": "El Minieh-Dennie", "governorate": "North" }, "geometry": { "type": "Point", "coordinates": [ 35.906919, 34.457861 ] } },
{ "type": "Feature", "properties": { "name_en": "Borj El Yahoudiye", "name_ar": "برج اليهودية", "place_type": "village", "unique_id": "CAS_LBN55028", "district": "El Minieh-Dennie", "governorate": "North" }, "geometry": { "type": "Point", "coordinates": [ 35.914683, 34.453878 ] } },
{ "type": "Feature", "properties": { "name_en": "Karm El Akhras", "name_ar": "كرم الاخرس", "place_type": "village", "unique_id": "CAS_LBN55063", "district": "El Minieh-Dennie", "governorate": "North" }, "geometry": { "type": "Point", "coordinates": [ 35.922805, 34.459126 ] } },
{ "type": "Feature", "properties": { "name_en": "El Minie", "name_ar": "المنيه", "place_type": "village", "unique_id": "CAS_LBN55045", "district": "El Minieh-Dennie", "governorate": "North" }, "geometry": { "type": "Point", "coordinates": [ 35.92933, 34.480211 ] } },
{ "type": "Feature", "properties": { "name_en": "Abou Hamad", "name_ar": "ابو حمد", "place_type": "village", "unique_id": "CAS_LBN55091", "district": "El Minieh-Dennie", "governorate": "North" }, "geometry": { "type": "Point", "coordinates": [ 35.937397092000026, 34.491132129999983 ] } },
{ "type": "Feature", "properties": { "name_en": "En Nabi Youchaa", "name_ar": "النبي يوشع", "place_type": "village", "unique_id": "CAS_LBN55049", "district": "El Minieh-Dennie", "governorate": "North" }, "geometry": { "type": "Point", "coordinates": [ 35.940575, 34.462344 ] } },
{ "type": "Feature", "properties": { "name_en": "Mazraat Aartoussi", "name_ar": "مزرعة عرطوسي", "place_type": "village", "unique_id": "CAS_LBN55003", "district": "El Minieh-Dennie", "governorate": "North" }, "geometry": { "type": "Point", "coordinates": [ 35.945329, 34.506195 ] } },
{ "type": "Feature", "properties": { "name_en": "Bhannine El Minieh", "name_ar": "بحنين المنيه", "place_type": "village", "unique_id": "CAS_LBN55027", "district": "El Minieh-Dennie", "governorate": "North" }, "geometry": { "type": "Point", "coordinates": [ 35.95023, 34.502753 ] } },
{ "type": "Feature", "properties": { "name_en": "Zouq Bhannine", "name_ar": "ذوق بحنين", "place_type": "village", "unique_id": "CAS_LBN55090", "district": "El Minieh-Dennie", "governorate": "North" }, "geometry": { "type": "Point", "coordinates": [ 35.953175, 34.502666 ] } },
{ "type": "Feature", "properties": { "name_en": "En Nabi Kzaiber", "name_ar": "النبي كزيبر", "place_type": "village", "unique_id": "CAS_LBN55048", "district": "El Minieh-Dennie", "governorate": "North" }, "geometry": { "type": "Point", "coordinates": [ 35.960047, 34.486636 ] } },
{ "type": "Feature", "properties": { "name_en": "Markabta", "name_ar": "مركبتا", "place_type": "village", "unique_id": "CAS_LBN55069", "district": "El Minieh-Dennie", "governorate": "North" }, "geometry": { "type": "Point", "coordinates": [ 35.963306, 34.453233 ] } },
{ "type": "Feature", "properties": { "name_en": "Er Rihaniye El Minieh", "name_ar": "ريحانيه  المنيه", "place_type": "village", "unique_id": "CAS_LBN55051", "district": "El Minieh-Dennie", "governorate": "North" }, "geometry": { "type": "Point", "coordinates": [ 35.977614, 34.491361 ] } },
{ "type": "Feature", "properties": { "name_en": "Raouda", "name_ar": "روضه المنيه", "place_type": "village", "unique_id": "CAS_LBN57084", "district": "El Minieh-Dennie", "governorate": "North" }, "geometry": { "type": "Point", "coordinates": [ 35.981765247999988, 34.482310891999987 ] } },
{ "type": "Feature", "properties": { "name_en": "Aadoui", "name_ar": "عدوة", "place_type": "village", "unique_id": "CAS_LBN55001", "district": "El Minieh-Dennie", "governorate": "North" }, "geometry": { "type": "Point", "coordinates": [ 35.984875, 34.450586 ] } },
{ "type": "Feature", "properties": { "name_en": "Miniyeh", "name_ar": "المنية", "place_type": "town", "unique_id": "OSM_node/5790210190", "district": "El Minieh-Dennie", "governorate": "North" }, "geometry": { "type": "Point", "coordinates": [ 35.9304694, 34.475738400000012 ] } },
{ "type": "Feature", "properties": { "name_en": "Qarn", "name_ar": "القرن", "place_type": "village", "unique_id": "CAS_LBN55047", "district": "El Minieh-Dennie", "governorate": "North" }, "geometry": { "type": "Point", "coordinates": [ 36.118039, 34.441739 ] } },
{ "type": "Feature", "properties": { "name_en": "Qarhaiya", "name_ar": "قرحيا", "place_type": "village", "unique_id": "CAS_LBN55077", "district": "El Minieh-Dennie", "governorate": "North" }, "geometry": { "type": "Point", "coordinates": [ 36.078258, 34.442589 ] } },
{ "type": "Feature", "properties": { "name_en": "Mrebbine", "name_ar": "مربين", "place_type": "village", "unique_id": "CAS_LBN55093", "district": "El Minieh-Dennie", "governorate": "North" }, "geometry": { "type": "Point", "coordinates": [ 36.147038, 34.371575 ] } },
{ "type": "Feature", "properties": { "name_en": "Btellaiye", "name_ar": "بتلايه", "place_type": "village", "unique_id": "CAS_LBN55032", "district": "El Minieh-Dennie", "governorate": "North" }, "geometry": { "type": "Point", "coordinates": [ 36.008454, 34.311403 ] } },
{ "type": "Feature", "properties": { "name_en": "Afqa El Minieh", "name_ar": "افقا المنيه", "place_type": "village", "unique_id": "CAS_LBN55007", "district": "El Minieh-Dennie", "governorate": "North" }, "geometry": { "type": "Point", "coordinates": [ 35.990439, 34.322169 ] } },
{ "type": "Feature", "properties": { "name_en": "MAZRAAT EL KREYM", "name_ar": "مزرعة الكريم", "place_type": "village", "unique_id": "CAS_LBN55043", "district": "El Minieh-Dennie", "governorate": "North" }, "geometry": { "type": "Point", "coordinates": [ 35.959625, 34.366846 ] } },
{ "type": "Feature", "properties": { "name_en": "Btahline", "name_ar": "بتحلين", "place_type": "village", "unique_id": "CAS_LBN55031", "district": "El Minieh-Dennie", "governorate": "North" }, "geometry": { "type": "Point", "coordinates": [ 35.96532, 34.367877 ] } },
{ "type": "Feature", "properties": { "name_en": "Bqaa Safrin", "name_ar": "بقاع صفرين", "place_type": "village", "unique_id": "CAS_LBN55029", "district": "El Minieh-Dennie", "governorate": "North" }, "geometry": { "type": "Point", "coordinates": [ 36.023992, 34.376464 ] } },
{ "type": "Feature", "properties": { "name_en": "Beit Moumne", "name_ar": "بيت مومنة", "place_type": "village", "unique_id": "CAS_LBN55024", "district": "El Minieh-Dennie", "governorate": "North" }, "geometry": { "type": "Point", "coordinates": [ 36.046243, 34.376657 ] } },
{ "type": "Feature", "properties": { "name_en": "Beit Daoud Izal", "name_ar": "بيت داوود عزال", "place_type": "village", "unique_id": "CAS_LBN55018", "district": "El Minieh-Dennie", "governorate": "North" }, "geometry": { "type": "Point", "coordinates": [ 35.959931, 34.37953 ] } },
{ "type": "Feature", "properties": { "name_en": "Bqarsouna", "name_ar": "بقرصونه", "place_type": "village", "unique_id": "CAS_LBN55030", "district": "El Minieh-Dennie", "governorate": "North" }, "geometry": { "type": "Point", "coordinates": [ 36.044725, 34.379967 ] } },
{ "type": "Feature", "properties": { "name_en": "Bahsa", "name_ar": "البحصة", "place_type": "village", "unique_id": "CAS_LBN55012", "district": "El Minieh-Dennie", "governorate": "North" }, "geometry": { "type": "Point", "coordinates": [ 36.034606, 34.382333 ] } },
{ "type": "Feature", "properties": { "name_en": "Beit Hasna", "name_ar": "بيت حسنة", "place_type": "village", "unique_id": "CAS_LBN55021", "district": "El Minieh-Dennie", "governorate": "North" }, "geometry": { "type": "Point", "coordinates": [ 35.959153, 34.385239 ] } },
{ "type": "Feature", "properties": { "name_en": "Nemrine", "name_ar": "نمرين", "place_type": "village", "unique_id": "CAS_LBN55074", "district": "El Minieh-Dennie", "governorate": "North" }, "geometry": { "type": "Point", "coordinates": [ 36.04883, 34.385647 ] } },
{ "type": "Feature", "properties": { "name_en": "Qarsita", "name_ar": "قرصيتا", "place_type": "village", "unique_id": "CAS_LBN55078", "district": "El Minieh-Dennie", "governorate": "North" }, "geometry": { "type": "Point", "coordinates": [ 36.058492, 34.387797 ] } },
{ "type": "Feature", "properties": { "name_en": "Beit Radouane", "name_ar": "بيت رضوان", "place_type": "village", "unique_id": "CAS_LBN55025", "district": "El Minieh-Dennie", "governorate": "North" }, "geometry": { "type": "Point", "coordinates": [ 35.967717, 34.38849 ] } },
{ "type": "Feature", "properties": { "name_en": "Ain Et Tine", "name_ar": "عين التينه المنيه", "place_type": "village", "unique_id": "CAS_LBN55009", "district": "El Minieh-Dennie", "governorate": "North" }, "geometry": { "type": "Point", "coordinates": [ 36.047822, 34.391306 ] } },
{ "type": "Feature", "properties": { "name_en": "El Hazmiye", "name_ar": "حازمية المنيه", "place_type": "village", "unique_id": "CAS_LBN55041", "district": "El Minieh-Dennie", "governorate": "North" }, "geometry": { "type": "Point", "coordinates": [ 36.041601, 34.392182 ] } },
{ "type": "Feature", "properties": { "name_en": "Beit El Faqs", "name_ar": "بيت الفقس", "place_type": "village", "unique_id": "CAS_LBN55019", "district": "El Minieh-Dennie", "governorate": "North" }, "geometry": { "type": "Point", "coordinates": [ 36.04925, 34.395375 ] } },
{ "type": "Feature", "properties": { "name_en": "Beit jida", "name_ar": "بيت جدا", "place_type": "village", "unique_id": "CAS_LBN55022", "district": "El Minieh-Dennie", "governorate": "North" }, "geometry": { "type": "Point", "coordinates": [ 36.008881, 34.395661 ] } },
{ "type": "Feature", "properties": { "name_en": "Chmis", "name_ar": "الشميس", "place_type": "village", "unique_id": "CAS_LBN55034", "district": "El Minieh-Dennie", "governorate": "North" }, "geometry": { "type": "Point", "coordinates": [ 36.022992, 34.397961 ] } },
{ "type": "Feature", "properties": { "name_en": "Haql El Aazime", "name_ar": "حقل العزيمة", "place_type": "village", "unique_id": "CAS_LBN55055", "district": "El Minieh-Dennie", "governorate": "North" }, "geometry": { "type": "Point", "coordinates": [ 36.017361, 34.399856 ] } },
{ "type": "Feature", "properties": { "name_en": "Mrah Es Sfire", "name_ar": "مراح السفيرة", "place_type": "village", "unique_id": "CAS_LBN55072", "district": "El Minieh-Dennie", "governorate": "North" }, "geometry": { "type": "Point", "coordinates": [ 36.037769, 34.400417 ] } },
{ "type": "Feature", "properties": { "name_en": "Kharnoub", "name_ar": "خرنوب", "place_type": "village", "unique_id": "CAS_LBN55089", "district": "El Minieh-Dennie", "governorate": "North" }, "geometry": { "type": "Point", "coordinates": [ 36.015747, 34.403959 ] } },
{ "type": "Feature", "properties": { "name_en": "El Kharnoub", "name_ar": "خرنوب المنيه", "place_type": "village", "unique_id": "CAS_LBN55042", "district": "El Minieh-Dennie", "governorate": "North" }, "geometry": { "type": "Point", "coordinates": [ 36.008288, 34.404561 ] } },
{ "type": "Feature", "properties": { "name_en": "Haqlit", "name_ar": "حقلة", "place_type": "village", "unique_id": "CAS_LBN55056", "district": "El Minieh-Dennie", "governorate": "North" }, "geometry": { "type": "Point", "coordinates": [ 36.018704, 34.40653 ] } },
{ "type": "Feature", "properties": { "name_en": "Kfar Bebnine", "name_ar": "كفر ببنين", "place_type": "village", "unique_id": "CAS_LBN55065", "district": "El Minieh-Dennie", "governorate": "North" }, "geometry": { "type": "Point", "coordinates": [ 36.078106, 34.406786 ] } },
{ "type": "Feature", "properties": { "name_en": "Bakhaoun", "name_ar": "بخعون", "place_type": "village", "unique_id": "CAS_LBN55013", "district": "El Minieh-Dennie", "governorate": "North" }, "geometry": { "type": "Point", "coordinates": [ 36.013478, 34.409095 ] } },
{ "type": "Feature", "properties": { "name_en": "Es Snoubar", "name_ar": "صنوبر", "place_type": "village", "unique_id": "CAS_LBN55053", "district": "El Minieh-Dennie", "governorate": "North" }, "geometry": { "type": "Point", "coordinates": [ 36.07816, 34.41341 ] } },
{ "type": "Feature", "properties": { "name_en": "Haoura", "name_ar": "حوارة", "place_type": "village", "unique_id": "CAS_LBN55054", "district": "El Minieh-Dennie", "governorate": "North" }, "geometry": { "type": "Point", "coordinates": [ 36.071978, 34.41995 ] } },
{ "type": "Feature", "properties": { "name_en": "Harf es siyad", "name_ar": "حرف السياد", "place_type": "village", "unique_id": "CAS_LBN55057", "district": "El Minieh-Dennie", "governorate": "North" }, "geometry": { "type": "Point", "coordinates": [ 36.021422, 34.421433 ] } },
{ "type": "Feature", "properties": { "name_en": "Btermaz", "name_ar": "بطرماز", "place_type": "village", "unique_id": "CAS_LBN55033", "district": "El Minieh-Dennie", "governorate": "North" }, "geometry": { "type": "Point", "coordinates": [ 36.032617, 34.423069 ] } },
{ "type": "Feature", "properties": { "name_en": "Beit Haouik", "name_ar": "بيت حاويك", "place_type": "village", "unique_id": "CAS_LBN55020", "district": "El Minieh-Dennie", "governorate": "North" }, "geometry": { "type": "Point", "coordinates": [ 36.073238, 34.425016 ] } },
{ "type": "Feature", "properties": { "name_en": "Jairoun", "name_ar": "جيرون", "place_type": "village", "unique_id": "CAS_LBN55059", "district": "El Minieh-Dennie", "governorate": "North" }, "geometry": { "type": "Point", "coordinates": [ 36.106808, 34.43257 ] } },
{ "type": "Feature", "properties": { "name_en": "Debaal El Minieh", "name_ar": "دبعل المنيه", "place_type": "village", "unique_id": "CAS_LBN55036", "district": "El Minieh-Dennie", "governorate": "North" }, "geometry": { "type": "Point", "coordinates": [ 36.075069, 34.434239 ] } },
{ "type": "Feature", "properties": { "name_en": "Aassaimout", "name_ar": "عصيموت", "place_type": "village", "unique_id": "CAS_LBN55004", "district": "El Minieh-Dennie", "governorate": "North" }, "geometry": { "type": "Point", "coordinates": [ 36.093522, 34.437203 ] } },
{ "type": "Feature", "properties": { "name_en": "Qattine El Minieh", "name_ar": "القطين المنيه", "place_type": "village", "unique_id": "CAS_LBN55079", "district": "El Minieh-Dennie", "governorate": "North" }, "geometry": { "type": "Point", "coordinates": [ 36.0277, 34.391414 ] } },
{ "type": "Feature", "properties": { "name_en": "Qemmamine", "name_ar": "قمامين", "place_type": "village", "unique_id": "CAS_LBN55080", "district": "El Minieh-Dennie", "governorate": "North" }, "geometry": { "type": "Point", "coordinates": [ 36.138497, 34.421519 ] } },
{ "type": "Feature", "properties": { "name_en": "Qraine", "name_ar": "قرين", "place_type": "village", "unique_id": "CAS_LBN55081", "district": "El Minieh-Dennie", "governorate": "North" }, "geometry": { "type": "Point", "coordinates": [ 36.029486, 34.399353 ] } },
{ "type": "Feature", "properties": { "name_en": "Sertouka", "name_ar": "سرتوكا", "place_type": "village", "unique_id": "CAS_LBN55082", "district": "El Minieh-Dennie", "governorate": "North" }, "geometry": { "type": "Point", "coordinates": [ 36.021081, 34.392561 ] } },
{ "type": "Feature", "properties": { "name_en": "Sfire", "name_ar": "سفيرة", "place_type": "village", "unique_id": "CAS_LBN55052", "district": "El Minieh-Dennie", "governorate": "North" }, "geometry": { "type": "Point", "coordinates": [ 36.047139, 34.400278 ] } },
{ "type": "Feature", "properties": { "name_en": "Sir Ed Danniye", "name_ar": "سير الضنية", "place_type": "village", "unique_id": "CAS_LBN55083", "district": "El Minieh-Dennie", "governorate": "North" }, "geometry": { "type": "Point", "coordinates": [ 36.028358, 34.387044 ] } },
{ "type": "Feature", "properties": { "name_en": "Tarane", "name_ar": "طاران", "place_type": "village", "unique_id": "CAS_LBN55086", "district": "El Minieh-Dennie", "governorate": "North" }, "geometry": { "type": "Point", "coordinates": [ 36.02962, 34.406542 ] } },
{ "type": "Feature", "properties": { "name_en": "Nemrine", "name_ar": "نمرين", "place_type": "village", "unique_id": "OSM_node/6631242483", "district": "El Minieh-Dennie", "governorate": "North" }, "geometry": { "type": "Point", "coordinates": [ 36.0557129, 34.3790965 ] } },
{ "type": "Feature", "properties": { "name_en": "Kfar Chillane", "name_ar": "كفر شلان", "place_type": "village", "unique_id": "CAS_LBN55066", "district": "El Minieh-Dennie", "governorate": "North" }, "geometry": { "type": "Point", "coordinates": [ 35.985711, 34.426364 ] } },
{ "type": "Feature", "properties": { "name_en": "Maassarati", "name_ar": "معصراتي", "place_type": "village", "unique_id": "CAS_LBN55068", "district": "El Minieh-Dennie", "governorate": "North" }, "geometry": { "type": "Point", "coordinates": [ 35.993811, 34.407298 ] } },
{ "type": "Feature", "properties": { "name_en": "Moulid", "name_ar": "موليد", "place_type": "village", "unique_id": "CAS_LBN55071", "district": "El Minieh-Dennie", "governorate": "North" }, "geometry": { "type": "Point", "coordinates": [ 35.975116, 34.395025 ] } },
{ "type": "Feature", "properties": { "name_en": "Mrah Es Sreij", "name_ar": "مراح السريج", "place_type": "village", "unique_id": "CAS_LBN55073", "district": "El Minieh-Dennie", "governorate": "North" }, "geometry": { "type": "Point", "coordinates": [ 35.994117, 34.420825 ] } },
{ "type": "Feature", "properties": { "name_en": "Ouatiye", "name_ar": "واطيه", "place_type": "village", "unique_id": "CAS_LBN55046", "district": "El Minieh-Dennie", "governorate": "North" }, "geometry": { "type": "Point", "coordinates": [ 36.006478, 34.432395 ] } },
{ "type": "Feature", "properties": { "name_en": "Beit Bakkour", "name_ar": "بيت بكور", "place_type": "village", "unique_id": "CAS_LBN55017", "district": "El Minieh-Dennie", "governorate": "North" }, "geometry": { "type": "Point", "coordinates": [ 35.957852, 34.396318 ] } },
{ "type": "Feature", "properties": { "name_en": "Kfar Habou", "name_ar": "كفر حبو", "place_type": "village", "unique_id": "CAS_LBN55067", "district": "El Minieh-Dennie", "governorate": "North" }, "geometry": { "type": "Point", "coordinates": [ 35.958364, 34.414564 ] } },
{ "type": "Feature", "properties": { "name_en": "Azqey", "name_ar": "عزقي", "place_type": "village", "unique_id": "CAS_LBN55006", "district": "El Minieh-Dennie", "governorate": "North" }, "geometry": { "type": "Point", "coordinates": [ 35.98165, 34.432403 ] } },
{ "type": "Feature", "properties": { "name_en": "Beit Zoud", "name_ar": "بيت زود", "place_type": "village", "unique_id": "CAS_LBN55026", "district": "El Minieh-Dennie", "governorate": "North" }, "geometry": { "type": "Point", "coordinates": [ 35.985886, 34.399839 ] } },
{ "type": "Feature", "properties": { "name_en": "Beit Kanj", "name_ar": "بيت كنج", "place_type": "village", "unique_id": "CAS_LBN55023", "district": "El Minieh-Dennie", "governorate": "North" }, "geometry": { "type": "Point", "coordinates": [ 35.990214, 34.408636 ] } },
{ "type": "Feature", "properties": { "name_en": "Bechtayel", "name_ar": "بشتايل", "place_type": "village", "unique_id": "CAS_LBN55016", "district": "El Minieh-Dennie", "governorate": "North" }, "geometry": { "type": "Point", "coordinates": [ 35.990989, 34.405511 ] } },
{ "type": "Feature", "properties": { "name_en": "Deir Nbouh", "name_ar": "دير نبوح", "place_type": "village", "unique_id": "CAS_LBN55038", "district": "El Minieh-Dennie", "governorate": "North" }, "geometry": { "type": "Point", "coordinates": [ 35.928858, 34.373136 ] } },
{ "type": "Feature", "properties": { "name_en": "Bechhara", "name_ar": "بشحارة", "place_type": "village", "unique_id": "CAS_LBN55014", "district": "El Minieh-Dennie", "governorate": "North" }, "geometry": { "type": "Point", "coordinates": [ 35.934278, 34.360608 ] } },
{ "type": "Feature", "properties": { "name_en": "Jarjour", "name_ar": "جرجور", "place_type": "village", "unique_id": "CAS_LBN55060", "district": "El Minieh-Dennie", "governorate": "North" }, "geometry": { "type": "Point", "coordinates": [ 35.938702, 34.351463 ] } },
{ "type": "Feature", "properties": { "name_en": "Baazqoun", "name_ar": "بعزقون", "place_type": "village", "unique_id": "CAS_LBN55010", "district": "El Minieh-Dennie", "governorate": "North" }, "geometry": { "type": "Point", "coordinates": [ 35.946056, 34.381083 ] } },
{ "type": "Feature", "properties": { "name_en": "Zghartighrine", "name_ar": "زغرتغرين", "place_type": "village", "unique_id": "CAS_LBN55087", "district": "El Minieh-Dennie", "governorate": "North" }, "geometry": { "type": "Point", "coordinates": [ 35.952503, 34.359478 ] } },
{ "type": "Feature", "properties": { "name_en": "Kahf El - Malloul", "name_ar": "كفَ الملول", "place_type": "village", "unique_id": "CAS_LBN55061", "district": "El Minieh-Dennie", "governorate": "North" }, "geometry": { "type": "Point", "coordinates": [ 35.954403, 34.348414 ] } },
{ "type": "Feature", "properties": { "name_en": "Amar", "name_ar": "عيمر", "place_type": "village", "unique_id": "CAS_LBN55002", "district": "El Minieh-Dennie", "governorate": "North" }, "geometry": { "type": "Point", "coordinates": [ 35.967075, 34.349433 ] } },
{ "type": "Feature", "properties": { "name_en": "Behouaita", "name_ar": "بحويتا", "place_type": "village", "unique_id": "CAS_LBN55011", "district": "El Minieh-Dennie", "governorate": "North" }, "geometry": { "type": "Point", "coordinates": [ 35.967733, 34.337061 ] } },
{ "type": "Feature", "properties": { "name_en": "Mgharet ech Cheikh", "name_ar": "مغارة الشيخ", "place_type": "village", "unique_id": "CAS_LBN55070", "district": "El Minieh-Dennie", "governorate": "North" }, "geometry": { "type": "Point", "coordinates": [ 35.975252, 34.346015 ] } },
{ "type": "Feature", "properties": { "name_en": "Izal", "name_ar": "إيزال", "place_type": "village", "unique_id": "CAS_LBN55058", "district": "El Minieh-Dennie", "governorate": "North" }, "geometry": { "type": "Point", "coordinates": [ 35.982314, 34.380656 ] } },
{ "type": "Feature", "properties": { "name_en": "Karm El - Mohr", "name_ar": "كرم المهر", "place_type": "village", "unique_id": "CAS_LBN55062", "district": "El Minieh-Dennie", "governorate": "North" }, "geometry": { "type": "Point", "coordinates": [ 35.984575, 34.36525 ] } },
{ "type": "Feature", "properties": { "name_en": "Bchennata", "name_ar": "بشناتا", "place_type": "village", "unique_id": "CAS_LBN55015", "district": "El Minieh-Dennie", "governorate": "North" }, "geometry": { "type": "Point", "coordinates": [ 35.986364, 34.343858 ] } },
{ "type": "Feature", "properties": { "name_en": "Ech Chalout", "name_ar": "شالوط", "place_type": "village", "unique_id": "CAS_LBN55039", "district": "El Minieh-Dennie", "governorate": "North" }, "geometry": { "type": "Point", "coordinates": [ 35.988774, 34.360653 ] } },
{ "type": "Feature", "properties": { "name_en": "Draira", "name_ar": "ضريرة", "place_type": "village", "unique_id": "OSM_node/6480506742", "district": "El Minieh-Dennie", "governorate": "North" }, "geometry": { "type": "Point", "coordinates": [ 35.994299899999987, 34.360235900000021 ] } },
{ "type": "Feature", "properties": { "name_en": "MAZRAAT KETRANE", "name_ar": "مزرعة كتران", "place_type": "village", "unique_id": "CAS_LBN55064", "district": "El Minieh-Dennie", "governorate": "North" }, "geometry": { "type": "Point", "coordinates": [ 36.001776, 34.383751 ] } },
{ "type": "Feature", "properties": { "name_en": "Dairaiya", "name_ar": "داريا المنيه", "place_type": "village", "unique_id": "CAS_LBN55035", "district": "El Minieh-Dennie", "governorate": "North" }, "geometry": { "type": "Point", "coordinates": [ 36.003527, 34.362856 ] } },
{ "type": "Feature", "properties": { "name_en": "Aassoun", "name_ar": "عاصون", "place_type": "village", "unique_id": "CAS_LBN55005", "district": "El Minieh-Dennie", "governorate": "North" }, "geometry": { "type": "Point", "coordinates": [ 36.009039, 34.385605 ] } },
{ "type": "Feature", "properties": { "name_en": "Souaqi", "name_ar": "السواقي", "place_type": "village", "unique_id": "CAS_LBN55084", "district": "El Minieh-Dennie", "governorate": "North" }, "geometry": { "type": "Point", "coordinates": [ 36.009314, 34.329789 ] } },
{ "type": "Feature", "properties": { "name_en": "Ain es Safsaf", "name_ar": "عين الصفصاف", "place_type": "village", "unique_id": "CAS_LBN55008", "district": "El Minieh-Dennie", "governorate": "North" }, "geometry": { "type": "Point", "coordinates": [ 36.012045, 34.350039 ] } },
{ "type": "Feature", "properties": { "name_en": "Wadi en Njass", "name_ar": "وادي النجاص", "place_type": "village", "unique_id": "CAS_LBN55076", "district": "El Minieh-Dennie", "governorate": "North" }, "geometry": { "type": "Point", "coordinates": [ 36.040192, 34.357022 ] } },
{ "type": "Feature", "properties": { "name_en": "Terbol El Minieh", "name_ar": "تربل المنيه", "place_type": "village", "unique_id": "CAS_LBN55085", "district": "El Minieh-Dennie", "governorate": "North" }, "geometry": { "type": "Point", "coordinates": [ 35.941622, 34.44575 ] } },
{ "type": "Feature", "properties": { "name_en": "Trablous Zeitoun", "name_ar": "طرابلس الزيتون", "place_type": "village", "unique_id": "CAS_LBN56015", "district": "Tripoli", "governorate": "North" }, "geometry": { "type": "Point", "coordinates": [ 35.847089, 34.429274 ] } },
{ "type": "Feature", "properties": { "name_en": "Tripoli", "name_ar": "طرابلس", "place_type": "city", "unique_id": "CAS_LBN56016", "district": "Tripoli", "governorate": "North" }, "geometry": { "type": "Point", "coordinates": [ 35.852631, 34.430119 ] } },
{ "type": "Feature", "properties": { "name_en": "Souayqa", "name_ar": "السويقة", "place_type": "village", "unique_id": "CAS_LBN56028", "district": "Tripoli", "governorate": "North" }, "geometry": { "type": "Point", "coordinates": [ 35.8462, 34.4335 ] } },
{ "type": "Feature", "properties": { "name_en": "Jessrine", "name_ar": "جسرين", "place_type": "village", "unique_id": "CAS_LBN56006", "district": "Tripoli", "governorate": "North" }, "geometry": { "type": "Point", "coordinates": [ 35.846175, 34.433517 ] } },
{ "type": "Feature", "properties": { "name_en": "Mhatreh", "name_ar": "المهاترة", "place_type": "village", "unique_id": "CAS_LBN56007", "district": "Tripoli", "governorate": "North" }, "geometry": { "type": "Point", "coordinates": [ 35.84353, 34.434169 ] } },
{ "type": "Feature", "properties": { "name_en": "Hadid", "name_ar": "الحديد", "place_type": "village", "unique_id": "CAS_LBN56004", "district": "Tripoli", "governorate": "North" }, "geometry": { "type": "Point", "coordinates": [ 35.844919, 34.435894 ] } },
{ "type": "Feature", "properties": { "name_en": "Noury", "name_ar": "النوري", "place_type": "village", "unique_id": "CAS_LBN56009", "district": "Tripoli", "governorate": "North" }, "geometry": { "type": "Point", "coordinates": [ 35.840258, 34.436011 ] } },
{ "type": "Feature", "properties": { "name_en": "Rammanet", "name_ar": "الرمانة", "place_type": "village", "unique_id": "CAS_LBN56011", "district": "Tripoli", "governorate": "North" }, "geometry": { "type": "Point", "coordinates": [ 35.842433, 34.436189 ] } },
{ "type": "Feature", "properties": { "name_en": "Qoubbe", "name_ar": "القبة", "place_type": "village", "unique_id": "CAS_LBN56010", "district": "Tripoli", "governorate": "North" }, "geometry": { "type": "Point", "coordinates": [ 35.850097, 34.437361 ] } },
{ "type": "Feature", "properties": { "name_en": "Tal", "name_ar": "التل", "place_type": "village", "unique_id": "CAS_LBN56013", "district": "Tripoli", "governorate": "North" }, "geometry": { "type": "Point", "coordinates": [ 35.836844, 34.437725 ] } },
{ "type": "Feature", "properties": { "name_en": "Zahrieh", "name_ar": "الزاهرية", "place_type": "village", "unique_id": "CAS_LBN56017", "district": "Tripoli", "governorate": "North" }, "geometry": { "type": "Point", "coordinates": [ 35.842781, 34.438489 ] } },
{ "type": "Feature", "properties": { "name_en": "Mankoubin", "name_ar": "منكوبين", "place_type": "village", "unique_id": "CAS_LBN56025", "district": "Tripoli", "governorate": "North" }, "geometry": { "type": "Point", "coordinates": [ 35.848, 34.439 ] } },
{ "type": "Feature", "properties": { "name_en": "Tabbaneh", "name_ar": "التبانة", "place_type": "village", "unique_id": "CAS_LBN56012", "district": "Tripoli", "governorate": "North" }, "geometry": { "type": "Point", "coordinates": [ 35.846811, 34.439561 ] } },
{ "type": "Feature", "properties": { "name_en": "Ed Debbagha", "name_ar": "الدباغة", "place_type": "village", "unique_id": "CAS_LBN56001", "district": "Tripoli", "governorate": "North" }, "geometry": { "type": "Point", "coordinates": [ 35.848592, 34.440421 ] } },
{ "type": "Feature", "properties": { "name_en": "Trablous Jardins", "name_ar": "بساتين طرابلس", "place_type": "village", "unique_id": "CAS_LBN56014", "district": "Tripoli", "governorate": "North" }, "geometry": { "type": "Point", "coordinates": [ 35.836719, 34.444592 ] } },
{ "type": "Feature", "properties": { "name_en": "El Maloula", "name_ar": "الملولة", "place_type": "village", "unique_id": "CAS_LBN56024", "district": "Tripoli", "governorate": "North" }, "geometry": { "type": "Point", "coordinates": [ 35.851421, 34.444832 ] } },
{ "type": "Feature", "properties": { "name_en": "Qalamoun", "name_ar": "القلمون", "place_type": "village", "unique_id": "CAS_LBN56003", "district": "Tripoli", "governorate": "North" }, "geometry": { "type": "Point", "coordinates": [ 35.785906, 34.388431 ] } },
{ "type": "Feature", "properties": { "name_en": "Bahsas", "name_ar": "البحصاص", "place_type": "village", "unique_id": "CAS_LBN56020", "district": "Tripoli", "governorate": "North" }, "geometry": { "type": "Point", "coordinates": [ 35.830437, 34.420646 ] } },
{ "type": "Feature", "properties": { "name_en": "Shok", "name_ar": "شق", "place_type": "village", "unique_id": "CAS_LBN56027", "district": "Tripoli", "governorate": "North" }, "geometry": { "type": "Point", "coordinates": [ 35.8422, 34.4259 ] } },
{ "type": "Feature", "properties": { "name_en": "Abou Samra", "name_ar": "ابو سمرا", "place_type": "village", "unique_id": "CAS_LBN56018", "district": "Tripoli", "governorate": "North" }, "geometry": { "type": "Point", "coordinates": [ 35.842192, 34.426014 ] } },
{ "type": "Feature", "properties": { "name_en": "Hdadine", "name_ar": "الحدادين", "place_type": "village", "unique_id": "CAS_LBN56005", "district": "Tripoli", "governorate": "North" }, "geometry": { "type": "Point", "coordinates": [ 35.839558, 34.431653 ] } },
{ "type": "Feature", "properties": { "name_en": "Bab Al Ramel", "name_ar": "باب الرمل", "place_type": "village", "unique_id": "CAS_LBN56019", "district": "Tripoli", "governorate": "North" }, "geometry": { "type": "Point", "coordinates": [ 35.837778, 34.432222 ] } },
{ "type": "Feature", "properties": { "name_en": "Dam Wal Farz", "name_ar": "الضم و الفرز", "place_type": "village", "unique_id": "CAS_LBN56021", "district": "Tripoli", "governorate": "North" }, "geometry": { "type": "Point", "coordinates": [ 35.8308, 34.4381 ] } },
{ "type": "Feature", "properties": { "name_en": "Mina Jardin", "name_ar": "بساتين المينا", "place_type": "village", "unique_id": "CAS_LBN56008", "district": "Tripoli", "governorate": "North" }, "geometry": { "type": "Point", "coordinates": [ 35.821986, 34.441903 ] } },
{ "type": "Feature", "properties": { "name_en": "MINA 1", "name_ar": "مينا طرابلس 1", "place_type": "village", "unique_id": "CAS_LBN56030", "district": "Tripoli", "governorate": "North" }, "geometry": { "type": "Point", "coordinates": [ 35.815758, 34.44966 ] } },
{ "type": "Feature", "properties": { "name_en": "MINA 2", "name_ar": "مينا طرابلس 2", "place_type": "village", "unique_id": "CAS_LBN56031", "district": "Tripoli", "governorate": "North" }, "geometry": { "type": "Point", "coordinates": [ 35.812278, 34.44969 ] } },
{ "type": "Feature", "properties": { "name_en": "El Mina", "name_ar": "المينا", "place_type": "village", "unique_id": "CAS_LBN56002", "district": "Tripoli", "governorate": "North" }, "geometry": { "type": "Point", "coordinates": [ 35.811086, 34.454478 ] } },
{ "type": "Feature", "properties": { "name_en": "Hraykess", "name_ar": "حريقص", "place_type": "village", "unique_id": "CAS_LBN57045", "district": "Zgharta", "governorate": "North" }, "geometry": { "type": "Point", "coordinates": [ 35.927086, 34.454597 ] } },
{ "type": "Feature", "properties": { "name_en": "Kafraiya zgharta", "name_ar": "كفريا زغرتا", "place_type": "village", "unique_id": "CAS_LBN57049", "district": "Zgharta", "governorate": "North" }, "geometry": { "type": "Point", "coordinates": [ 35.959375, 34.447006 ] } },
{ "type": "Feature", "properties": { "name_en": "Mazraat Hraqs", "name_ar": "مزرعة حريقص", "place_type": "village", "unique_id": "CAS_LBN57082", "district": "Zgharta", "governorate": "North" }, "geometry": { "type": "Point", "coordinates": [ 35.9302, 34.4533 ] } },
{ "type": "Feature", "properties": { "name_en": "Kfar Sghab", "name_ar": "كفر صغاب", "place_type": "village", "unique_id": "CAS_LBN57074", "district": "Zgharta", "governorate": "North" }, "geometry": { "type": "Point", "coordinates": [ 35.961239, 34.279378 ] } },
{ "type": "Feature", "properties": { "name_en": "Ain Tourine", "name_ar": "عينطورين", "place_type": "village", "unique_id": "CAS_LBN57007", "district": "Zgharta", "governorate": "North" }, "geometry": { "type": "Point", "coordinates": [ 35.956208, 34.285389 ] } },
{ "type": "Feature", "properties": { "name_en": "Ehden", "name_ar": "اهدن", "place_type": "village", "unique_id": "CAS_LBN57027", "district": "Zgharta", "governorate": "North" }, "geometry": { "type": "Point", "coordinates": [ 35.967058, 34.291122 ] } },
{ "type": "Feature", "properties": { "name_en": "Baslouqit", "name_ar": "بسلوقيت", "place_type": "village", "unique_id": "CAS_LBN57013", "district": "Zgharta", "governorate": "North" }, "geometry": { "type": "Point", "coordinates": [ 35.965878, 34.3078 ] } },
{ "type": "Feature", "properties": { "name_en": "Toula zgharta", "name_ar": "تولا زغرتا", "place_type": "village", "unique_id": "CAS_LBN57076", "district": "Zgharta", "governorate": "North" }, "geometry": { "type": "Point", "coordinates": [ 35.9621, 34.317364 ] } },
{ "type": "Feature", "properties": { "name_en": "Aslout", "name_ar": "اسلوت", "place_type": "village", "unique_id": "CAS_LBN57011", "district": "Zgharta", "governorate": "North" }, "geometry": { "type": "Point", "coordinates": [ 35.961019, 34.324661 ] } },
{ "type": "Feature", "properties": { "name_en": "Bouhairet Toula", "name_ar": "بحيرة تولا", "place_type": "village", "unique_id": "CAS_LBN57078", "district": "Zgharta", "governorate": "North" }, "geometry": { "type": "Point", "coordinates": [ 35.9703, 34.3243 ] } },
{ "type": "Feature", "properties": { "name_en": "Kfar Yachit", "name_ar": "كفر ياشيت", "place_type": "village", "unique_id": "CAS_LBN57059", "district": "Zgharta", "governorate": "North" }, "geometry": { "type": "Point", "coordinates": [ 35.894772, 34.347311 ] } },
{ "type": "Feature", "properties": { "name_en": "Bchannine", "name_ar": "بشنين", "place_type": "village", "unique_id": "CAS_LBN57016", "district": "Zgharta", "governorate": "North" }, "geometry": { "type": "Point", "coordinates": [ 35.857803, 34.348014 ] } },
{ "type": "Feature", "properties": { "name_en": "Bsebaal", "name_ar": "بسبعل", "place_type": "village", "unique_id": "CAS_LBN57025", "district": "Zgharta", "governorate": "North" }, "geometry": { "type": "Point", "coordinates": [ 35.875292, 34.354331 ] } },
{ "type": "Feature", "properties": { "name_en": "Jdeide zgharta", "name_ar": "الجديدة زغرتا", "place_type": "village", "unique_id": "CAS_LBN57046", "district": "Zgharta", "governorate": "North" }, "geometry": { "type": "Point", "coordinates": [ 35.888906, 34.360058 ] } },
{ "type": "Feature", "properties": { "name_en": "Sakhra", "name_ar": "صخرة", "place_type": "village", "unique_id": "CAS_LBN57085", "district": "Zgharta", "governorate": "North" }, "geometry": { "type": "Point", "coordinates": [ 35.921, 34.3601 ] } },
{ "type": "Feature", "properties": { "name_en": "Qareit Sakhra", "name_ar": "قرعية صخرا", "place_type": "village", "unique_id": "CAS_LBN57068", "district": "Zgharta", "governorate": "North" }, "geometry": { "type": "Point", "coordinates": [ 35.919114, 34.3604 ] } },
{ "type": "Feature", "properties": { "name_en": "IAAL", "name_ar": "إيعال", "place_type": "village", "unique_id": "CAS_LBN57060", "district": "Zgharta", "governorate": "North" }, "geometry": { "type": "Point", "coordinates": [ 35.910314, 34.361867 ] } },
{ "type": "Feature", "properties": { "name_en": "Kfar Chakhna", "name_ar": "كفر شخنا", "place_type": "village", "unique_id": "CAS_LBN57053", "district": "Zgharta", "governorate": "North" }, "geometry": { "type": "Point", "coordinates": [ 35.862961, 34.364453 ] } },
{ "type": "Feature", "properties": { "name_en": "Kafar Zeina", "name_ar": "كفر زينا", "place_type": "village", "unique_id": "CAS_LBN57048", "district": "Zgharta", "governorate": "North" }, "geometry": { "type": "Point", "coordinates": [ 35.87895, 34.367111 ] } },
{ "type": "Feature", "properties": { "name_en": "El Khaldiye", "name_ar": "خالدية", "place_type": "village", "unique_id": "CAS_LBN57031", "district": "Zgharta", "governorate": "North" }, "geometry": { "type": "Point", "coordinates": [ 35.908522, 34.369817 ] } },
{ "type": "Feature", "properties": { "name_en": "Kfar Haoura", "name_ar": "كفر حورا", "place_type": "village", "unique_id": "CAS_LBN57057", "district": "Zgharta", "governorate": "North" }, "geometry": { "type": "Point", "coordinates": [ 35.867867, 34.374194 ] } },
{ "type": "Feature", "properties": { "name_en": "Mazraat Jnaid", "name_ar": "مزرعة جنيد", "place_type": "village", "unique_id": "CAS_LBN57063", "district": "Zgharta", "governorate": "North" }, "geometry": { "type": "Point", "coordinates": [ 35.891246, 34.37507 ] } },
{ "type": "Feature", "properties": { "name_en": "Hariq Zgharta", "name_ar": "حريق زغرتا", "place_type": "village", "unique_id": "CAS_LBN57080", "district": "Zgharta", "governorate": "North" }, "geometry": { "type": "Point", "coordinates": [ 35.9166, 34.3806 ] } },
{ "type": "Feature", "properties": { "name_en": "El Hariq", "name_ar": "حريق", "place_type": "village", "unique_id": "CAS_LBN57029", "district": "Zgharta", "governorate": "North" }, "geometry": { "type": "Point", "coordinates": [ 35.91483, 34.38081 ] } },
{ "type": "Feature", "properties": { "name_en": "Kfar Hata", "name_ar": "كفر حاتا", "place_type": "village", "unique_id": "CAS_LBN57056", "district": "Zgharta", "governorate": "North" }, "geometry": { "type": "Point", "coordinates": [ 35.898208, 34.382683 ] } },
{ "type": "Feature", "properties": { "name_en": "Qarah Bach", "name_ar": "قره باش", "place_type": "village", "unique_id": "CAS_LBN57050", "district": "Zgharta", "governorate": "North" }, "geometry": { "type": "Point", "coordinates": [ 35.893322, 34.384147 ] } },
{ "type": "Feature", "properties": { "name_en": "Mazraat Ejbeh", "name_ar": "مزرعة إجبع", "place_type": "village", "unique_id": "CAS_LBN57081", "district": "Zgharta", "governorate": "North" }, "geometry": { "type": "Point", "coordinates": [ 35.880905, 34.38426 ] } },
{ "type": "Feature", "properties": { "name_en": "Asnoun", "name_ar": "اصنون", "place_type": "village", "unique_id": "CAS_LBN57012", "district": "Zgharta", "governorate": "North" }, "geometry": { "type": "Point", "coordinates": [ 35.886994, 34.387105 ] } },
{ "type": "Feature", "properties": { "name_en": "Et Talle", "name_ar": "تلة زغرتا", "place_type": "village", "unique_id": "CAS_LBN57034", "district": "Zgharta", "governorate": "North" }, "geometry": { "type": "Point", "coordinates": [ 35.876339, 34.392178 ] } },
{ "type": "Feature", "properties": { "name_en": "Bayader Rachaaine", "name_ar": "بيادر رشعين", "place_type": "village", "unique_id": "CAS_LBN57014", "district": "Zgharta", "governorate": "North" }, "geometry": { "type": "Point", "coordinates": [ 35.91908, 34.392225 ] } },
{ "type": "Feature", "properties": { "name_en": "Harsoun Ej Jdide", "name_ar": "حصرون الجديدة", "place_type": "village", "unique_id": "CAS_LBN57042", "district": "Zgharta", "governorate": "North" }, "geometry": { "type": "Point", "coordinates": [ 35.872042, 34.392519 ] } },
{ "type": "Feature", "properties": { "name_en": "Kfar Dlaqous", "name_ar": "كفردلاقوس", "place_type": "village", "unique_id": "CAS_LBN57054", "district": "Zgharta", "governorate": "North" }, "geometry": { "type": "Point", "coordinates": [ 35.904553, 34.393411 ] } },
{ "type": "Feature", "properties": { "name_en": "Mazraat Jnaid", "name_ar": "مزرعة جنيد", "place_type": "village", "unique_id": "OSM_node/7762894955", "district": "Zgharta", "governorate": "North" }, "geometry": { "type": "Point", "coordinates": [ 35.9010184, 34.37418839999998 ] } },
{ "type": "Feature", "properties": { "name_en": "Jdaideh", "name_ar": "جديدة", "place_type": "village", "unique_id": "OSM_node/7949061471", "district": "Zgharta", "governorate": "North" }, "geometry": { "type": "Point", "coordinates": [ 35.8981976, 34.365482400000019 ] } },
{ "type": "Feature", "properties": { "name_en": "Hilane zgharta", "name_ar": "حيلان زغرتا", "place_type": "village", "unique_id": "CAS_LBN57043", "district": "Zgharta", "governorate": "North" }, "geometry": { "type": "Point", "coordinates": [ 35.959333, 34.428639 ] } },
{ "type": "Feature", "properties": { "name_en": "El Houakir", "name_ar": "حواكير", "place_type": "village", "unique_id": "CAS_LBN57030", "district": "Zgharta", "governorate": "North" }, "geometry": { "type": "Point", "coordinates": [ 35.93031, 34.366313 ] } },
{ "type": "Feature", "properties": { "name_en": "Haouqa Et En Naher", "name_ar": "حوقا النهر", "place_type": "village", "unique_id": "CAS_LBN57036", "district": "Zgharta", "governorate": "North" }, "geometry": { "type": "Point", "coordinates": [ 35.941511, 34.272133 ] } },
{ "type": "Feature", "properties": { "name_en": "Fradis", "name_ar": "الفراديس", "place_type": "village", "unique_id": "CAS_LBN57035", "district": "Zgharta", "governorate": "North" }, "geometry": { "type": "Point", "coordinates": [ 35.932211, 34.277536 ] } },
{ "type": "Feature", "properties": { "name_en": "Mazret al Nahr", "name_ar": "مزرعة النهر", "place_type": "village", "unique_id": "CAS_LBN57065", "district": "Zgharta", "governorate": "North" }, "geometry": { "type": "Point", "coordinates": [ 35.921511, 34.284417 ] } },
{ "type": "Feature", "properties": { "name_en": "Seraal", "name_ar": "سرعيل", "place_type": "village", "unique_id": "CAS_LBN57075", "district": "Zgharta", "governorate": "North" }, "geometry": { "type": "Point", "coordinates": [ 35.910631, 34.289914 ] } },
{ "type": "Feature", "properties": { "name_en": "Aarbet Qozhaiya", "name_ar": "عربة قزحيا", "place_type": "village", "unique_id": "CAS_LBN57004", "district": "Zgharta", "governorate": "North" }, "geometry": { "type": "Point", "coordinates": [ 35.925083, 34.294822 ] } },
{ "type": "Feature", "properties": { "name_en": "Karbribe", "name_ar": "كربريب", "place_type": "village", "unique_id": "CAS_LBN57051", "district": "Zgharta", "governorate": "North" }, "geometry": { "type": "Point", "coordinates": [ 35.877953, 34.296986 ] } },
{ "type": "Feature", "properties": { "name_en": "Mar Semaane", "name_ar": "مار سمعان", "place_type": "village", "unique_id": "CAS_LBN57062", "district": "Zgharta", "governorate": "North" }, "geometry": { "type": "Point", "coordinates": [ 35.918494, 34.298122 ] } },
{ "type": "Feature", "properties": { "name_en": "Karm Sadde", "name_ar": "كرم سده", "place_type": "village", "unique_id": "CAS_LBN57052", "district": "Zgharta", "governorate": "North" }, "geometry": { "type": "Point", "coordinates": [ 35.890283, 34.304761 ] } },
{ "type": "Feature", "properties": { "name_en": "Ejbeaa", "name_ar": "اجبع", "place_type": "village", "unique_id": "CAS_LBN57028", "district": "Zgharta", "governorate": "North" }, "geometry": { "type": "Point", "coordinates": [ 35.942964, 34.308311 ] } },
{ "type": "Feature", "properties": { "name_en": "Aitou", "name_ar": "أيطو", "place_type": "village", "unique_id": "CAS_LBN57008", "district": "Zgharta", "governorate": "North" }, "geometry": { "type": "Point", "coordinates": [ 35.918831, 34.308414 ] } },
{ "type": "Feature", "properties": { "name_en": "Raskifa", "name_ar": "راس كيفا", "place_type": "village", "unique_id": "CAS_LBN57070", "district": "Zgharta", "governorate": "North" }, "geometry": { "type": "Point", "coordinates": [ 35.866625, 34.308806 ] } },
{ "type": "Feature", "properties": { "name_en": "Sebaal", "name_ar": "سبعل زغرتا", "place_type": "village", "unique_id": "CAS_LBN57073", "district": "Zgharta", "governorate": "North" }, "geometry": { "type": "Point", "coordinates": [ 35.906945, 34.314515 ] } },
{ "type": "Feature", "properties": { "name_en": "Aaqbet Sibaal", "name_ar": "عقبة سبعل", "place_type": "village", "unique_id": "CAS_LBN57003", "district": "Zgharta", "governorate": "North" }, "geometry": { "type": "Point", "coordinates": [ 35.918298, 34.317009 ] } },
{ "type": "Feature", "properties": { "name_en": "Kfar Fou", "name_ar": "كفر فو", "place_type": "village", "unique_id": "CAS_LBN57055", "district": "Zgharta", "governorate": "North" }, "geometry": { "type": "Point", "coordinates": [ 35.879342, 34.317133 ] } },
{ "type": "Feature", "properties": { "name_en": "Mazraat Et Toufah", "name_ar": "مزرعة التفاح", "place_type": "village", "unique_id": "CAS_LBN57064", "district": "Zgharta", "governorate": "North" }, "geometry": { "type": "Point", "coordinates": [ 35.948622, 34.322778 ] } },
{ "type": "Feature", "properties": { "name_en": "Hmais zgharta", "name_ar": "حميص", "place_type": "village", "unique_id": "CAS_LBN57044", "district": "Zgharta", "governorate": "North" }, "geometry": { "type": "Point", "coordinates": [ 35.932433, 34.328161 ] } },
{ "type": "Feature", "properties": { "name_en": "Darayia", "name_ar": "داريا", "place_type": "village", "unique_id": "CAS_LBN57026", "district": "Zgharta", "governorate": "North" }, "geometry": { "type": "Point", "coordinates": [ 35.868387, 34.328825 ] } },
{ "type": "Feature", "properties": { "name_en": "Hmaiss", "name_ar": "حميص", "place_type": "village", "unique_id": "OSM_node/6434608490", "district": "Zgharta", "governorate": "North" }, "geometry": { "type": "Point", "coordinates": [ 35.935067600000025, 34.329940500000021 ] } },
{ "type": "Feature", "properties": { "name_en": "Aarjess", "name_ar": "عرجس", "place_type": "village", "unique_id": "CAS_LBN57006", "district": "Zgharta", "governorate": "North" }, "geometry": { "type": "Point", "coordinates": [ 35.882852, 34.331194 ] } },
{ "type": "Feature", "properties": { "name_en": "Bnechaai", "name_ar": "بنشعي", "place_type": "village", "unique_id": "CAS_LBN57023", "district": "Zgharta", "governorate": "North" }, "geometry": { "type": "Point", "coordinates": [ 35.894092, 34.331547 ] } },
{ "type": "Feature", "properties": { "name_en": "Miziara", "name_ar": "مزيارة", "place_type": "village", "unique_id": "CAS_LBN57067", "district": "Zgharta", "governorate": "North" }, "geometry": { "type": "Point", "coordinates": [ 35.928903, 34.332447 ] } },
{ "type": "Feature", "properties": { "name_en": "Harf Miziara", "name_ar": "حرف - مزيارة", "place_type": "village", "unique_id": "OSM_node/6434606390", "district": "Zgharta", "governorate": "North" }, "geometry": { "type": "Point", "coordinates": [ 35.9423266, 34.33291 ] } },
{ "type": "Feature", "properties": { "name_en": "Kfar Sghab", "name_ar": "كفرصغاب", "place_type": "village", "unique_id": "CAS_LBN57058", "district": "Zgharta", "governorate": "North" }, "geometry": { "type": "Point", "coordinates": [ 35.902103, 34.338281 ] } },
{ "type": "Feature", "properties": { "name_en": "Zgharta", "name_ar": "زغرتا", "place_type": "village", "unique_id": "CAS_LBN57077", "district": "Zgharta", "governorate": "North" }, "geometry": { "type": "Point", "coordinates": [ 35.895811, 34.396661 ] } },
{ "type": "Feature", "properties": { "name_en": "Rachaaine", "name_ar": "رشعين", "place_type": "village", "unique_id": "CAS_LBN57069", "district": "Zgharta", "governorate": "North" }, "geometry": { "type": "Point", "coordinates": [ 35.919775, 34.397153 ] } },
{ "type": "Feature", "properties": { "name_en": "Danha", "name_ar": "دنها", "place_type": "village", "unique_id": "CAS_LBN57079", "district": "Zgharta", "governorate": "North" }, "geometry": { "type": "Point", "coordinates": [ 35.9397, 34.3981 ] } },
{ "type": "Feature", "properties": { "name_en": "Beit el Hraqsa", "name_ar": "بيت الحرقصى", "place_type": "village", "unique_id": "CAS_LBN57020", "district": "Zgharta", "governorate": "North" }, "geometry": { "type": "Point", "coordinates": [ 35.935074, 34.398136 ] } },
{ "type": "Feature", "properties": { "name_en": "Sahl Danha", "name_ar": "سهل دنها", "place_type": "village", "unique_id": "CAS_LBN57071", "district": "Zgharta", "governorate": "North" }, "geometry": { "type": "Point", "coordinates": [ 35.93992, 34.40061 ] } },
{ "type": "Feature", "properties": { "name_en": "Harfe Arde", "name_ar": "حرف أرده", "place_type": "village", "unique_id": "CAS_LBN57041", "district": "Zgharta", "governorate": "North" }, "geometry": { "type": "Point", "coordinates": [ 35.908279, 34.402096 ] } },
{ "type": "Feature", "properties": { "name_en": "Kaabouch", "name_ar": "كبوش", "place_type": "village", "unique_id": "CAS_LBN57047", "district": "Zgharta", "governorate": "North" }, "geometry": { "type": "Point", "coordinates": [ 35.925645, 34.403727 ] } },
{ "type": "Feature", "properties": { "name_en": "Aardat", "name_ar": "عردات", "place_type": "village", "unique_id": "CAS_LBN57005", "district": "Zgharta", "governorate": "North" }, "geometry": { "type": "Point", "coordinates": [ 35.882836, 34.407356 ] } },
{ "type": "Feature", "properties": { "name_en": "Sanaallah", "name_ar": "صنع الله", "place_type": "village", "unique_id": "CAS_LBN57072", "district": "Zgharta", "governorate": "North" }, "geometry": { "type": "Point", "coordinates": [ 35.930361, 34.407484 ] } },
{ "type": "Feature", "properties": { "name_en": "Arde", "name_ar": "أرده", "place_type": "village", "unique_id": "CAS_LBN57010", "district": "Zgharta", "governorate": "North" }, "geometry": { "type": "Point", "coordinates": [ 35.913631, 34.408119 ] } },
{ "type": "Feature", "properties": { "name_en": "Aachach", "name_ar": "عشاش", "place_type": "village", "unique_id": "CAS_LBN57001", "district": "Zgharta", "governorate": "North" }, "geometry": { "type": "Point", "coordinates": [ 35.934047, 34.41145 ] } },
{ "type": "Feature", "properties": { "name_en": "Haret el Baklik", "name_ar": "حارة البكليك", "place_type": "village", "unique_id": "CAS_LBN57039", "district": "Zgharta", "governorate": "North" }, "geometry": { "type": "Point", "coordinates": [ 35.925026, 34.41146 ] } },
{ "type": "Feature", "properties": { "name_en": "Er Rmaile", "name_ar": "رميله أرده", "place_type": "village", "unique_id": "CAS_LBN57033", "district": "Zgharta", "governorate": "North" }, "geometry": { "type": "Point", "coordinates": [ 35.91253, 34.411739 ] } },
{ "type": "Feature", "properties": { "name_en": "Haret Ej Jdide Zgharta", "name_ar": "حارة الجديدة زغرتا", "place_type": "village", "unique_id": "CAS_LBN57038", "district": "Zgharta", "governorate": "North" }, "geometry": { "type": "Point", "coordinates": [ 35.878294, 34.413544 ] } },
{ "type": "Feature", "properties": { "name_en": "El Qadriye", "name_ar": "قادريه", "place_type": "village", "unique_id": "CAS_LBN57032", "district": "Zgharta", "governorate": "North" }, "geometry": { "type": "Point", "coordinates": [ 35.922191, 34.414968 ] } },
{ "type": "Feature", "properties": { "name_en": "Majdalaya zgharta", "name_ar": "مجدليا زغرتا", "place_type": "village", "unique_id": "CAS_LBN57061", "district": "Zgharta", "governorate": "North" }, "geometry": { "type": "Point", "coordinates": [ 35.871558, 34.41835 ] } },
{ "type": "Feature", "properties": { "name_en": "Miryata", "name_ar": "مرياطا", "place_type": "village", "unique_id": "CAS_LBN57066", "district": "Zgharta", "governorate": "North" }, "geometry": { "type": "Point", "coordinates": [ 35.932961, 34.418456 ] } },
{ "type": "Feature", "properties": { "name_en": "Beit Knaty", "name_ar": "بيت قناطي", "place_type": "village", "unique_id": "CAS_LBN57021", "district": "Zgharta", "governorate": "North" }, "geometry": { "type": "Point", "coordinates": [ 35.940506, 34.422236 ] } },
{ "type": "Feature", "properties": { "name_en": "Aalma", "name_ar": "علما", "place_type": "village", "unique_id": "CAS_LBN57002", "district": "Zgharta", "governorate": "North" }, "geometry": { "type": "Point", "coordinates": [ 35.897064, 34.427158 ] } },
{ "type": "Feature", "properties": { "name_en": "Beit Aabeid", "name_ar": "بيت عبيد", "place_type": "village", "unique_id": "CAS_LBN57017", "district": "Zgharta", "governorate": "North" }, "geometry": { "type": "Point", "coordinates": [ 35.919536, 34.430003 ] } },
{ "type": "Feature", "properties": { "name_en": "Bchama", "name_ar": "بشاما", "place_type": "village", "unique_id": "CAS_LBN57015", "district": "Zgharta", "governorate": "North" }, "geometry": { "type": "Point", "coordinates": [ 35.925654, 34.430043 ] } },
{ "type": "Feature", "properties": { "name_en": "Al Aaqbe", "name_ar": "عقبة علما", "place_type": "village", "unique_id": "CAS_LBN57009", "district": "Zgharta", "governorate": "North" }, "geometry": { "type": "Point", "coordinates": [ 35.891628, 34.431308 ] } },
{ "type": "Feature", "properties": { "name_en": "Beit Barakat", "name_ar": "بيت بركات", "place_type": "village", "unique_id": "CAS_LBN57019", "district": "Zgharta", "governorate": "North" }, "geometry": { "type": "Point", "coordinates": [ 35.907719, 34.43235 ] } },
{ "type": "Feature", "properties": { "name_en": "Beit Aaoukar", "name_ar": "بيت عوكر", "place_type": "village", "unique_id": "CAS_LBN57018", "district": "Zgharta", "governorate": "North" }, "geometry": { "type": "Point", "coordinates": [ 35.915828, 34.432847 ] } },
{ "type": "Feature", "properties": { "name_en": "Haret al Fouwar", "name_ar": "حارة الفوار", "place_type": "village", "unique_id": "CAS_LBN57037", "district": "Zgharta", "governorate": "North" }, "geometry": { "type": "Point", "coordinates": [ 35.88748, 34.433011 ] } },
{ "type": "Feature", "properties": { "name_en": "Fouwar zgharta", "name_ar": "فوار زغرتا", "place_type": "village", "unique_id": "CAS_LBN56022", "district": "Zgharta", "governorate": "North" }, "geometry": { "type": "Point", "coordinates": [ 35.888876, 34.433071 ] } },
{ "type": "Feature", "properties": { "name_en": "Bousit", "name_ar": "بوسيط", "place_type": "village", "unique_id": "CAS_LBN57024", "district": "Zgharta", "governorate": "North" }, "geometry": { "type": "Point", "coordinates": [ 35.925092, 34.438467 ] } },
{ "type": "Feature", "properties": { "name_en": "El Maaiziye", "name_ar": "المعيزية", "place_type": "village", "unique_id": "OSM_node/5328083752", "district": "Zgharta", "governorate": "North" }, "geometry": { "type": "Point", "coordinates": [ 35.912852900000019, 34.402094200000022 ] } },
{ "type": "Feature", "properties": { "name_en": "Mejdlaiya", "name_ar": "مجدليا", "place_type": "village", "unique_id": "OSM_node/6433028174", "district": "Zgharta", "governorate": "North" }, "geometry": { "type": "Point", "coordinates": [ 35.8676994, 34.414316699999972 ] } },
{ "type": "Feature", "properties": { "name_en": "Mazraat el Aite Niye", "name_ar": "مزرعة العيتانية", "place_type": "village", "unique_id": "CAS_LBN61066", "district": "Saida", "governorate": "South" }, "geometry": { "type": "Point", "coordinates": [ 35.24662, 33.347937 ] } },
{ "type": "Feature", "properties": { "name_en": "Khirbet Ain el Qanater", "name_ar": "خربة عين القناطر", "place_type": "village", "unique_id": "CAS_LBN61051", "district": "Saida", "governorate": "South" }, "geometry": { "type": "Point", "coordinates": [ 35.246925, 33.345564 ] } },
{ "type": "Feature", "properties": { "name_en": "Mazraat ej Joudaye", "name_ar": "مزرعة الجودية", "place_type": "village", "unique_id": "CAS_LBN61065", "district": "Saida", "governorate": "South" }, "geometry": { "type": "Point", "coordinates": [ 35.261556, 33.354441 ] } },
{ "type": "Feature", "properties": { "name_en": "Jazire", "name_ar": "جزيرة صيدا", "place_type": "village", "unique_id": "CAS_LBN61037", "district": "Saida", "governorate": "South" }, "geometry": { "type": "Point", "coordinates": [ 35.265331, 33.327364 ] } },
{ "type": "Feature", "properties": { "name_en": "Mazraat el Ouasta", "name_ar": "مزرعة الواسطة", "place_type": "village", "unique_id": "CAS_LBN61069", "district": "Saida", "governorate": "South" }, "geometry": { "type": "Point", "coordinates": [ 35.266233, 33.346767 ] } },
{ "type": "Feature", "properties": { "name_en": "Mazraat el Yahoudiye", "name_ar": "مزرعة  اليهودية", "place_type": "village", "unique_id": "CAS_LBN61111", "district": "Saida", "governorate": "South" }, "geometry": { "type": "Point", "coordinates": [ 35.2761, 33.3604 ] } },
{ "type": "Feature", "properties": { "name_en": "Matariyet ech Choumar", "name_ar": "مطرية الشومر", "place_type": "village", "unique_id": "CAS_LBN61060", "district": "Saida", "governorate": "South" }, "geometry": { "type": "Point", "coordinates": [ 35.278894, 33.339553 ] } },
{ "type": "Feature", "properties": { "name_en": "Jdaide Arzai", "name_ar": "جديدة  أرزي", "place_type": "village", "unique_id": "CAS_LBN61038", "district": "Saida", "governorate": "South" }, "geometry": { "type": "Point", "coordinates": [ 35.280441, 33.327279 ] } },
{ "type": "Feature", "properties": { "name_en": "Mazraat Jemjim", "name_ar": "مزرعة جمجيم", "place_type": "village", "unique_id": "CAS_LBN61071", "district": "Saida", "governorate": "South" }, "geometry": { "type": "Point", "coordinates": [ 35.275325, 33.361072 ] } },
{ "type": "Feature", "properties": { "name_en": "El Mahmoudiye", "name_ar": "محمودية", "place_type": "village", "unique_id": "CAS_LBN61025", "district": "Saida", "governorate": "South" }, "geometry": { "type": "Point", "coordinates": [ 35.249376, 33.36333 ] } },
{ "type": "Feature", "properties": { "name_en": "Kfar Badde", "name_ar": "كفر بدَه", "place_type": "village", "unique_id": "CAS_LBN61042", "district": "Saida", "governorate": "South" }, "geometry": { "type": "Point", "coordinates": [ 35.269644, 33.366225 ] } },
{ "type": "Feature", "properties": { "name_en": "Abou el Assouad", "name_ar": "ابو الاسود", "place_type": "village", "unique_id": "CAS_LBN61008", "district": "Saida", "governorate": "South" }, "geometry": { "type": "Point", "coordinates": [ 35.26088, 33.367643 ] } },
{ "type": "Feature", "properties": { "name_en": "Hartai", "name_ar": "حارتية", "place_type": "village", "unique_id": "CAS_LBN61033", "district": "Saida", "governorate": "South" }, "geometry": { "type": "Point", "coordinates": [ 35.279825, 33.387042 ] } },
{ "type": "Feature", "properties": { "name_en": "Sari", "name_ar": "ساري", "place_type": "village", "unique_id": "CAS_LBN61097", "district": "Saida", "governorate": "South" }, "geometry": { "type": "Point", "coordinates": [ 35.275775, 33.392739 ] } },
{ "type": "Feature", "properties": { "name_en": "Aadloun", "name_ar": "عدلون", "place_type": "village", "unique_id": "CAS_LBN61003", "district": "Saida", "governorate": "South" }, "geometry": { "type": "Point", "coordinates": [ 35.272833, 33.405394 ] } },
{ "type": "Feature", "properties": { "name_en": "Insariye", "name_ar": "إنصارية", "place_type": "village", "unique_id": "CAS_LBN61035", "district": "Saida", "governorate": "South" }, "geometry": { "type": "Point", "coordinates": [ 35.277136, 33.413397 ] } },
{ "type": "Feature", "properties": { "name_en": "Mazraat El Mankhale", "name_ar": "مزرعة المنهلي", "place_type": "village", "unique_id": "OSM_node/5607977624", "district": "Saida", "governorate": "South" }, "geometry": { "type": "Point", "coordinates": [ 35.267614, 33.400083199999983 ] } },
{ "type": "Feature", "properties": { "name_en": "Saida Ed Dekermane", "name_ar": "صيدا الدكرمان", "place_type": "village", "unique_id": "CAS_LBN61036", "district": "Saida", "governorate": "South" }, "geometry": { "type": "Point", "coordinates": [ 35.364883, 33.553544 ] } },
{ "type": "Feature", "properties": { "name_en": "Saida", "name_ar": "صيدا", "place_type": "city", "unique_id": "CAS_LBN61100", "district": "Saida", "governorate": "South" }, "geometry": { "type": "Point", "coordinates": [ 35.367789, 33.562603 ] } },
{ "type": "Feature", "properties": { "name_en": "Dekerman", "name_ar": "الدكرمان", "place_type": "village", "unique_id": "CAS_LBN61110", "district": "Saida", "governorate": "South" }, "geometry": { "type": "Point", "coordinates": [ 35.3687, 33.5626 ] } },
{ "type": "Feature", "properties": { "name_en": "Maqsam El  JAOUHARI", "name_ar": "مقسم الجوهري", "place_type": "village", "unique_id": "CAS_LBN61059", "district": "Saida", "governorate": "South" }, "geometry": { "type": "Point", "coordinates": [ 35.383625, 33.553067 ] } },
{ "type": "Feature", "properties": { "name_en": "Ain el Hiloue", "name_ar": "عين الحلوة", "place_type": "village", "unique_id": "CAS_LBN61010", "district": "Saida", "governorate": "South" }, "geometry": { "type": "Point", "coordinates": [ 35.384579, 33.547451 ] } },
{ "type": "Feature", "properties": { "name_en": "Haret Saida", "name_ar": "حارة صيدا", "place_type": "village", "unique_id": "CAS_LBN61032", "district": "Saida", "governorate": "South" }, "geometry": { "type": "Point", "coordinates": [ 35.385889, 33.556875 ] } },
{ "type": "Feature", "properties": { "name_en": "Qiyaa", "name_ar": "قياعة", "place_type": "village", "unique_id": "CAS_LBN61090", "district": "Saida", "governorate": "South" }, "geometry": { "type": "Point", "coordinates": [ 35.388064, 33.566742 ] } },
{ "type": "Feature", "properties": { "name_en": "Dhour Darb es Sim", "name_ar": "ضهور درب السيم", "place_type": "village", "unique_id": "CAS_LBN61098", "district": "Saida", "governorate": "South" }, "geometry": { "type": "Point", "coordinates": [ 35.388494, 33.537936 ] } },
{ "type": "Feature", "properties": { "name_en": "Mrah Kiouane", "name_ar": "مراح كيوان", "place_type": "village", "unique_id": "CAS_LBN61082", "district": "Saida", "governorate": "South" }, "geometry": { "type": "Point", "coordinates": [ 35.389, 33.561308 ] } },
{ "type": "Feature", "properties": { "name_en": "Hlaliye Saida", "name_ar": "هلالية صيدا", "place_type": "village", "unique_id": "CAS_LBN61034", "district": "Saida", "governorate": "South" }, "geometry": { "type": "Point", "coordinates": [ 35.392867, 33.566583 ] } },
{ "type": "Feature", "properties": { "name_en": "Miyeh ou Miyeh", "name_ar": "مية ومية", "place_type": "village", "unique_id": "CAS_LBN61081", "district": "Saida", "governorate": "South" }, "geometry": { "type": "Point", "coordinates": [ 35.396592, 33.542983 ] } },
{ "type": "Feature", "properties": { "name_en": "El Achrafiye", "name_ar": "أشرفية المية ومية", "place_type": "village", "unique_id": "CAS_LBN61024", "district": "Saida", "governorate": "South" }, "geometry": { "type": "Point", "coordinates": [ 35.399972, 33.53826 ] } },
{ "type": "Feature", "properties": { "name_en": "Ain Ed Delb", "name_ar": "عين الدلب", "place_type": "village", "unique_id": "CAS_LBN61009", "district": "Saida", "governorate": "South" }, "geometry": { "type": "Point", "coordinates": [ 35.404889, 33.541103 ] } },
{ "type": "Feature", "properties": { "name_en": "Aabra", "name_ar": "عبرا", "place_type": "village", "unique_id": "CAS_LBN61001", "district": "Saida", "governorate": "South" }, "geometry": { "type": "Point", "coordinates": [ 35.405736, 33.566808 ] } },
{ "type": "Feature", "properties": { "name_en": "Majdelyoun", "name_ar": "مجدليون", "place_type": "village", "unique_id": "CAS_LBN61058", "district": "Saida", "governorate": "South" }, "geometry": { "type": "Point", "coordinates": [ 35.410944, 33.559767 ] } },
{ "type": "Feature", "properties": { "name_en": "Qraiye Saida", "name_ar": "قرية صيدا", "place_type": "village", "unique_id": "CAS_LBN61092", "district": "Saida", "governorate": "South" }, "geometry": { "type": "Point", "coordinates": [ 35.416267, 33.538578 ] } },
{ "type": "Feature", "properties": { "name_en": "Wastani", "name_ar": "الوسطاني", "place_type": "village", "unique_id": "CAS_LBN61085", "district": "Saida", "governorate": "South" }, "geometry": { "type": "Point", "coordinates": [ 35.381759, 33.571207 ] } },
{ "type": "Feature", "properties": { "name_en": "Zaghdraiya", "name_ar": "زغدرايا", "place_type": "village", "unique_id": "CAS_LBN61106", "district": "Saida", "governorate": "South" }, "geometry": { "type": "Point", "coordinates": [ 35.401142, 33.525461 ] } },
{ "type": "Feature", "properties": { "name_en": "Zeghdraiya", "name_ar": "زغدريا", "place_type": "village", "unique_id": "OSM_node/6091000287", "district": "Saida", "governorate": "South" }, "geometry": { "type": "Point", "coordinates": [ 35.394849599999986, 33.531828299999972 ] } },
{ "type": "Feature", "properties": { "name_en": "Darb Es Sim", "name_ar": "درب السيم", "place_type": "village", "unique_id": "OSM_node/6088763063", "district": "Saida", "governorate": "South" }, "geometry": { "type": "Point", "coordinates": [ 35.384034199999974, 33.537423600000011 ] } },
{ "type": "Feature", "properties": { "name_en": "Haret Saida", "name_ar": "حارة صيدا", "place_type": "village", "unique_id": "OSM_node/6088763429", "district": "Saida", "governorate": "South" }, "geometry": { "type": "Point", "coordinates": [ 35.395574, 33.556264 ] } },
{ "type": "Feature", "properties": { "name_en": "Aabra", "name_ar": "عبرا", "place_type": "village", "unique_id": "OSM_node/6051775790", "district": "Saida", "governorate": "South" }, "geometry": { "type": "Point", "coordinates": [ 35.3984254, 33.564830500000028 ] } },
{ "type": "Feature", "properties": { "name_en": "Sidon", "name_ar": "صيدا", "place_type": "city", "unique_id": "OSM_node/4799206602", "district": "Saida", "governorate": "South" }, "geometry": { "type": "Point", "coordinates": [ 35.374978, 33.564733 ] } },
{ "type": "Feature", "properties": { "name_en": "Kafraiya", "name_ar": "كفريا", "place_type": "village", "unique_id": "CAS_LBN61040", "district": "Saida", "governorate": "South" }, "geometry": { "type": "Point", "coordinates": [ 35.433686, 33.559417 ] } },
{ "type": "Feature", "properties": { "name_en": "Salhiye", "name_ar": "صالحية", "place_type": "village", "unique_id": "CAS_LBN61095", "district": "Saida", "governorate": "South" }, "geometry": { "type": "Point", "coordinates": [ 35.422947, 33.559858 ] } },
{ "type": "Feature", "properties": { "name_en": "Bqosta", "name_ar": "بقسطا", "place_type": "village", "unique_id": "CAS_LBN61017", "district": "Saida", "governorate": "South" }, "geometry": { "type": "Point", "coordinates": [ 35.405961, 33.578678 ] } },
{ "type": "Feature", "properties": { "name_en": "Bramiye", "name_ar": "برامية", "place_type": "village", "unique_id": "CAS_LBN61019", "district": "Saida", "governorate": "South" }, "geometry": { "type": "Point", "coordinates": [ 35.388931, 33.5718 ] } },
{ "type": "Feature", "properties": { "name_en": "Hababiye", "name_ar": "حبابية", "place_type": "village", "unique_id": "CAS_LBN61030", "district": "Saida", "governorate": "South" }, "geometry": { "type": "Point", "coordinates": [ 35.394069, 33.579005 ] } },
{ "type": "Feature", "properties": { "name_en": "Bqosta", "name_ar": "بقسطة", "place_type": "village", "unique_id": "OSM_node/6051786848", "district": "Saida", "governorate": "South" }, "geometry": { "type": "Point", "coordinates": [ 35.3998742, 33.576286900000014 ] } },
{ "type": "Feature", "properties": { "name_en": "Kfar Chellal", "name_ar": "كفر شلال", "place_type": "village", "unique_id": "CAS_LBN61044", "district": "Saida", "governorate": "South" }, "geometry": { "type": "Point", "coordinates": [ 35.467325, 33.492635 ] } },
{ "type": "Feature", "properties": { "name_en": "Mazraat Ain el Qantara", "name_ar": "مزرعة عين القنطرة", "place_type": "village", "unique_id": "CAS_LBN61063", "district": "Saida", "governorate": "South" }, "geometry": { "type": "Point", "coordinates": [ 35.303369, 33.4629 ] } },
{ "type": "Feature", "properties": { "name_en": "Er Rouayess", "name_ar": "روايس", "place_type": "village", "unique_id": "CAS_LBN61026", "district": "Saida", "governorate": "South" }, "geometry": { "type": "Point", "coordinates": [ 35.312963, 33.408409 ] } },
{ "type": "Feature", "properties": { "name_en": "Aaqbiye", "name_ar": "العاقبية", "place_type": "village", "unique_id": "CAS_LBN61005", "district": "Saida", "governorate": "South" }, "geometry": { "type": "Point", "coordinates": [ 35.316775, 33.466155 ] } },
{ "type": "Feature", "properties": { "name_en": "Khirbet ed Daoueir", "name_ar": "خربة الدوير صيدا", "place_type": "village", "unique_id": "CAS_LBN61053", "district": "Saida", "governorate": "South" }, "geometry": { "type": "Point", "coordinates": [ 35.3219, 33.429553 ] } },
{ "type": "Feature", "properties": { "name_en": "Bissariyeh", "name_ar": "بيسارية", "place_type": "village", "unique_id": "CAS_LBN61014", "district": "Saida", "governorate": "South" }, "geometry": { "type": "Point", "coordinates": [ 35.322778, 33.445011 ] } },
{ "type": "Feature", "properties": { "name_en": "Brak et Tall", "name_ar": "براك التل", "place_type": "village", "unique_id": "CAS_LBN61018", "district": "Saida", "governorate": "South" }, "geometry": { "type": "Point", "coordinates": [ 35.327872, 33.482225 ] } },
{ "type": "Feature", "properties": { "name_en": "Mazraat Iskandarouna", "name_ar": "مزرعة إسكندرونة", "place_type": "village", "unique_id": "CAS_LBN61070", "district": "Saida", "governorate": "South" }, "geometry": { "type": "Point", "coordinates": [ 35.331536, 33.411733 ] } },
{ "type": "Feature", "properties": { "name_en": "Snaiber", "name_ar": "مزرعة سنيبر", "place_type": "village", "unique_id": "CAS_LBN61102", "district": "Saida", "governorate": "South" }, "geometry": { "type": "Point", "coordinates": [ 35.331633, 33.45995 ] } },
{ "type": "Feature", "properties": { "name_en": "Babliye", "name_ar": "بابلية", "place_type": "village", "unique_id": "CAS_LBN61013", "district": "Saida", "governorate": "South" }, "geometry": { "type": "Point", "coordinates": [ 35.342619, 33.421303 ] } },
{ "type": "Feature", "properties": { "name_en": "Aaddoussiye", "name_ar": "عدّوسية", "place_type": "village", "unique_id": "CAS_LBN61002", "district": "Saida", "governorate": "South" }, "geometry": { "type": "Point", "coordinates": [ 35.342842, 33.471439 ] } },
{ "type": "Feature", "properties": { "name_en": "Qaaqaaii es Snoubar", "name_ar": "قعقعية الصنوبر", "place_type": "village", "unique_id": "CAS_LBN61087", "district": "Saida", "governorate": "South" }, "geometry": { "type": "Point", "coordinates": [ 35.343897, 33.431642 ] } },
{ "type": "Feature", "properties": { "name_en": "Najjaryie", "name_ar": "نجارية", "place_type": "village", "unique_id": "CAS_LBN61084", "district": "Saida", "governorate": "South" }, "geometry": { "type": "Point", "coordinates": [ 35.349789, 33.471194 ] } },
{ "type": "Feature", "properties": { "name_en": "Msaileh", "name_ar": "المصيلح", "place_type": "village", "unique_id": "CAS_LBN61083", "district": "Saida", "governorate": "South" }, "geometry": { "type": "Point", "coordinates": [ 35.349869, 33.478667 ] } },
{ "type": "Feature", "properties": { "name_en": "Mazraat Sekkaniye", "name_ar": "مزرعة السكنية", "place_type": "village", "unique_id": "CAS_LBN61075", "district": "Saida", "governorate": "South" }, "geometry": { "type": "Point", "coordinates": [ 35.352225, 33.469564 ] } },
{ "type": "Feature", "properties": { "name_en": "Maamriyet el Kharab", "name_ar": "معمرية الخراب", "place_type": "village", "unique_id": "CAS_LBN61056", "district": "Saida", "governorate": "South" }, "geometry": { "type": "Point", "coordinates": [ 35.354208, 33.457617 ] } },
{ "type": "Feature", "properties": { "name_en": "Ghassaniye", "name_ar": "غسانية", "place_type": "village", "unique_id": "CAS_LBN61028", "district": "Saida", "governorate": "South" }, "geometry": { "type": "Point", "coordinates": [ 35.356764, 33.416036 ] } },
{ "type": "Feature", "properties": { "name_en": "Khirbet Bassal", "name_ar": "خربة البصل", "place_type": "village", "unique_id": "CAS_LBN61052", "district": "Saida", "governorate": "South" }, "geometry": { "type": "Point", "coordinates": [ 35.363775, 33.473344 ] } },
{ "type": "Feature", "properties": { "name_en": "Mazraat el Daoudiye", "name_ar": "مزرعة الداودية", "place_type": "village", "unique_id": "CAS_LBN61067", "district": "Saida", "governorate": "South" }, "geometry": { "type": "Point", "coordinates": [ 35.364647, 33.461675 ] } },
{ "type": "Feature", "properties": { "name_en": "Khartoum", "name_ar": "خرطوم", "place_type": "village", "unique_id": "CAS_LBN61049", "district": "Saida", "governorate": "South" }, "geometry": { "type": "Point", "coordinates": [ 35.369967, 33.405747 ] } },
{ "type": "Feature", "properties": { "name_en": "Tebna", "name_ar": "تبنا", "place_type": "village", "unique_id": "CAS_LBN61104", "district": "Saida", "governorate": "South" }, "geometry": { "type": "Point", "coordinates": [ 35.342914, 33.444714 ] } },
{ "type": "Feature", "properties": { "name_en": "Toufahta", "name_ar": "تفاحتا", "place_type": "village", "unique_id": "CAS_LBN61105", "district": "Saida", "governorate": "South" }, "geometry": { "type": "Point", "coordinates": [ 35.371208, 33.437553 ] } },
{ "type": "Feature", "properties": { "name_en": "Ez Zahrani", "name_ar": "الزهراني", "place_type": "village", "unique_id": "CAS_LBN61027", "district": "Saida", "governorate": "South" }, "geometry": { "type": "Point", "coordinates": [ 35.34032, 33.501665 ] } },
{ "type": "Feature", "properties": { "name_en": "Mazraat el Hsainiye", "name_ar": "مزرعة الحسينية", "place_type": "village", "unique_id": "CAS_LBN61068", "district": "Saida", "governorate": "South" }, "geometry": { "type": "Point", "coordinates": [ 35.353786, 33.495384 ] } },
{ "type": "Feature", "properties": { "name_en": "Ghaziye", "name_ar": "غازية", "place_type": "village", "unique_id": "CAS_LBN61029", "district": "Saida", "governorate": "South" }, "geometry": { "type": "Point", "coordinates": [ 35.368994, 33.517475 ] } },
{ "type": "Feature", "properties": { "name_en": "Maamriye", "name_ar": "معمارية", "place_type": "village", "unique_id": "CAS_LBN61055", "district": "Saida", "governorate": "South" }, "geometry": { "type": "Point", "coordinates": [ 35.370172, 33.492094 ] } },
{ "type": "Feature", "properties": { "name_en": "Mazraat Aabboudiye", "name_ar": "مزرعة العبودية", "place_type": "village", "unique_id": "CAS_LBN61061", "district": "Saida", "governorate": "South" }, "geometry": { "type": "Point", "coordinates": [ 35.37299, 33.498173 ] } },
{ "type": "Feature", "properties": { "name_en": "Darb es Sim", "name_ar": "درب السيم", "place_type": "village", "unique_id": "CAS_LBN61021", "district": "Saida", "governorate": "South" }, "geometry": { "type": "Point", "coordinates": [ 35.379908, 33.530511 ] } },
{ "type": "Feature", "properties": { "name_en": "Qennarit", "name_ar": "قناريت", "place_type": "village", "unique_id": "CAS_LBN61088", "district": "Saida", "governorate": "South" }, "geometry": { "type": "Point", "coordinates": [ 35.380359, 33.502813 ] } },
{ "type": "Feature", "properties": { "name_en": "Maghdouche", "name_ar": "مغدوشة", "place_type": "village", "unique_id": "CAS_LBN61057", "district": "Saida", "governorate": "South" }, "geometry": { "type": "Point", "coordinates": [ 35.385447, 33.522616 ] } },
{ "type": "Feature", "properties": { "name_en": "Maamariyeh", "name_ar": "المعمارية", "place_type": "village", "unique_id": "OSM_node/6090949535", "district": "Saida", "governorate": "South" }, "geometry": { "type": "Point", "coordinates": [ 35.366425900000024, 33.4912936 ] } },
{ "type": "Feature", "properties": { "name_en": "Mazraat Khoutaryet er Rezz", "name_ar": "مزرعة كوثرية الرز", "place_type": "village", "unique_id": "CAS_LBN61073", "district": "Saida", "governorate": "South" }, "geometry": { "type": "Point", "coordinates": [ 35.308736, 33.372186 ] } },
{ "type": "Feature", "properties": { "name_en": "Mhaidle", "name_ar": "المحيدلة", "place_type": "village", "unique_id": "CAS_LBN61080", "district": "Saida", "governorate": "South" }, "geometry": { "type": "Point", "coordinates": [ 35.291197, 33.383311 ] } },
{ "type": "Feature", "properties": { "name_en": "Oussamiyat", "name_ar": "الاوساميات", "place_type": "village", "unique_id": "CAS_LBN61086", "district": "Saida", "governorate": "South" }, "geometry": { "type": "Point", "coordinates": [ 35.307086, 33.387817 ] } },
{ "type": "Feature", "properties": { "name_en": "Deir Taqla", "name_ar": "دير تقلا", "place_type": "village", "unique_id": "CAS_LBN61022", "district": "Saida", "governorate": "South" }, "geometry": { "type": "Point", "coordinates": [ 35.291672, 33.401061 ] } },
{ "type": "Feature", "properties": { "name_en": "Daoudiye", "name_ar": "الداودية", "place_type": "village", "unique_id": "CAS_LBN61020", "district": "Saida", "governorate": "South" }, "geometry": { "type": "Point", "coordinates": [ 35.302158, 33.425628 ] } },
{ "type": "Feature", "properties": { "name_en": "Loubiye", "name_ar": "لوبية", "place_type": "village", "unique_id": "CAS_LBN61054", "district": "Saida", "governorate": "South" }, "geometry": { "type": "Point", "coordinates": [ 35.287955, 33.427504 ] } },
{ "type": "Feature", "properties": { "name_en": "Saksakiye", "name_ar": "سكسكية", "place_type": "village", "unique_id": "CAS_LBN61094", "district": "Saida", "governorate": "South" }, "geometry": { "type": "Point", "coordinates": [ 35.282733, 33.435739 ] } },
{ "type": "Feature", "properties": { "name_en": "Mazraat Khaizarane", "name_ar": "مزرعة خيزران", "place_type": "village", "unique_id": "CAS_LBN61072", "district": "Saida", "governorate": "South" }, "geometry": { "type": "Point", "coordinates": [ 35.278115, 33.443611 ] } },
{ "type": "Feature", "properties": { "name_en": "Sarafand", "name_ar": "صرفند", "place_type": "village", "unique_id": "CAS_LBN61096", "district": "Saida", "governorate": "South" }, "geometry": { "type": "Point", "coordinates": [ 35.294858, 33.449825 ] } },
{ "type": "Feature", "properties": { "name_en": "Mazraat Kaoutariyet Er Riz", "name_ar": "مزرعة كوثرية الرز", "place_type": "village", "unique_id": "OSM_node/11197685517", "district": "Saida", "governorate": "South" }, "geometry": { "type": "Point", "coordinates": [ 35.300059299999987, 33.371269499999983 ] } },
{ "type": "Feature", "properties": { "name_en": "Sinai", "name_ar": "سيناي", "place_type": "village", "unique_id": "CAS_LBN61101", "district": "Saida", "governorate": "South" }, "geometry": { "type": "Point", "coordinates": [ 35.359167, 33.384653 ] } },
{ "type": "Feature", "properties": { "name_en": "Mazraat Sinai", "name_ar": "مزرعة سيناي", "place_type": "village", "unique_id": "CAS_LBN61112", "district": "Saida", "governorate": "South" }, "geometry": { "type": "Point", "coordinates": [ 35.3603, 33.3876 ] } },
{ "type": "Feature", "properties": { "name_en": "Hajje", "name_ar": "حجة", "place_type": "village", "unique_id": "CAS_LBN61031", "district": "Saida", "governorate": "South" }, "geometry": { "type": "Point", "coordinates": [ 35.380078, 33.477325 ] } },
{ "type": "Feature", "properties": { "name_en": "Merouaniye", "name_ar": "مروانية", "place_type": "village", "unique_id": "CAS_LBN61078", "district": "Saida", "governorate": "South" }, "geometry": { "type": "Point", "coordinates": [ 35.383272, 33.446286 ] } },
{ "type": "Feature", "properties": { "name_en": "Kaouthariyet es Siyad", "name_ar": "كوثرية السياد", "place_type": "village", "unique_id": "CAS_LBN61041", "district": "Saida", "governorate": "South" }, "geometry": { "type": "Point", "coordinates": [ 35.385744, 33.414922 ] } },
{ "type": "Feature", "properties": { "name_en": "Khannoussiye", "name_ar": "خنوسية", "place_type": "village", "unique_id": "CAS_LBN61047", "district": "Saida", "governorate": "South" }, "geometry": { "type": "Point", "coordinates": [ 35.388686, 33.480058 ] } },
{ "type": "Feature", "properties": { "name_en": "Qnaitra", "name_ar": "القنيطرة", "place_type": "village", "unique_id": "CAS_LBN61091", "district": "Saida", "governorate": "South" }, "geometry": { "type": "Point", "coordinates": [ 35.399581, 33.479886 ] } },
{ "type": "Feature", "properties": { "name_en": "Khaziz", "name_ar": "خزيز", "place_type": "village", "unique_id": "CAS_LBN61050", "district": "Saida", "governorate": "South" }, "geometry": { "type": "Point", "coordinates": [ 35.405814, 33.466822 ] } },
{ "type": "Feature", "properties": { "name_en": "Arkey", "name_ar": "اركي", "place_type": "village", "unique_id": "CAS_LBN61011", "district": "Saida", "governorate": "South" }, "geometry": { "type": "Point", "coordinates": [ 35.413589, 33.464267 ] } },
{ "type": "Feature", "properties": { "name_en": "Bnaafoul", "name_ar": "بنعفول", "place_type": "village", "unique_id": "CAS_LBN61016", "district": "Saida", "governorate": "South" }, "geometry": { "type": "Point", "coordinates": [ 35.42005, 33.482064 ] } },
{ "type": "Feature", "properties": { "name_en": "Mazraat Arab Soukkar", "name_ar": "مزرعة عرب سكر", "place_type": "village", "unique_id": "CAS_LBN61064", "district": "Saida", "governorate": "South" }, "geometry": { "type": "Point", "coordinates": [ 35.445923, 33.482591 ] } },
{ "type": "Feature", "properties": { "name_en": "Mazraat Aarab ej Jall", "name_ar": "مزرعة عرب الجل", "place_type": "village", "unique_id": "CAS_LBN61062", "district": "Saida", "governorate": "South" }, "geometry": { "type": "Point", "coordinates": [ 35.454844, 33.48275 ] } },
{ "type": "Feature", "properties": { "name_en": "Aaqtanit", "name_ar": "عقتنيت", "place_type": "village", "unique_id": "CAS_LBN61006", "district": "Saida", "governorate": "South" }, "geometry": { "type": "Point", "coordinates": [ 35.379014, 33.491083 ] } },
{ "type": "Feature", "properties": { "name_en": "Mazraat Zaita", "name_ar": "مزرعة زيتا", "place_type": "village", "unique_id": "CAS_LBN61077", "district": "Saida", "governorate": "South" }, "geometry": { "type": "Point", "coordinates": [ 35.391544, 33.503408 ] } },
{ "type": "Feature", "properties": { "name_en": "Jinjlaya", "name_ar": "جنجلاية", "place_type": "village", "unique_id": "CAS_LBN61039", "district": "Saida", "governorate": "South" }, "geometry": { "type": "Point", "coordinates": [ 35.397806, 33.485808 ] } },
{ "type": "Feature", "properties": { "name_en": "Mazraat Matariyet Jbaa", "name_ar": "مزرعة مطيرية جباع", "place_type": "village", "unique_id": "CAS_LBN61074", "district": "Saida", "governorate": "South" }, "geometry": { "type": "Point", "coordinates": [ 35.401489, 33.514197 ] } },
{ "type": "Feature", "properties": { "name_en": "Aarnaba", "name_ar": "عرنابة", "place_type": "village", "unique_id": "CAS_LBN61007", "district": "Saida", "governorate": "South" }, "geometry": { "type": "Point", "coordinates": [ 35.401583, 33.508456 ] } },
{ "type": "Feature", "properties": { "name_en": "Tanbourit", "name_ar": "طنبوريت", "place_type": "village", "unique_id": "CAS_LBN61103", "district": "Saida", "governorate": "South" }, "geometry": { "type": "Point", "coordinates": [ 35.4122, 33.515958 ] } },
{ "type": "Feature", "properties": { "name_en": "Zaita", "name_ar": "زيتا", "place_type": "village", "unique_id": "CAS_LBN61108", "district": "Saida", "governorate": "South" }, "geometry": { "type": "Point", "coordinates": [ 35.399792, 33.501603 ] } },
{ "type": "Feature", "properties": { "name_en": "Mtayriyeh", "name_ar": "مطيرية", "place_type": "village", "unique_id": "OSM_node/11770220263", "district": "Saida", "governorate": "South" }, "geometry": { "type": "Point", "coordinates": [ 35.403764200000012, 33.512076700000023 ] } },
{ "type": "Feature", "properties": { "name_en": "Aanqoun", "name_ar": "عنقون", "place_type": "village", "unique_id": "CAS_LBN61004", "district": "Saida", "governorate": "South" }, "geometry": { "type": "Point", "coordinates": [ 35.427681, 33.498981 ] } },
{ "type": "Feature", "properties": { "name_en": "Mazraat Arab Tobbaya", "name_ar": "مزرعة عرب  طبَايا", "place_type": "village", "unique_id": "CAS_LBN61076", "district": "Saida", "governorate": "South" }, "geometry": { "type": "Point", "coordinates": [ 35.439153, 33.487661 ] } },
{ "type": "Feature", "properties": { "name_en": "Kfar Hatta", "name_ar": "كفرحتى", "place_type": "village", "unique_id": "CAS_LBN61045", "district": "Saida", "governorate": "South" }, "geometry": { "type": "Point", "coordinates": [ 35.448831, 33.50685 ] } },
{ "type": "Feature", "properties": { "name_en": "Kfar Beit", "name_ar": "كفربيت", "place_type": "village", "unique_id": "CAS_LBN61043", "district": "Saida", "governorate": "South" }, "geometry": { "type": "Point", "coordinates": [ 35.460325, 33.495725 ] } },
{ "type": "Feature", "properties": { "name_en": "Kfar Melki Saida", "name_ar": "كفرملكي صيدا", "place_type": "village", "unique_id": "CAS_LBN61046", "district": "Saida", "governorate": "South" }, "geometry": { "type": "Point", "coordinates": [ 35.479111, 33.501511 ] } },
{ "type": "Feature", "properties": { "name_en": "Barti", "name_ar": "برتي", "place_type": "village", "unique_id": "CAS_LBN61015", "district": "Saida", "governorate": "South" }, "geometry": { "type": "Point", "coordinates": [ 35.483361, 33.520889 ] } },
{ "type": "Feature", "properties": { "name_en": "Ransiyeh", "name_ar": "الرانسية", "place_type": "village", "unique_id": "OSM_node/6816154279", "district": "Saida", "governorate": "South" }, "geometry": { "type": "Point", "coordinates": [ 35.492140399999982, 33.52410279999998 ] } },
{ "type": "Feature", "properties": { "name_en": "Sfenti", "name_ar": "سفنتا", "place_type": "village", "unique_id": "CAS_LBN61099", "district": "Saida", "governorate": "South" }, "geometry": { "type": "Point", "coordinates": [ 35.496786, 33.507611 ] } },
{ "type": "Feature", "properties": { "name_en": "Arzay", "name_ar": "أرزي", "place_type": "village", "unique_id": "CAS_LBN61012", "district": "Saida", "governorate": "South" }, "geometry": { "type": "Point", "coordinates": [ 35.297964, 33.332519 ] } },
{ "type": "Feature", "properties": { "name_en": "Kharayeb Saida", "name_ar": "الخرائب صيدا", "place_type": "village", "unique_id": "CAS_LBN61048", "district": "Saida", "governorate": "South" }, "geometry": { "type": "Point", "coordinates": [ 35.29855, 33.343333 ] } },
{ "type": "Feature", "properties": { "name_en": "Mghairiye", "name_ar": "مغيرية", "place_type": "village", "unique_id": "CAS_LBN61079", "district": "Saida", "governorate": "South" }, "geometry": { "type": "Point", "coordinates": [ 35.321324, 33.323567 ] } },
{ "type": "Feature", "properties": { "name_en": "Zrariye", "name_ar": "زرارية", "place_type": "village", "unique_id": "CAS_LBN61109", "district": "Saida", "governorate": "South" }, "geometry": { "type": "Point", "coordinates": [ 35.331747, 33.342083 ] } },
{ "type": "Feature", "properties": { "name_en": "Kfar Jarra", "name_ar": "كفرجرا", "place_type": "village", "unique_id": "CAS_LBN62053", "district": "Jezzine", "governorate": "South" }, "geometry": { "type": "Point", "coordinates": [ 35.430027, 33.546104 ] } },
{ "type": "Feature", "properties": { "name_en": "Jensnaya", "name_ar": "جنسنايا", "place_type": "village", "unique_id": "CAS_LBN62047", "district": "Jezzine", "governorate": "South" }, "geometry": { "type": "Point", "coordinates": [ 35.431544, 33.536472 ] } },
{ "type": "Feature", "properties": { "name_en": "Choualiq", "name_ar": "شواليق جزين", "place_type": "village", "unique_id": "CAS_LBN62022", "district": "Jezzine", "governorate": "South" }, "geometry": { "type": "Point", "coordinates": [ 35.436311, 33.553542 ] } },
{ "type": "Feature", "properties": { "name_en": "Ouadi Baanqoudine", "name_ar": "وادي بعنقودين", "place_type": "village", "unique_id": "CAS_LBN62087", "district": "Jezzine", "governorate": "South" }, "geometry": { "type": "Point", "coordinates": [ 35.439722, 33.545342 ] } },
{ "type": "Feature", "properties": { "name_en": "Karkha", "name_ar": "كرخا", "place_type": "village", "unique_id": "CAS_LBN62050", "district": "Jezzine", "governorate": "South" }, "geometry": { "type": "Point", "coordinates": [ 35.445242, 33.563289 ] } },
{ "type": "Feature", "properties": { "name_en": "Baissour Jezzine", "name_ar": "بيصور جزين", "place_type": "village", "unique_id": "CAS_LBN62012", "district": "Jezzine", "governorate": "South" }, "geometry": { "type": "Point", "coordinates": [ 35.447269, 33.535447 ] } },
{ "type": "Feature", "properties": { "name_en": "Mharbiye", "name_ar": "محاربية", "place_type": "village", "unique_id": "CAS_LBN62077", "district": "Jezzine", "governorate": "South" }, "geometry": { "type": "Point", "coordinates": [ 35.447311, 33.526153 ] } },
{ "type": "Feature", "properties": { "name_en": "Lebaa", "name_ar": "لبعا", "place_type": "village", "unique_id": "CAS_LBN62057", "district": "Jezzine", "governorate": "South" }, "geometry": { "type": "Point", "coordinates": [ 35.453403, 33.548286 ] } },
{ "type": "Feature", "properties": { "name_en": "Mrah El Hbas", "name_ar": "مراح الحباس", "place_type": "village", "unique_id": "CAS_LBN62083", "district": "Jezzine", "governorate": "South" }, "geometry": { "type": "Point", "coordinates": [ 35.46195, 33.548861 ] } },
{ "type": "Feature", "properties": { "name_en": "Ouadi el Leimoun", "name_ar": "وادي الليمون", "place_type": "village", "unique_id": "CAS_LBN62088", "district": "Jezzine", "governorate": "South" }, "geometry": { "type": "Point", "coordinates": [ 35.462081, 33.524319 ] } },
{ "type": "Feature", "properties": { "name_en": "Ain el Mir el Estabel", "name_ar": "عين المير إسطبل", "place_type": "village", "unique_id": "CAS_LBN62005", "district": "Jezzine", "governorate": "South" }, "geometry": { "type": "Point", "coordinates": [ 35.462406, 33.535189 ] } },
{ "type": "Feature", "properties": { "name_en": "Ain El Mir", "name_ar": "عين المير", "place_type": "village", "unique_id": "OSM_node/5685463078", "district": "Jezzine", "governorate": "South" }, "geometry": { "type": "Point", "coordinates": [ 35.453943, 33.540478099999973 ] } },
{ "type": "Feature", "properties": { "name_en": "Wadi El Laymoun", "name_ar": "وادي الليمون", "place_type": "village", "unique_id": "OSM_node/12303120280", "district": "Jezzine", "governorate": "South" }, "geometry": { "type": "Point", "coordinates": [ 35.4672038, 33.5246262 ] } },
{ "type": "Feature", "properties": { "name_en": "Aaichiye", "name_ar": "عيشية", "place_type": "village", "unique_id": "CAS_LBN62001", "district": "Jezzine", "governorate": "South" }, "geometry": { "type": "Point", "coordinates": [ 35.555347, 33.408972 ] } },
{ "type": "Feature", "properties": { "name_en": "Ouazaaiye", "name_ar": "اوزاعية", "place_type": "village", "unique_id": "CAS_LBN62091", "district": "Jezzine", "governorate": "South" }, "geometry": { "type": "Point", "coordinates": [ 35.567047, 33.396661 ] } },
{ "type": "Feature", "properties": { "name_en": "Dimechqiye", "name_ar": "دمشقية", "place_type": "village", "unique_id": "CAS_LBN62030", "district": "Jezzine", "governorate": "South" }, "geometry": { "type": "Point", "coordinates": [ 35.546203, 33.374789 ] } },
{ "type": "Feature", "properties": { "name_en": "Jarmaq", "name_ar": "الجرمق", "place_type": "village", "unique_id": "CAS_LBN62045", "district": "Jezzine", "governorate": "South" }, "geometry": { "type": "Point", "coordinates": [ 35.534008, 33.385467 ] } },
{ "type": "Feature", "properties": { "name_en": "Mahmoudiye Jezzine", "name_ar": "محمودية جزين", "place_type": "village", "unique_id": "CAS_LBN62062", "district": "Jezzine", "governorate": "South" }, "geometry": { "type": "Point", "coordinates": [ 35.552117, 33.387281 ] } },
{ "type": "Feature", "properties": { "name_en": "Mazraat  Aarqoub", "name_ar": "مزرعة العرقوب", "place_type": "village", "unique_id": "CAS_LBN62064", "district": "Jezzine", "governorate": "South" }, "geometry": { "type": "Point", "coordinates": [ 35.533197, 33.400367 ] } },
{ "type": "Feature", "properties": { "name_en": "Mazraat  Tamra", "name_ar": "مزرعة طمره", "place_type": "village", "unique_id": "CAS_LBN62066", "district": "Jezzine", "governorate": "South" }, "geometry": { "type": "Point", "coordinates": [ 35.543411, 33.359439 ] } },
{ "type": "Feature", "properties": { "name_en": "Tamra", "name_ar": "طمره", "place_type": "village", "unique_id": "CAS_LBN62117", "district": "Jezzine", "governorate": "South" }, "geometry": { "type": "Point", "coordinates": [ 35.5425, 33.3562 ] } },
{ "type": "Feature", "properties": { "name_en": "Nabaa", "name_ar": "نبعه", "place_type": "village", "unique_id": "CAS_LBN62085", "district": "Jezzine", "governorate": "South" }, "geometry": { "type": "Point", "coordinates": [ 35.553886, 33.411983 ] } },
{ "type": "Feature", "properties": { "name_en": "Zaghrine Jezzine", "name_ar": "زغرين جزين", "place_type": "village", "unique_id": "CAS_LBN62111", "district": "Jezzine", "governorate": "South" }, "geometry": { "type": "Point", "coordinates": [ 35.557411, 33.425467 ] } },
{ "type": "Feature", "properties": { "name_en": "Qrouh", "name_ar": "قروح", "place_type": "village", "unique_id": "CAS_LBN62095", "district": "Jezzine", "governorate": "South" }, "geometry": { "type": "Point", "coordinates": [ 35.570731, 33.425794 ] } },
{ "type": "Feature", "properties": { "name_en": "Khallet Khazen", "name_ar": "خلة خازن", "place_type": "village", "unique_id": "CAS_LBN62055", "district": "Jezzine", "governorate": "South" }, "geometry": { "type": "Point", "coordinates": [ 35.579325, 33.427842 ] } },
{ "type": "Feature", "properties": { "name_en": "Sejoud", "name_ar": "سجد", "place_type": "village", "unique_id": "CAS_LBN62106", "district": "Jezzine", "governorate": "South" }, "geometry": { "type": "Point", "coordinates": [ 35.532825, 33.434078 ] } },
{ "type": "Feature", "properties": { "name_en": "Rihan", "name_ar": "ريحان", "place_type": "village", "unique_id": "OSM_node/5273978140", "district": "Jezzine", "governorate": "South" }, "geometry": { "type": "Point", "coordinates": [ 35.563259099999982, 33.4389263 ] } },
{ "type": "Feature", "properties": { "name_en": "Nabi Sejoud", "name_ar": "نبي سجد", "place_type": "village", "unique_id": "CAS_LBN62086", "district": "Jezzine", "governorate": "South" }, "geometry": { "type": "Point", "coordinates": [ 35.540917, 33.442394 ] } },
{ "type": "Feature", "properties": { "name_en": "Rihane Jezzine", "name_ar": "ريحانة جزين", "place_type": "village", "unique_id": "CAS_LBN62098", "district": "Jezzine", "governorate": "South" }, "geometry": { "type": "Point", "coordinates": [ 35.566686, 33.444397 ] } },
{ "type": "Feature", "properties": { "name_en": "Mazraat Aaqmata", "name_ar": "مزرعة عقماتا", "place_type": "village", "unique_id": "CAS_LBN62068", "district": "Jezzine", "governorate": "South" }, "geometry": { "type": "Point", "coordinates": [ 35.543424, 33.455596 ] } },
{ "type": "Feature", "properties": { "name_en": "Aaqmata", "name_ar": "عقماتا", "place_type": "village", "unique_id": "CAS_LBN62113", "district": "Jezzine", "governorate": "South" }, "geometry": { "type": "Point", "coordinates": [ 35.5521, 33.4571 ] } },
{ "type": "Feature", "properties": { "name_en": "Louaiziye", "name_ar": "لويزة جزين", "place_type": "village", "unique_id": "CAS_LBN62058", "district": "Jezzine", "governorate": "South" }, "geometry": { "type": "Point", "coordinates": [ 35.534697, 33.460525 ] } },
{ "type": "Feature", "properties": { "name_en": "Aaramta", "name_ar": "عرمتى", "place_type": "village", "unique_id": "CAS_LBN62002", "district": "Jezzine", "governorate": "South" }, "geometry": { "type": "Point", "coordinates": [ 35.575575, 33.463875 ] } },
{ "type": "Feature", "properties": { "name_en": "Mlikh", "name_ar": "مليخ", "place_type": "village", "unique_id": "CAS_LBN62080", "district": "Jezzine", "governorate": "South" }, "geometry": { "type": "Point", "coordinates": [ 35.555206, 33.468972 ] } },
{ "type": "Feature", "properties": { "name_en": "Mazraat el Khaoukh", "name_ar": "مزرعة الخوخ", "place_type": "village", "unique_id": "CAS_LBN62072", "district": "Jezzine", "governorate": "South" }, "geometry": { "type": "Point", "coordinates": [ 35.543236, 33.473942 ] } },
{ "type": "Feature", "properties": { "name_en": "Mazraat Aaraji", "name_ar": "مزرعة عراجي", "place_type": "village", "unique_id": "CAS_LBN62069", "district": "Jezzine", "governorate": "South" }, "geometry": { "type": "Point", "coordinates": [ 35.582569, 33.484875 ] } },
{ "type": "Feature", "properties": { "name_en": "Jernaya", "name_ar": "جرنايا", "place_type": "village", "unique_id": "CAS_LBN62048", "district": "Jezzine", "governorate": "South" }, "geometry": { "type": "Point", "coordinates": [ 35.472011, 33.488097 ] } },
{ "type": "Feature", "properties": { "name_en": "Jabal Toura", "name_ar": "جبل طوره", "place_type": "village", "unique_id": "CAS_LBN62115", "district": "Jezzine", "governorate": "South" }, "geometry": { "type": "Point", "coordinates": [ 35.5631, 33.5024 ] } },
{ "type": "Feature", "properties": { "name_en": "Mazraat el Btadiniye", "name_ar": "مزرعة البتدينية", "place_type": "village", "unique_id": "CAS_LBN62071", "district": "Jezzine", "governorate": "South" }, "geometry": { "type": "Point", "coordinates": [ 35.55608, 33.488063 ] } },
{ "type": "Feature", "properties": { "name_en": "Mazraat er Rohbane", "name_ar": "مزرعة الرهبان", "place_type": "village", "unique_id": "CAS_LBN62074", "district": "Jezzine", "governorate": "South" }, "geometry": { "type": "Point", "coordinates": [ 35.547361, 33.492525 ] } },
{ "type": "Feature", "properties": { "name_en": "Aarqoub", "name_ar": "العرقوب", "place_type": "village", "unique_id": "CAS_LBN62114", "district": "Jezzine", "governorate": "South" }, "geometry": { "type": "Point", "coordinates": [ 35.5904, 33.3907 ] } },
{ "type": "Feature", "properties": { "name_en": "Mrah Mghaibe", "name_ar": "مراح مغبيه", "place_type": "village", "unique_id": "CAS_LBN62076", "district": "Jezzine", "governorate": "South" }, "geometry": { "type": "Point", "coordinates": [ 35.591492, 33.385503 ] } },
{ "type": "Feature", "properties": { "name_en": "Ouardiye", "name_ar": "وردية", "place_type": "village", "unique_id": "CAS_LBN62090", "district": "Jezzine", "governorate": "South" }, "geometry": { "type": "Point", "coordinates": [ 35.591561, 33.399792 ] } },
{ "type": "Feature", "properties": { "name_en": "Mazraat Al Souairi", "name_ar": "مزرعة الصويري", "place_type": "village", "unique_id": "CAS_LBN62070", "district": "Jezzine", "governorate": "South" }, "geometry": { "type": "Point", "coordinates": [ 35.575158, 33.411325 ] } },
{ "type": "Feature", "properties": { "name_en": "Mazraat Louzyde", "name_ar": "مزرعة لوزيد", "place_type": "village", "unique_id": "CAS_LBN62075", "district": "Jezzine", "governorate": "South" }, "geometry": { "type": "Point", "coordinates": [ 35.586369, 33.417039 ] } },
{ "type": "Feature", "properties": { "name_en": "Chbeil", "name_ar": "شبيل", "place_type": "village", "unique_id": "CAS_LBN62021", "district": "Jezzine", "governorate": "South" }, "geometry": { "type": "Point", "coordinates": [ 35.5995, 33.420856 ] } },
{ "type": "Feature", "properties": { "name_en": "Berghoz", "name_ar": "برغز", "place_type": "village", "unique_id": "CAS_LBN42007", "district": "Jezzine", "governorate": "South" }, "geometry": { "type": "Point", "coordinates": [ 35.623739, 33.414008 ] } },
{ "type": "Feature", "properties": { "name_en": "Aadour", "name_ar": "عاضور", "place_type": "village", "unique_id": "CAS_LBN62067", "district": "Jezzine", "governorate": "South" }, "geometry": { "type": "Point", "coordinates": [ 35.590444, 33.448251 ] } },
{ "type": "Feature", "properties": { "name_en": "Darayia Jezzine", "name_ar": "داريا جزين", "place_type": "village", "unique_id": "CAS_LBN62025", "district": "Jezzine", "governorate": "South" }, "geometry": { "type": "Point", "coordinates": [ 35.601294, 33.457469 ] } },
{ "type": "Feature", "properties": { "name_en": "Qotrani", "name_ar": "قطراني", "place_type": "village", "unique_id": "CAS_LBN62094", "district": "Jezzine", "governorate": "South" }, "geometry": { "type": "Point", "coordinates": [ 35.603472, 33.439967 ] } },
{ "type": "Feature", "properties": { "name_en": "Sriri", "name_ar": "سريرة", "place_type": "village", "unique_id": "CAS_LBN62109", "district": "Jezzine", "governorate": "South" }, "geometry": { "type": "Point", "coordinates": [ 35.625529, 33.436628 ] } },
{ "type": "Feature", "properties": { "name_en": "Kfar Houne", "name_ar": "كفرحون", "place_type": "village", "unique_id": "CAS_LBN62052", "district": "Jezzine", "governorate": "South" }, "geometry": { "type": "Point", "coordinates": [ 35.588853, 33.492414 ] } },
{ "type": "Feature", "properties": { "name_en": "Chamkha", "name_ar": "شامخة", "place_type": "village", "unique_id": "CAS_LBN62020", "district": "Jezzine", "governorate": "South" }, "geometry": { "type": "Point", "coordinates": [ 35.589319, 33.552647 ] } },
{ "type": "Feature", "properties": { "name_en": "Azibeh", "name_ar": "عزيبة", "place_type": "village", "unique_id": "CAS_LBN62009", "district": "Jezzine", "governorate": "South" }, "geometry": { "type": "Point", "coordinates": [ 35.595868, 33.549599 ] } },
{ "type": "Feature", "properties": { "name_en": "Mzairaa", "name_ar": "مزيرعة", "place_type": "village", "unique_id": "CAS_LBN62084", "district": "Jezzine", "governorate": "South" }, "geometry": { "type": "Point", "coordinates": [ 35.600928, 33.495881 ] } },
{ "type": "Feature", "properties": { "name_en": "Ain Majdalain", "name_ar": "عين مجدلين", "place_type": "village", "unique_id": "CAS_LBN62007", "district": "Jezzine", "governorate": "South" }, "geometry": { "type": "Point", "coordinates": [ 35.601686, 33.521503 ] } },
{ "type": "Feature", "properties": { "name_en": "Mjaydel", "name_ar": "مجيدل", "place_type": "village", "unique_id": "CAS_LBN62079", "district": "Jezzine", "governorate": "South" }, "geometry": { "type": "Point", "coordinates": [ 35.440044, 33.517094 ] } },
{ "type": "Feature", "properties": { "name_en": "Hassaniye", "name_ar": "حسانية", "place_type": "village", "unique_id": "CAS_LBN62041", "district": "Jezzine", "governorate": "South" }, "geometry": { "type": "Point", "coordinates": [ 35.450233, 33.520017 ] } },
{ "type": "Feature", "properties": { "name_en": "Haitoule", "name_ar": "حيتوله", "place_type": "village", "unique_id": "CAS_LBN62037", "district": "Jezzine", "governorate": "South" }, "geometry": { "type": "Point", "coordinates": [ 35.473928, 33.520286 ] } },
{ "type": "Feature", "properties": { "name_en": "Kfar Falous", "name_ar": "كفرفالوس", "place_type": "village", "unique_id": "CAS_LBN62051", "district": "Jezzine", "governorate": "South" }, "geometry": { "type": "Point", "coordinates": [ 35.474964, 33.543408 ] } },
{ "type": "Feature", "properties": { "name_en": "Maarous el Jouanieh", "name_ar": "ماروس الجوانية", "place_type": "village", "unique_id": "CAS_LBN62060", "district": "Jezzine", "governorate": "South" }, "geometry": { "type": "Point", "coordinates": [ 35.4769, 33.557819 ] } },
{ "type": "Feature", "properties": { "name_en": "Rous El Franj", "name_ar": "راس الوادي الحوة", "place_type": "village", "unique_id": "CAS_LBN62101", "district": "Jezzine", "governorate": "South" }, "geometry": { "type": "Point", "coordinates": [ 35.477203, 33.5663 ] } },
{ "type": "Feature", "properties": { "name_en": "Maarous el Branieh", "name_ar": "ماروس البرانية", "place_type": "village", "unique_id": "CAS_LBN62059", "district": "Jezzine", "governorate": "South" }, "geometry": { "type": "Point", "coordinates": [ 35.480781, 33.552522 ] } },
{ "type": "Feature", "properties": { "name_en": "Deir Chkedif", "name_ar": "شقاديف", "place_type": "village", "unique_id": "CAS_LBN62026", "district": "Jezzine", "governorate": "South" }, "geometry": { "type": "Point", "coordinates": [ 35.497164, 33.532997 ] } },
{ "type": "Feature", "properties": { "name_en": "El Harf Jezzine", "name_ar": "الحرف جزين", "place_type": "village", "unique_id": "CAS_LBN62031", "district": "Jezzine", "governorate": "South" }, "geometry": { "type": "Point", "coordinates": [ 35.501977, 33.527947 ] } },
{ "type": "Feature", "properties": { "name_en": "Dahr ed Deir", "name_ar": "ضهر الدير", "place_type": "village", "unique_id": "CAS_LBN62023", "district": "Jezzine", "governorate": "South" }, "geometry": { "type": "Point", "coordinates": [ 35.5036, 33.523144 ] } },
{ "type": "Feature", "properties": { "name_en": "Raimat", "name_ar": "ريمات", "place_type": "village", "unique_id": "CAS_LBN62097", "district": "Jezzine", "governorate": "South" }, "geometry": { "type": "Point", "coordinates": [ 35.508664, 33.528608 ] } },
{ "type": "Feature", "properties": { "name_en": "Bouslaya", "name_ar": "بوصلايا", "place_type": "village", "unique_id": "CAS_LBN62018", "district": "Jezzine", "governorate": "South" }, "geometry": { "type": "Point", "coordinates": [ 35.510956, 33.501111 ] } },
{ "type": "Feature", "properties": { "name_en": "Sidoun", "name_ar": "صيدون", "place_type": "village", "unique_id": "CAS_LBN62103", "district": "Jezzine", "governorate": "South" }, "geometry": { "type": "Point", "coordinates": [ 35.511189, 33.521069 ] } },
{ "type": "Feature", "properties": { "name_en": "Anane", "name_ar": "أنان", "place_type": "village", "unique_id": "CAS_LBN62008", "district": "Jezzine", "governorate": "South" }, "geometry": { "type": "Point", "coordinates": [ 35.509297, 33.566044 ] } },
{ "type": "Feature", "properties": { "name_en": "Baanoub", "name_ar": "بعانوب", "place_type": "village", "unique_id": "CAS_LBN62010", "district": "Jezzine", "governorate": "South" }, "geometry": { "type": "Point", "coordinates": [ 35.492972, 33.571144 ] } },
{ "type": "Feature", "properties": { "name_en": "Mazraat el Mathane", "name_ar": "مزرعة المطحنة", "place_type": "village", "unique_id": "CAS_LBN62073", "district": "Jezzine", "governorate": "South" }, "geometry": { "type": "Point", "coordinates": [ 35.518042, 33.578428 ] } },
{ "type": "Feature", "properties": { "name_en": "Qtale Jezzine", "name_ar": "قتالة جزين", "place_type": "village", "unique_id": "CAS_LBN62096", "district": "Jezzine", "governorate": "South" }, "geometry": { "type": "Point", "coordinates": [ 35.512697, 33.574067 ] } },
{ "type": "Feature", "properties": { "name_en": "Sfarai", "name_ar": "صفاريه", "place_type": "village", "unique_id": "CAS_LBN62107", "district": "Jezzine", "governorate": "South" }, "geometry": { "type": "Point", "coordinates": [ 35.493067, 33.554514 ] } },
{ "type": "Feature", "properties": { "name_en": "Safarayh", "name_ar": "صفاريه", "place_type": "village", "unique_id": "OSM_node/5685463073", "district": "Jezzine", "governorate": "South" }, "geometry": { "type": "Point", "coordinates": [ 35.5018258, 33.554038199999979 ] } },
{ "type": "Feature", "properties": { "name_en": "Sniye", "name_ar": "سنيَا", "place_type": "village", "unique_id": "CAS_LBN62108", "district": "Jezzine", "governorate": "South" }, "geometry": { "type": "Point", "coordinates": [ 35.527453, 33.517911 ] } },
{ "type": "Feature", "properties": { "name_en": "Haidab", "name_ar": "حيداب", "place_type": "village", "unique_id": "CAS_LBN62036", "district": "Jezzine", "governorate": "South" }, "geometry": { "type": "Point", "coordinates": [ 35.528475, 33.526606 ] } },
{ "type": "Feature", "properties": { "name_en": "Deir El Qattine", "name_ar": "دير قطِين", "place_type": "village", "unique_id": "CAS_LBN62093", "district": "Jezzine", "governorate": "South" }, "geometry": { "type": "Point", "coordinates": [ 35.533458, 33.530656 ] } },
{ "type": "Feature", "properties": { "name_en": "Bisri", "name_ar": "بسري", "place_type": "village", "unique_id": "CAS_LBN62015", "district": "Jezzine", "governorate": "South" }, "geometry": { "type": "Point", "coordinates": [ 35.537611, 33.578892 ] } },
{ "type": "Feature", "properties": { "name_en": "Khirkhaya", "name_ar": "خرخيا", "place_type": "village", "unique_id": "CAS_LBN62056", "district": "Jezzine", "governorate": "South" }, "geometry": { "type": "Point", "coordinates": [ 35.538217, 33.528219 ] } },
{ "type": "Feature", "properties": { "name_en": "Baba", "name_ar": "بيبه", "place_type": "village", "unique_id": "CAS_LBN62011", "district": "Jezzine", "governorate": "South" }, "geometry": { "type": "Point", "coordinates": [ 35.541325, 33.56415 ] } },
{ "type": "Feature", "properties": { "name_en": "Maknouniye", "name_ar": "مكنونية", "place_type": "village", "unique_id": "CAS_LBN62063", "district": "Jezzine", "governorate": "South" }, "geometry": { "type": "Point", "coordinates": [ 35.547085, 33.529723 ] } },
{ "type": "Feature", "properties": { "name_en": "Qaitoule", "name_ar": "قيتولي", "place_type": "village", "unique_id": "CAS_LBN62092", "district": "Jezzine", "governorate": "South" }, "geometry": { "type": "Point", "coordinates": [ 35.549608, 33.537356 ] } },
{ "type": "Feature", "properties": { "name_en": "Mrah Abdu Chedid", "name_ar": "مراح أبو شديد", "place_type": "village", "unique_id": "CAS_LBN62082", "district": "Jezzine", "governorate": "South" }, "geometry": { "type": "Point", "coordinates": [ 35.552111, 33.531817 ] } },
{ "type": "Feature", "properties": { "name_en": "El Qabaa", "name_ar": "قبع", "place_type": "village", "unique_id": "CAS_LBN62034", "district": "Jezzine", "governorate": "South" }, "geometry": { "type": "Point", "coordinates": [ 35.552653, 33.544245 ] } },
{ "type": "Feature", "properties": { "name_en": "Haitoura", "name_ar": "حيطورة", "place_type": "village", "unique_id": "CAS_LBN62038", "district": "Jezzine", "governorate": "South" }, "geometry": { "type": "Point", "coordinates": [ 35.552731, 33.519378 ] } },
{ "type": "Feature", "properties": { "name_en": "Roummane Jezzine", "name_ar": "رمانة", "place_type": "village", "unique_id": "CAS_LBN62100", "district": "Jezzine", "governorate": "South" }, "geometry": { "type": "Point", "coordinates": [ 35.552811, 33.510403 ] } },
{ "type": "Feature", "properties": { "name_en": "Homsiye", "name_ar": "حمصية", "place_type": "village", "unique_id": "CAS_LBN62042", "district": "Jezzine", "governorate": "South" }, "geometry": { "type": "Point", "coordinates": [ 35.553428, 33.548469 ] } },
{ "type": "Feature", "properties": { "name_en": "Salima", "name_ar": "صليما", "place_type": "village", "unique_id": "CAS_LBN62104", "district": "Jezzine", "governorate": "South" }, "geometry": { "type": "Point", "coordinates": [ 35.554761, 33.585669 ] } },
{ "type": "Feature", "properties": { "name_en": "Bteddine el Loqch", "name_ar": "بتدين اللقش", "place_type": "village", "unique_id": "CAS_LBN62019", "district": "Jezzine", "governorate": "South" }, "geometry": { "type": "Point", "coordinates": [ 35.555558, 33.569139 ] } },
{ "type": "Feature", "properties": { "name_en": "Harf", "name_ar": "الحرف", "place_type": "village", "unique_id": "CAS_LBN62040", "district": "Jezzine", "governorate": "South" }, "geometry": { "type": "Point", "coordinates": [ 35.555856, 33.577247 ] } },
{ "type": "Feature", "properties": { "name_en": "Dahr er Ramle", "name_ar": "ضهر الرملة", "place_type": "village", "unique_id": "CAS_LBN62024", "district": "Jezzine", "governorate": "South" }, "geometry": { "type": "Point", "coordinates": [ 35.561474, 33.560347 ] } },
{ "type": "Feature", "properties": { "name_en": "Deir Machmouche", "name_ar": "دير مشموشه", "place_type": "village", "unique_id": "CAS_LBN62028", "district": "Jezzine", "governorate": "South" }, "geometry": { "type": "Point", "coordinates": [ 35.5619, 33.574306 ] } },
{ "type": "Feature", "properties": { "name_en": "Ain et Taghra", "name_ar": "عين التغرى", "place_type": "village", "unique_id": "CAS_LBN62006", "district": "Jezzine", "governorate": "South" }, "geometry": { "type": "Point", "coordinates": [ 35.56216, 33.541367 ] } },
{ "type": "Feature", "properties": { "name_en": "Midane", "name_ar": "ميدان", "place_type": "village", "unique_id": "CAS_LBN62078", "district": "Jezzine", "governorate": "South" }, "geometry": { "type": "Point", "coordinates": [ 35.56273, 33.580325 ] } },
{ "type": "Feature", "properties": { "name_en": "Sabah", "name_ar": "صّباح", "place_type": "village", "unique_id": "CAS_LBN62102", "district": "Jezzine", "governorate": "South" }, "geometry": { "type": "Point", "coordinates": [ 35.5643, 33.568408 ] } },
{ "type": "Feature", "properties": { "name_en": "Biyad", "name_ar": "البياض", "place_type": "village", "unique_id": "CAS_LBN62016", "district": "Jezzine", "governorate": "South" }, "geometry": { "type": "Point", "coordinates": [ 35.566114, 33.526597 ] } },
{ "type": "Feature", "properties": { "name_en": "Mazraat  Jabal Toura", "name_ar": "مزرعة جبل طوره", "place_type": "village", "unique_id": "CAS_LBN62065", "district": "Jezzine", "governorate": "South" }, "geometry": { "type": "Point", "coordinates": [ 35.566439, 33.505991 ] } },
{ "type": "Feature", "properties": { "name_en": "El Houraniye", "name_ar": "حورانية", "place_type": "village", "unique_id": "CAS_LBN62032", "district": "Jezzine", "governorate": "South" }, "geometry": { "type": "Point", "coordinates": [ 35.566753, 33.588835 ] } },
{ "type": "Feature", "properties": { "name_en": "Machmouche", "name_ar": "مشموشة", "place_type": "village", "unique_id": "CAS_LBN62061", "district": "Jezzine", "governorate": "South" }, "geometry": { "type": "Point", "coordinates": [ 35.568745, 33.578969 ] } },
{ "type": "Feature", "properties": { "name_en": "Jall Nachi", "name_ar": "جل ناشي", "place_type": "village", "unique_id": "CAS_LBN62044", "district": "Jezzine", "governorate": "South" }, "geometry": { "type": "Point", "coordinates": [ 35.572608, 33.578683 ] } },
{ "type": "Feature", "properties": { "name_en": "Benouati", "name_ar": "بنواتي جزين", "place_type": "village", "unique_id": "CAS_LBN62013", "district": "Jezzine", "governorate": "South" }, "geometry": { "type": "Point", "coordinates": [ 35.573897, 33.576278 ] } },
{ "type": "Feature", "properties": { "name_en": "Haret el Bayder", "name_ar": "حارة البيادر", "place_type": "village", "unique_id": "CAS_LBN62039", "district": "Jezzine", "governorate": "South" }, "geometry": { "type": "Point", "coordinates": [ 35.577583, 33.537203 ] } },
{ "type": "Feature", "properties": { "name_en": "Bkassine", "name_ar": "بكاسين", "place_type": "village", "unique_id": "CAS_LBN62017", "district": "Jezzine", "governorate": "South" }, "geometry": { "type": "Point", "coordinates": [ 35.578728, 33.568167 ] } },
{ "type": "Feature", "properties": { "name_en": "Taaid", "name_ar": "تعيد", "place_type": "village", "unique_id": "CAS_LBN62110", "district": "Jezzine", "governorate": "South" }, "geometry": { "type": "Point", "coordinates": [ 35.545197, 33.574213 ] } },
{ "type": "Feature", "properties": { "name_en": "Wadi Jezzine", "name_ar": "وادي جزين", "place_type": "village", "unique_id": "CAS_LBN62089", "district": "Jezzine", "governorate": "South" }, "geometry": { "type": "Point", "coordinates": [ 35.579256, 33.550786 ] } },
{ "type": "Feature", "properties": { "name_en": "Zhalta", "name_ar": "زحلتا", "place_type": "village", "unique_id": "CAS_LBN62112", "district": "Jezzine", "governorate": "South" }, "geometry": { "type": "Point", "coordinates": [ 35.547253, 33.511931 ] } },
{ "type": "Feature", "properties": { "name_en": "Jdaidet el Ouadi", "name_ar": "الجديدة وادي جزين", "place_type": "village", "unique_id": "CAS_LBN62046", "district": "Jezzine", "governorate": "South" }, "geometry": { "type": "Point", "coordinates": [ 35.58155, 33.555453 ] } },
{ "type": "Feature", "properties": { "name_en": "El Msous", "name_ar": "مصوص", "place_type": "village", "unique_id": "CAS_LBN62033", "district": "Jezzine", "governorate": "South" }, "geometry": { "type": "Point", "coordinates": [ 35.582453, 33.586342 ] } },
{ "type": "Feature", "properties": { "name_en": "Ghbatiye", "name_ar": "غبَاطية", "place_type": "village", "unique_id": "CAS_LBN62035", "district": "Jezzine", "governorate": "South" }, "geometry": { "type": "Point", "coordinates": [ 35.584334, 33.580227 ] } },
{ "type": "Feature", "properties": { "name_en": "Jezzine", "name_ar": "جزين", "place_type": "village", "unique_id": "CAS_LBN62049", "district": "Jezzine", "governorate": "South" }, "geometry": { "type": "Point", "coordinates": [ 35.58597, 33.542319 ] } },
{ "type": "Feature", "properties": { "name_en": "Kfar Taala", "name_ar": "كفرتعلا", "place_type": "village", "unique_id": "CAS_LBN62054", "district": "Jezzine", "governorate": "South" }, "geometry": { "type": "Point", "coordinates": [ 35.586414, 33.5733 ] } },
{ "type": "Feature", "properties": { "name_en": "Aariye", "name_ar": "عاريه", "place_type": "village", "unique_id": "CAS_LBN62003", "district": "Jezzine", "governorate": "South" }, "geometry": { "type": "Point", "coordinates": [ 35.592853, 33.570467 ] } },
{ "type": "Feature", "properties": { "name_en": "Deir Moukhalles", "name_ar": "دير  المخلص", "place_type": "village", "unique_id": "CAS_LBN62081", "district": "Jezzine", "governorate": "South" }, "geometry": { "type": "Point", "coordinates": [ 35.597011, 33.5782 ] } },
{ "type": "Feature", "properties": { "name_en": "Bhannine", "name_ar": "بحنين", "place_type": "village", "unique_id": "CAS_LBN62014", "district": "Jezzine", "governorate": "South" }, "geometry": { "type": "Point", "coordinates": [ 35.597133, 33.581719 ] } },
{ "type": "Feature", "properties": { "name_en": "Aazour", "name_ar": "عازور", "place_type": "village", "unique_id": "CAS_LBN62004", "district": "Jezzine", "governorate": "South" }, "geometry": { "type": "Point", "coordinates": [ 35.534042, 33.560072 ] } },
{ "type": "Feature", "properties": { "name_en": "Roum", "name_ar": "روم", "place_type": "village", "unique_id": "CAS_LBN62099", "district": "Jezzine", "governorate": "South" }, "geometry": { "type": "Point", "coordinates": [ 35.5266, 33.549803 ] } },
{ "type": "Feature", "properties": { "name_en": "Ed Dikiye", "name_ar": "الديكية", "place_type": "village", "unique_id": "CAS_LBN63121", "district": "Sour", "governorate": "South" }, "geometry": { "type": "Point", "coordinates": [ 35.111835521999978, 33.096492037000019 ] } },
{ "type": "Feature", "properties": { "name_en": "El Borj En-Naqoura", "name_ar": "برج الناقورة", "place_type": "village", "unique_id": "CAS_LBN63043", "district": "Sour", "governorate": "South" }, "geometry": { "type": "Point", "coordinates": [ 35.132848, 33.120387 ] } },
{ "type": "Feature", "properties": { "name_en": "Naqoura", "name_ar": "الناقورة", "place_type": "village", "unique_id": "CAS_LBN63084", "district": "Sour", "governorate": "South" }, "geometry": { "type": "Point", "coordinates": [ 35.139, 33.118244 ] } },
{ "type": "Feature", "properties": { "name_en": "Ash Shumara", "name_ar": "الشومرة", "place_type": "village", "unique_id": "OSM_node/6344226276", "district": "Sour", "governorate": "South" }, "geometry": { "type": "Point", "coordinates": [ 35.142372, 33.1191639 ] } },
{ "type": "Feature", "properties": { "name_en": "Ech Choumara", "name_ar": "الشومارا", "place_type": "village", "unique_id": "CAS_LBN63128", "district": "Sour", "governorate": "South" }, "geometry": { "type": "Point", "coordinates": [ 35.145697437000024, 33.118198130999986 ] } },
{ "type": "Feature", "properties": { "name_en": "Labboune", "name_ar": "لبونة", "place_type": "village", "unique_id": "CAS_LBN63063", "district": "Sour", "governorate": "South" }, "geometry": { "type": "Point", "coordinates": [ 35.1483, 33.096128 ] } },
{ "type": "Feature", "properties": { "name_en": "Hamoul", "name_ar": "حامول", "place_type": "village", "unique_id": "CAS_LBN63050", "district": "Sour", "governorate": "South" }, "geometry": { "type": "Point", "coordinates": [ 35.165856, 33.123042 ] } },
{ "type": "Feature", "properties": { "name_en": "Iskandarouna Sour", "name_ar": "إسكندرونة", "place_type": "village", "unique_id": "CAS_LBN63054", "district": "Sour", "governorate": "South" }, "geometry": { "type": "Point", "coordinates": [ 35.167664, 33.154975 ] } },
{ "type": "Feature", "properties": { "name_en": "Ras el Masri", "name_ar": "رأس المصري", "place_type": "hamlet", "unique_id": "OSM_node/6344226273", "district": "Sour", "governorate": "South" }, "geometry": { "type": "Point", "coordinates": [ 35.171698600000013, 33.1139341 ] } },
{ "type": "Feature", "properties": { "name_en": "Iskandaruna", "name_ar": "إسكندرونة", "place_type": "hamlet", "unique_id": "OSM_node/6344226771", "district": "Sour", "governorate": "South" }, "geometry": { "type": "Point", "coordinates": [ 35.1724367, 33.1524913 ] } },
{ "type": "Feature", "properties": { "name_en": "Mazraat Umm ar-Rubb", "name_ar": "مزرعة أم الرب", "place_type": "hamlet", "unique_id": "OSM_node/6344226770", "district": "Sour", "governorate": "South" }, "geometry": { "type": "Point", "coordinates": [ 35.1732568, 33.14207 ] } },
{ "type": "Feature", "properties": { "name_en": "Mazraat Deir Hanna", "name_ar": "مزرعة دير حنا", "place_type": "village", "unique_id": "CAS_LBN63130", "district": "Sour", "governorate": "South" }, "geometry": { "type": "Point", "coordinates": [ 35.177573966000011, 33.158328741999981 ] } },
{ "type": "Feature", "properties": { "name_en": "El Biyada", "name_ar": "بياضة", "place_type": "village", "unique_id": "CAS_LBN63042", "district": "Sour", "governorate": "South" }, "geometry": { "type": "Point", "coordinates": [ 35.177802, 33.162838 ] } },
{ "type": "Feature", "properties": { "name_en": "Aalma ech Chaab", "name_ar": "علما الشعب", "place_type": "village", "unique_id": "CAS_LBN63003", "district": "Sour", "governorate": "South" }, "geometry": { "type": "Point", "coordinates": [ 35.179933, 33.104056 ] } },
{ "type": "Feature", "properties": { "name_en": "Mazraat Biout es Siyad", "name_ar": "مزرعة بيوت السياد", "place_type": "village", "unique_id": "CAS_LBN63078", "district": "Sour", "governorate": "South" }, "geometry": { "type": "Point", "coordinates": [ 35.192047, 33.167942 ] } },
{ "type": "Feature", "properties": { "name_en": "Jijim", "name_ar": "ججيم", "place_type": "village", "unique_id": "CAS_LBN63058", "district": "Sour", "governorate": "South" }, "geometry": { "type": "Point", "coordinates": [ 35.192475, 33.123114 ] } },
{ "type": "Feature", "properties": { "name_en": "Mansouri", "name_ar": "المنصوري", "place_type": "village", "unique_id": "CAS_LBN63072", "district": "Sour", "governorate": "South" }, "geometry": { "type": "Point", "coordinates": [ 35.205489, 33.178414 ] } },
{ "type": "Feature", "properties": { "name_en": "Chamaa", "name_ar": "شمع", "place_type": "village", "unique_id": "CAS_LBN63030", "district": "Sour", "governorate": "South" }, "geometry": { "type": "Point", "coordinates": [ 35.20765, 33.145444 ] } },
{ "type": "Feature", "properties": { "name_en": "Btaichiye", "name_ar": "بطيشية", "place_type": "village", "unique_id": "CAS_LBN63026", "district": "Sour", "governorate": "South" }, "geometry": { "type": "Point", "coordinates": [ 35.207897, 33.10605 ] } },
{ "type": "Feature", "properties": { "name_en": "As Siyaha", "name_ar": "السياحة", "place_type": "hamlet", "unique_id": "OSM_node/6489727877", "district": "Sour", "governorate": "South" }, "geometry": { "type": "Point", "coordinates": [ 35.2091218, 33.179480800000022 ] } },
{ "type": "Feature", "properties": { "name_en": "Al Mansuri", "name_ar": "المنصوري", "place_type": "village", "unique_id": "OSM_node/6313912577", "district": "Sour", "governorate": "South" }, "geometry": { "type": "Point", "coordinates": [ 35.211087799999973, 33.173653100000024 ] } },
{ "type": "Feature", "properties": { "name_en": "Abou Chach", "name_ar": "أبو شاش", "place_type": "village", "unique_id": "CAS_LBN63007", "district": "Sour", "governorate": "South" }, "geometry": { "type": "Point", "coordinates": [ 35.211403, 33.128092 ] } },
{ "type": "Feature", "properties": { "name_en": "Matmoura", "name_ar": "المطمورة", "place_type": "village", "unique_id": "CAS_LBN63075", "district": "Sour", "governorate": "South" }, "geometry": { "type": "Point", "coordinates": [ 35.214453, 33.10978 ] } },
{ "type": "Feature", "properties": { "name_en": "Jurdeih", "name_ar": "جرديح", "place_type": "hamlet", "unique_id": "OSM_node/278473401", "district": "Sour", "governorate": "South" }, "geometry": { "type": "Point", "coordinates": [ 35.216927, 33.100239199999976 ] } },
{ "type": "Feature", "properties": { "name_en": "Al Matmura", "name_ar": "المطمورة", "place_type": "village", "unique_id": "OSM_node/6344226277", "district": "Sour", "governorate": "South" }, "geometry": { "type": "Point", "coordinates": [ 35.217477700000018, 33.107610599999987 ] } },
{ "type": "Feature", "properties": { "name_en": "Al Bayaz", "name_ar": "البياض", "place_type": "village", "unique_id": "OSM_node/6344226715", "district": "Sour", "governorate": "South" }, "geometry": { "type": "Point", "coordinates": [ 35.217549500000018, 33.129922 ] } },
{ "type": "Feature", "properties": { "name_en": "Tair Harfa", "name_ar": "طير حرفا", "place_type": "village", "unique_id": "CAS_LBN63106", "district": "Sour", "governorate": "South" }, "geometry": { "type": "Point", "coordinates": [ 35.2182, 33.126956 ] } },
{ "type": "Feature", "properties": { "name_en": "Sour", "name_ar": "صور", "place_type": "city", "unique_id": "CAS_LBN63110", "district": "Sour", "governorate": "South" }, "geometry": { "type": "Point", "coordinates": [ 35.192517, 33.274117 ] } },
{ "type": "Feature", "properties": { "name_en": "Tyre", "name_ar": "صور", "place_type": "city", "unique_id": "OSM_node/803018184", "district": "Sour", "governorate": "South" }, "geometry": { "type": "Point", "coordinates": [ 35.196402299999988, 33.2721211 ] } },
{ "type": "Feature", "properties": { "name_en": "Tair Zebna", "name_ar": "طير زبنا", "place_type": "village", "unique_id": "CAS_LBN63120", "district": "Sour", "governorate": "South" }, "geometry": { "type": "Point", "coordinates": [ 35.2033, 33.2722 ] } },
{ "type": "Feature", "properties": { "name_en": "El Bass", "name_ar": "البصَ", "place_type": "village", "unique_id": "CAS_LBN63041", "district": "Sour", "governorate": "South" }, "geometry": { "type": "Point", "coordinates": [ 35.211433, 33.271839 ] } },
{ "type": "Feature", "properties": { "name_en": "Maachouq", "name_ar": "معشوق", "place_type": "village", "unique_id": "CAS_LBN63064", "district": "Sour", "governorate": "South" }, "geometry": { "type": "Point", "coordinates": [ 35.222594, 33.268144 ] } },
{ "type": "Feature", "properties": { "name_en": "Chabriha", "name_ar": "شبريحا", "place_type": "village", "unique_id": "CAS_LBN63028", "district": "Sour", "governorate": "South" }, "geometry": { "type": "Point", "coordinates": [ 35.2308, 33.291572 ] } },
{ "type": "Feature", "properties": { "name_en": "Borj el Qibli", "name_ar": "برج قبلي", "place_type": "village", "unique_id": "CAS_LBN63021", "district": "Sour", "governorate": "South" }, "geometry": { "type": "Point", "coordinates": [ 35.235737, 33.252815 ] } },
{ "type": "Feature", "properties": { "name_en": "Jour en Nakhl", "name_ar": "جوار النخل", "place_type": "village", "unique_id": "CAS_LBN63060", "district": "Sour", "governorate": "South" }, "geometry": { "type": "Point", "coordinates": [ 35.236136, 33.304934 ] } },
{ "type": "Feature", "properties": { "name_en": "Borj ech Chmali", "name_ar": "برج الشمالي", "place_type": "village", "unique_id": "CAS_LBN63018", "district": "Sour", "governorate": "South" }, "geometry": { "type": "Point", "coordinates": [ 35.238206, 33.261367 ] } },
{ "type": "Feature", "properties": { "name_en": "Hosh", "name_ar": "الحوش", "place_type": "town", "unique_id": "OSM_node/8913085270", "district": "Sour", "governorate": "South" }, "geometry": { "type": "Point", "coordinates": [ 35.2384758, 33.2434255 ] } },
{ "type": "Feature", "properties": { "name_en": "Mheilib", "name_ar": "محيليب", "place_type": "village", "unique_id": "CAS_LBN63118", "district": "Sour", "governorate": "South" }, "geometry": { "type": "Point", "coordinates": [ 35.2396, 33.309 ] } },
{ "type": "Feature", "properties": { "name_en": "Bourghliye", "name_ar": "برغلية", "place_type": "village", "unique_id": "CAS_LBN63023", "district": "Sour", "governorate": "South" }, "geometry": { "type": "Point", "coordinates": [ 35.239839, 33.313286 ] } },
{ "type": "Feature", "properties": { "name_en": "Hammadiye", "name_ar": "حمَادية", "place_type": "village", "unique_id": "CAS_LBN63049", "district": "Sour", "governorate": "South" }, "geometry": { "type": "Point", "coordinates": [ 35.240492, 33.288167 ] } },
{ "type": "Feature", "properties": { "name_en": "Mazraat Bsaile", "name_ar": "مزرعة بسيلة", "place_type": "village", "unique_id": "CAS_LBN63079", "district": "Sour", "governorate": "South" }, "geometry": { "type": "Point", "coordinates": [ 35.243594, 33.330039 ] } },
{ "type": "Feature", "properties": { "name_en": "Qasmiye", "name_ar": "قاسمية", "place_type": "village", "unique_id": "CAS_LBN63090", "district": "Sour", "governorate": "South" }, "geometry": { "type": "Point", "coordinates": [ 35.248831, 33.323381 ] } },
{ "type": "Feature", "properties": { "name_en": "Charnaiye", "name_ar": "شارنية", "place_type": "village", "unique_id": "CAS_LBN63031", "district": "Sour", "governorate": "South" }, "geometry": { "type": "Point", "coordinates": [ 35.252158, 33.270033 ] } },
{ "type": "Feature", "properties": { "name_en": "Qasmiye", "name_ar": "قاسمية", "place_type": "village", "unique_id": "OSM_node/13291526402", "district": "Sour", "governorate": "South" }, "geometry": { "type": "Point", "coordinates": [ 35.25226170000002, 33.327875600000027 ] } },
{ "type": "Feature", "properties": { "name_en": "Nabi Qassem", "name_ar": "نبي قاسم", "place_type": "village", "unique_id": "CAS_LBN63082", "district": "Sour", "governorate": "South" }, "geometry": { "type": "Point", "coordinates": [ 35.255991, 33.327489 ] } },
{ "type": "Feature", "properties": { "name_en": "Ain Abou Abdallah", "name_ar": "عين أبو عبد الله", "place_type": "village", "unique_id": "OSM_node/6313974408", "district": "Sour", "governorate": "South" }, "geometry": { "type": "Point", "coordinates": [ 35.2586144, 33.315624 ] } },
{ "type": "Feature", "properties": { "name_en": "Borj el Haoua", "name_ar": "برج الهوا", "place_type": "village", "unique_id": "CAS_LBN63019", "district": "Sour", "governorate": "South" }, "geometry": { "type": "Point", "coordinates": [ 35.260542, 33.320228 ] } },
{ "type": "Feature", "properties": { "name_en": "Ain Abu Aabdalla", "name_ar": "عين أبو عبدالله", "place_type": "village", "unique_id": "CAS_LBN63008", "district": "Sour", "governorate": "South" }, "geometry": { "type": "Point", "coordinates": [ 35.269006, 33.317269 ] } },
{ "type": "Feature", "properties": { "name_en": "Bazouriye", "name_ar": "بازورية", "place_type": "village", "unique_id": "CAS_LBN63014", "district": "Sour", "governorate": "South" }, "geometry": { "type": "Point", "coordinates": [ 35.270458, 33.253275 ] } },
{ "type": "Feature", "properties": { "name_en": "Tair Debba", "name_ar": "طير دبّه", "place_type": "village", "unique_id": "CAS_LBN63104", "district": "Sour", "governorate": "South" }, "geometry": { "type": "Point", "coordinates": [ 35.277611, 33.274064 ] } },
{ "type": "Feature", "properties": { "name_en": "Borj Rahhal", "name_ar": "برج رحال", "place_type": "village", "unique_id": "CAS_LBN63022", "district": "Sour", "governorate": "South" }, "geometry": { "type": "Point", "coordinates": [ 35.281572, 33.309608 ] } },
{ "type": "Feature", "properties": { "name_en": "Aabbassiye", "name_ar": "عباسية", "place_type": "village", "unique_id": "CAS_LBN63001", "district": "Sour", "governorate": "South" }, "geometry": { "type": "Point", "coordinates": [ 35.282169, 33.298511 ] } },
{ "type": "Feature", "properties": { "name_en": "Mjadel", "name_ar": "المجادل", "place_type": "village", "unique_id": "CAS_LBN63081", "district": "Sour", "governorate": "South" }, "geometry": { "type": "Point", "coordinates": [ 35.359231, 33.229456 ] } },
{ "type": "Feature", "properties": { "name_en": "Bafliye", "name_ar": "بافليه", "place_type": "village", "unique_id": "CAS_LBN63011", "district": "Sour", "governorate": "South" }, "geometry": { "type": "Point", "coordinates": [ 35.366019, 33.260814 ] } },
{ "type": "Feature", "properties": { "name_en": "Chahour", "name_ar": "شحور", "place_type": "village", "unique_id": "CAS_LBN63029", "district": "Sour", "governorate": "South" }, "geometry": { "type": "Point", "coordinates": [ 35.369581, 33.299767 ] } },
{ "type": "Feature", "properties": { "name_en": "Derdghaiya", "name_ar": "دردغايا", "place_type": "village", "unique_id": "CAS_LBN63039", "district": "Sour", "governorate": "South" }, "geometry": { "type": "Point", "coordinates": [ 35.369947, 33.280689 ] } },
{ "type": "Feature", "properties": { "name_en": "Arzoun", "name_ar": "ارزون", "place_type": "village", "unique_id": "CAS_LBN63010", "district": "Sour", "governorate": "South" }, "geometry": { "type": "Point", "coordinates": [ 35.376078, 33.282869 ] } },
{ "type": "Feature", "properties": { "name_en": "Salaa", "name_ar": "سلعا", "place_type": "village", "unique_id": "CAS_LBN63098", "district": "Sour", "governorate": "South" }, "geometry": { "type": "Point", "coordinates": [ 35.379628, 33.254044 ] } },
{ "type": "Feature", "properties": { "name_en": "Chehabiye", "name_ar": "شهابية", "place_type": "village", "unique_id": "CAS_LBN63032", "district": "Sour", "governorate": "South" }, "geometry": { "type": "Point", "coordinates": [ 35.382625, 33.242628 ] } },
{ "type": "Feature", "properties": { "name_en": "Kfarnay", "name_ar": "كفرنية", "place_type": "village", "unique_id": "CAS_LBN63061", "district": "Sour", "governorate": "South" }, "geometry": { "type": "Point", "coordinates": [ 35.38315, 33.300894 ] } },
{ "type": "Feature", "properties": { "name_en": "Naffakhiye", "name_ar": "نفاخية", "place_type": "village", "unique_id": "CAS_LBN63083", "district": "Sour", "governorate": "South" }, "geometry": { "type": "Point", "coordinates": [ 35.384225, 33.270944 ] } },
{ "type": "Feature", "properties": { "name_en": "Niha Sour", "name_ar": "نيحا صور", "place_type": "village", "unique_id": "CAS_LBN63085", "district": "Sour", "governorate": "South" }, "geometry": { "type": "Point", "coordinates": [ 35.395658, 33.272847 ] } },
{ "type": "Feature", "properties": { "name_en": "Srifa", "name_ar": "صريفا", "place_type": "village", "unique_id": "CAS_LBN63102", "district": "Sour", "governorate": "South" }, "geometry": { "type": "Point", "coordinates": [ 35.396242, 33.281661 ] } },
{ "type": "Feature", "properties": { "name_en": "Tair Semhat", "name_ar": "طير سمحات", "place_type": "village", "unique_id": "CAS_LBN63107", "district": "Sour", "governorate": "South" }, "geometry": { "type": "Point", "coordinates": [ 35.397081, 33.299753 ] } },
{ "type": "Feature", "properties": { "name_en": "Qalaat Maroun", "name_ar": "قلعة مارون", "place_type": "village", "unique_id": "CAS_LBN63088", "district": "Sour", "governorate": "South" }, "geometry": { "type": "Point", "coordinates": [ 35.397474, 33.262918 ] } },
{ "type": "Feature", "properties": { "name_en": "Deir Kifa", "name_ar": "دير كيفا", "place_type": "village", "unique_id": "CAS_LBN63036", "district": "Sour", "governorate": "South" }, "geometry": { "type": "Point", "coordinates": [ 35.398547, 33.258422 ] } },
{ "type": "Feature", "properties": { "name_en": "Er Rafid", "name_ar": "الرافد", "place_type": "village", "unique_id": "CAS_LBN63046", "district": "Sour", "governorate": "South" }, "geometry": { "type": "Point", "coordinates": [ 35.410266, 33.301269 ] } },
{ "type": "Feature", "properties": { "name_en": "Touairi", "name_ar": "طويري", "place_type": "village", "unique_id": "CAS_LBN63108", "district": "Sour", "governorate": "South" }, "geometry": { "type": "Point", "coordinates": [ 35.413697, 33.274025 ] } },
{ "type": "Feature", "properties": { "name_en": "Marnaba", "name_ar": "مرنبا", "place_type": "village", "unique_id": "CAS_LBN63073", "district": "Sour", "governorate": "South" }, "geometry": { "type": "Point", "coordinates": [ 35.420203, 33.308561 ] } },
{ "type": "Feature", "properties": { "name_en": "Touairi", "name_ar": "طويري", "place_type": "village", "unique_id": "OSM_node/6504121584", "district": "Sour", "governorate": "South" }, "geometry": { "type": "Point", "coordinates": [ 35.422671200000025, 33.273113299999977 ] } },
{ "type": "Feature", "properties": { "name_en": "Toura", "name_ar": "طورا", "place_type": "village", "unique_id": "CAS_LBN63109", "district": "Sour", "governorate": "South" }, "geometry": { "type": "Point", "coordinates": [ 35.296731, 33.293569 ] } },
{ "type": "Feature", "properties": { "name_en": "Bedias", "name_ar": "بدياس", "place_type": "village", "unique_id": "CAS_LBN63015", "district": "Sour", "governorate": "South" }, "geometry": { "type": "Point", "coordinates": [ 35.299208, 33.311953 ] } },
{ "type": "Feature", "properties": { "name_en": "Ynouh", "name_ar": "يانوح صور", "place_type": "village", "unique_id": "CAS_LBN63112", "district": "Sour", "governorate": "South" }, "geometry": { "type": "Point", "coordinates": [ 35.302919, 33.260186 ] } },
{ "type": "Feature", "properties": { "name_en": "Ouadi Jilou", "name_ar": "وادي جيلو", "place_type": "village", "unique_id": "CAS_LBN63086", "district": "Sour", "governorate": "South" }, "geometry": { "type": "Point", "coordinates": [ 35.308011, 33.244511 ] } },
{ "type": "Feature", "properties": { "name_en": "Maarake", "name_ar": "معركة", "place_type": "village", "unique_id": "CAS_LBN63066", "district": "Sour", "governorate": "South" }, "geometry": { "type": "Point", "coordinates": [ 35.308094, 33.27265 ] } },
{ "type": "Feature", "properties": { "name_en": "Deir Qanoun en Nahr", "name_ar": "دير قانون النهر", "place_type": "village", "unique_id": "CAS_LBN63038", "district": "Sour", "governorate": "South" }, "geometry": { "type": "Point", "coordinates": [ 35.3124, 33.299742 ] } },
{ "type": "Feature", "properties": { "name_en": "Jannata", "name_ar": "جناتا", "place_type": "village", "unique_id": "CAS_LBN63055", "district": "Sour", "governorate": "South" }, "geometry": { "type": "Point", "coordinates": [ 35.318747, 33.285825 ] } },
{ "type": "Feature", "properties": { "name_en": "Halloussiye", "name_ar": "حلوسية", "place_type": "village", "unique_id": "CAS_LBN63048", "district": "Sour", "governorate": "South" }, "geometry": { "type": "Point", "coordinates": [ 35.325303, 33.307856 ] } },
{ "type": "Feature", "properties": { "name_en": "Hallousiyet el Faouqa", "name_ar": "حلوسية الفوقا", "place_type": "village", "unique_id": "CAS_LBN63047", "district": "Sour", "governorate": "South" }, "geometry": { "type": "Point", "coordinates": [ 35.328636, 33.305494 ] } },
{ "type": "Feature", "properties": { "name_en": "Maaroub", "name_ar": "معروب", "place_type": "village", "unique_id": "CAS_LBN63067", "district": "Sour", "governorate": "South" }, "geometry": { "type": "Point", "coordinates": [ 35.346522, 33.2857 ] } },
{ "type": "Feature", "properties": { "name_en": "Tair Filsay", "name_ar": "طير فلسيه", "place_type": "village", "unique_id": "CAS_LBN63105", "district": "Sour", "governorate": "South" }, "geometry": { "type": "Point", "coordinates": [ 35.346983, 33.308958 ] } },
{ "type": "Feature", "properties": { "name_en": "Debaal", "name_ar": "دبعل", "place_type": "village", "unique_id": "CAS_LBN63034", "district": "Sour", "governorate": "South" }, "geometry": { "type": "Point", "coordinates": [ 35.347944, 33.250736 ] } },
{ "type": "Feature", "properties": { "name_en": "Haumeiri", "name_ar": "حميري", "place_type": "village", "unique_id": "CAS_LBN63053", "district": "Sour", "governorate": "South" }, "geometry": { "type": "Point", "coordinates": [ 35.351475, 33.295061 ] } },
{ "type": "Feature", "properties": { "name_en": "Barich", "name_ar": "باريش", "place_type": "village", "unique_id": "CAS_LBN63012", "district": "Sour", "governorate": "South" }, "geometry": { "type": "Point", "coordinates": [ 35.351856, 33.27288 ] } },
{ "type": "Feature", "properties": { "name_en": "Bestiyat", "name_ar": "بستيات", "place_type": "village", "unique_id": "CAS_LBN63016", "district": "Sour", "governorate": "South" }, "geometry": { "type": "Point", "coordinates": [ 35.356142, 33.290083 ] } },
{ "type": "Feature", "properties": { "name_en": "Hanniye", "name_ar": "حنية", "place_type": "village", "unique_id": "CAS_LBN63052", "district": "Sour", "governorate": "South" }, "geometry": { "type": "Point", "coordinates": [ 35.221886, 33.186575 ] } },
{ "type": "Feature", "properties": { "name_en": "Dhaira", "name_ar": "ظهيرة", "place_type": "village", "unique_id": "CAS_LBN63040", "district": "Sour", "governorate": "South" }, "geometry": { "type": "Point", "coordinates": [ 35.2259, 33.101056 ] } },
{ "type": "Feature", "properties": { "name_en": "Majdel Zoun", "name_ar": "مجدل زون", "place_type": "village", "unique_id": "CAS_LBN63070", "district": "Sour", "governorate": "South" }, "geometry": { "type": "Point", "coordinates": [ 35.226175, 33.151186 ] } },
{ "type": "Feature", "properties": { "name_en": "Aazziye", "name_ar": "عزِّيه", "place_type": "village", "unique_id": "CAS_LBN63006", "district": "Sour", "governorate": "South" }, "geometry": { "type": "Point", "coordinates": [ 35.226225, 33.179372 ] } },
{ "type": "Feature", "properties": { "name_en": "Yarine", "name_ar": "يارين", "place_type": "village", "unique_id": "CAS_LBN63111", "district": "Sour", "governorate": "South" }, "geometry": { "type": "Point", "coordinates": [ 35.231336, 33.106392 ] } },
{ "type": "Feature", "properties": { "name_en": "Jebbain", "name_ar": "جبين", "place_type": "village", "unique_id": "CAS_LBN63057", "district": "Sour", "governorate": "South" }, "geometry": { "type": "Point", "coordinates": [ 35.234283, 33.122844 ] } },
{ "type": "Feature", "properties": { "name_en": "Machta El Aaziye", "name_ar": "مشتى العزِية", "place_type": "village", "unique_id": "CAS_LBN63068", "district": "Sour", "governorate": "South" }, "geometry": { "type": "Point", "coordinates": [ 35.242442, 33.182611 ] } },
{ "type": "Feature", "properties": { "name_en": "Zalloutiye", "name_ar": "مزرعة الزلوطية", "place_type": "village", "unique_id": "CAS_LBN63115", "district": "Sour", "governorate": "South" }, "geometry": { "type": "Point", "coordinates": [ 35.246081, 33.111897 ] } },
{ "type": "Feature", "properties": { "name_en": "Oum Toute", "name_ar": "ام التوت", "place_type": "village", "unique_id": "CAS_LBN63087", "district": "Sour", "governorate": "South" }, "geometry": { "type": "Point", "coordinates": [ 35.253861, 33.11323 ] } },
{ "type": "Feature", "properties": { "name_en": "Boustane Sour", "name_ar": "بستان صور", "place_type": "village", "unique_id": "CAS_LBN63025", "district": "Sour", "governorate": "South" }, "geometry": { "type": "Point", "coordinates": [ 35.254553, 33.099661 ] } },
{ "type": "Feature", "properties": { "name_en": "Chihine", "name_ar": "شيحين", "place_type": "village", "unique_id": "CAS_LBN63033", "district": "Sour", "governorate": "South" }, "geometry": { "type": "Point", "coordinates": [ 35.255275, 33.126208 ] } },
{ "type": "Feature", "properties": { "name_en": "Zabqine", "name_ar": "زبقين", "place_type": "village", "unique_id": "CAS_LBN63113", "district": "Sour", "governorate": "South" }, "geometry": { "type": "Point", "coordinates": [ 35.266861, 33.165225 ] } },
{ "type": "Feature", "properties": { "name_en": "Marouahine", "name_ar": "مروحين", "place_type": "village", "unique_id": "CAS_LBN63074", "district": "Sour", "governorate": "South" }, "geometry": { "type": "Point", "coordinates": [ 35.273756, 33.109417 ] } },
{ "type": "Feature", "properties": { "name_en": "Jbal el Botm", "name_ar": "جبال البطم", "place_type": "village", "unique_id": "CAS_LBN63056", "district": "Sour", "governorate": "South" }, "geometry": { "type": "Point", "coordinates": [ 35.290567, 33.176506 ] } },
{ "type": "Feature", "properties": { "name_en": "Mazraat Aaiye", "name_ar": "مزرعة عيا", "place_type": "village", "unique_id": "CAS_LBN63076", "district": "Sour", "governorate": "South" }, "geometry": { "type": "Point", "coordinates": [ 35.306567, 33.1833 ] } },
{ "type": "Feature", "properties": { "name_en": "Siddiqine", "name_ar": "صديقين", "place_type": "village", "unique_id": "CAS_LBN63100", "district": "Sour", "governorate": "South" }, "geometry": { "type": "Point", "coordinates": [ 35.309247, 33.189808 ] } },
{ "type": "Feature", "properties": { "name_en": "Rechkananey", "name_ar": "رشكنانيه", "place_type": "village", "unique_id": "CAS_LBN63095", "district": "Sour", "governorate": "South" }, "geometry": { "type": "Point", "coordinates": [ 35.322908, 33.190169 ] } },
{ "type": "Feature", "properties": { "name_en": "Aamrane", "name_ar": "عمران", "place_type": "village", "unique_id": "CAS_LBN63004", "district": "Sour", "governorate": "South" }, "geometry": { "type": "Point", "coordinates": [ 35.242886, 33.193339 ] } },
{ "type": "Feature", "properties": { "name_en": "Chaaitiyeh", "name_ar": "شعيتية", "place_type": "village", "unique_id": "CAS_LBN63027", "district": "Sour", "governorate": "South" }, "geometry": { "type": "Point", "coordinates": [ 35.2646, 33.196558 ] } },
{ "type": "Feature", "properties": { "name_en": "El Ouardani", "name_ar": "ورداني", "place_type": "village", "unique_id": "CAS_LBN63045", "district": "Sour", "governorate": "South" }, "geometry": { "type": "Point", "coordinates": [ 35.290973, 33.197518 ] } },
{ "type": "Feature", "properties": { "name_en": "El Kleile", "name_ar": "قليلة", "place_type": "village", "unique_id": "CAS_LBN63044", "district": "Sour", "governorate": "South" }, "geometry": { "type": "Point", "coordinates": [ 35.228231, 33.197944 ] } },
{ "type": "Feature", "properties": { "name_en": "Rmadiyeh", "name_ar": "رمادية", "place_type": "village", "unique_id": "CAS_LBN63096", "district": "Sour", "governorate": "South" }, "geometry": { "type": "Point", "coordinates": [ 35.275125, 33.198628 ] } },
{ "type": "Feature", "properties": { "name_en": "Deir Aamess", "name_ar": "ديرعامص", "place_type": "village", "unique_id": "CAS_LBN63035", "district": "Sour", "governorate": "South" }, "geometry": { "type": "Point", "coordinates": [ 35.335217, 33.200703 ] } },
{ "type": "Feature", "properties": { "name_en": "Maaliye", "name_ar": "معليَة", "place_type": "village", "unique_id": "CAS_LBN63065", "district": "Sour", "governorate": "South" }, "geometry": { "type": "Point", "coordinates": [ 35.236928, 33.203908 ] } },
{ "type": "Feature", "properties": { "name_en": "Biyad Sour", "name_ar": "البياض صور", "place_type": "village", "unique_id": "CAS_LBN63017", "district": "Sour", "governorate": "South" }, "geometry": { "type": "Point", "coordinates": [ 35.327272, 33.204122 ] } },
{ "type": "Feature", "properties": { "name_en": "Knisse Sour", "name_ar": "كنيسة صور", "place_type": "village", "unique_id": "CAS_LBN63062", "district": "Sour", "governorate": "South" }, "geometry": { "type": "Point", "coordinates": [ 35.261283, 33.205622 ] } },
{ "type": "Feature", "properties": { "name_en": "Zahriye", "name_ar": "زهيرية", "place_type": "village", "unique_id": "CAS_LBN63114", "district": "Sour", "governorate": "South" }, "geometry": { "type": "Point", "coordinates": [ 35.21665, 33.207523 ] } },
{ "type": "Feature", "properties": { "name_en": "Qana", "name_ar": "قانا", "place_type": "village", "unique_id": "CAS_LBN63089", "district": "Sour", "governorate": "South" }, "geometry": { "type": "Point", "coordinates": [ 35.299328, 33.208286 ] } },
{ "type": "Feature", "properties": { "name_en": "Mazraat Mechref", "name_ar": "مزرعة المشرف", "place_type": "village", "unique_id": "CAS_LBN63080", "district": "Sour", "governorate": "South" }, "geometry": { "type": "Point", "coordinates": [ 35.333983, 33.208861 ] } },
{ "type": "Feature", "properties": { "name_en": "Malkeit es Sahel", "name_ar": "مالكية الساحل", "place_type": "village", "unique_id": "CAS_LBN63071", "district": "Sour", "governorate": "South" }, "geometry": { "type": "Point", "coordinates": [ 35.246403, 33.210036 ] } },
{ "type": "Feature", "properties": { "name_en": "Mahrouneh", "name_ar": "محرونه", "place_type": "village", "unique_id": "CAS_LBN63069", "district": "Sour", "governorate": "South" }, "geometry": { "type": "Point", "coordinates": [ 35.341742, 33.218742 ] } },
{ "type": "Feature", "properties": { "name_en": "Taibe Sour", "name_ar": "الطيبة صور", "place_type": "village", "unique_id": "CAS_LBN63103", "district": "Sour", "governorate": "South" }, "geometry": { "type": "Point", "coordinates": [ 35.229786, 33.220503 ] } },
{ "type": "Feature", "properties": { "name_en": "Hannaouiye", "name_ar": "حناوي", "place_type": "village", "unique_id": "CAS_LBN63051", "district": "Sour", "governorate": "South" }, "geometry": { "type": "Point", "coordinates": [ 35.276569, 33.221136 ] } },
{ "type": "Feature", "properties": { "name_en": "Sammaaiye", "name_ar": "سماعية", "place_type": "village", "unique_id": "CAS_LBN63099", "district": "Sour", "governorate": "South" }, "geometry": { "type": "Point", "coordinates": [ 35.235275, 33.221781 ] } },
{ "type": "Feature", "properties": { "name_en": "Deir Qanoun", "name_ar": "دير قانون", "place_type": "village", "unique_id": "CAS_LBN63037", "district": "Sour", "governorate": "South" }, "geometry": { "type": "Point", "coordinates": [ 35.245, 33.222767 ] } },
{ "type": "Feature", "properties": { "name_en": "Batouliye", "name_ar": "باتوليه", "place_type": "village", "unique_id": "CAS_LBN63013", "district": "Sour", "governorate": "South" }, "geometry": { "type": "Point", "coordinates": [ 35.254425, 33.225397 ] } },
{ "type": "Feature", "properties": { "name_en": "Aaitit", "name_ar": "عيتيت", "place_type": "village", "unique_id": "CAS_LBN63002", "district": "Sour", "governorate": "South" }, "geometry": { "type": "Point", "coordinates": [ 35.305581, 33.227517 ] } },
{ "type": "Feature", "properties": { "name_en": "Ras el Ain", "name_ar": "راس العين", "place_type": "village", "unique_id": "CAS_LBN63093", "district": "Sour", "governorate": "South" }, "geometry": { "type": "Point", "coordinates": [ 35.215946, 33.22978 ] } },
{ "type": "Feature", "properties": { "name_en": "Ain Baal", "name_ar": "عين بعل", "place_type": "village", "unique_id": "CAS_LBN63009", "district": "Sour", "governorate": "South" }, "geometry": { "type": "Point", "coordinates": [ 35.26925, 33.233475 ] } },
{ "type": "Feature", "properties": { "name_en": "Jouaiya", "name_ar": "جويا", "place_type": "village", "unique_id": "CAS_LBN63059", "district": "Sour", "governorate": "South" }, "geometry": { "type": "Point", "coordinates": [ 35.335331, 33.236944 ] } },
{ "type": "Feature", "properties": { "name_en": "Rachidiye", "name_ar": "الرشيدية", "place_type": "village", "unique_id": "CAS_LBN63092", "district": "Sour", "governorate": "South" }, "geometry": { "type": "Point", "coordinates": [ 35.21757, 33.237979 ] } },
{ "type": "Feature", "properties": { "name_en": null, "name_ar": null, "place_type": "village", "unique_id": "OSM_node/529861040", "district": "Sour", "governorate": "South" }, "geometry": { "type": "Point", "coordinates": [ 35.340280899999982, 33.238320699999974 ] } },
{ "type": "Feature", "properties": { "name_en": "Khat Petrol", "name_ar": "خط البترول", "place_type": "village", "unique_id": "CAS_LBN51298", "district": "Akkar", "governorate": "Akkar" }, "geometry": { "type": "Point", "coordinates": [ 36.334, 34.691 ] } },
{ "type": "Feature", "properties": { "name_en": "Haret Chbib", "name_ar": "حارة شبيب", "place_type": "village", "unique_id": "CAS_LBN31064", "district": "Aley", "governorate": "Mount Lebanon" }, "geometry": { "type": "Point", "coordinates": [ 35.466975, 33.774272 ] } },
{ "type": "Feature", "properties": { "name_en": "Fadaous", "name_ar": "فدعوس", "place_type": "village", "unique_id": "CAS_LBN52053", "district": "El Batroun", "governorate": "North" }, "geometry": { "type": "Point", "coordinates": [ 35.655143, 34.228853 ] } },
{ "type": "Feature", "properties": { "name_en": "Madfoun", "name_ar": "مدفون", "place_type": "village", "unique_id": "CAS_LBN52085", "district": "El Batroun", "governorate": "North" }, "geometry": { "type": "Point", "coordinates": [ 35.647947, 34.210781 ] } },
{ "type": "Feature", "properties": { "name_en": "Mazraat Ain ez Zarqa", "name_ar": "مزرعة عين الزرقا", "place_type": "village", "unique_id": "CAS_LBN63077", "district": "Sour", "governorate": "South" }, "geometry": { "type": "Point", "coordinates": [ 35.24401, 33.33659 ] } }
]
}
