{
"type": "FeatureCollection",
"name": "lebanon-governorates",
"crs": { "type": "name", "properties": { "name": "urn:ogc:def:crs:OGC:1.3:CRS84" } },
"features": [
{ "type": "Feature", "properties": { "adm1_name": "Akkar", "adm1_name1": "عكار", "adm1_pcode": "LB7", "center_lat": 34.55238563, "center_lon": 36.20071847 }, "geometry": { "type": "Polygon", "coordinates": [ [ [ 36.335313085, 34.692061254 ], [ 36.339228189999972, 34.691886813999986 ], [ 36.340580707000015, 34.688627108999981 ], [ 36.343984213, 34.689580111 ], [ 36.347927251999977, 34.685369992 ], [ 36.35565015200001, 34.68317087600002 ], [ 36.353866847, 34.679628981 ], [ 36.354696709999985, 34.674286772000016 ], [ 36.350284988, 34.670965951000028 ], [ 36.350510875999987, 34.660641382999984 ], [ 36.355113704000019, 34.657165433999978 ], [ 36.35503775799998, 34.654846297 ], [ 36.35972149600002, 34.647373787 ], [ 36.361632508000014, 34.647332186000028 ], [ 36.36582161299998, 34.642330413000025 ], [ 36.370903951, 34.641873162000024 ], [ 36.383368583999982, 34.632484010999974 ], [ 36.390990852000016, 34.630283586000019 ], [ 36.40203263799998, 34.637692534 ], [ 36.409889793, 34.632205321000015 ], [ 36.41134703900002, 34.629599164000012 ], [ 36.417404278999982, 34.626473214999976 ], [ 36.4223622, 34.626254687000028 ], [ 36.450947749000022, 34.637105356 ], [ 36.458446148, 34.637572295999973 ], [ 36.464918952, 34.635978111999975 ], [ 36.461545635999983, 34.633727818000011 ], [ 36.459499411000024, 34.62960813 ], [ 36.461311731000023, 34.625927121000018 ], [ 36.457081171000027, 34.623452397999984 ], [ 36.457384956999988, 34.619130661999975 ], [ 36.460776646, 34.615656081999987 ], [ 36.459094419, 34.613652628000011 ], [ 36.460722788, 34.610528294 ], [ 36.457801254, 34.605791832000023 ], [ 36.458718149999982, 34.604158270000028 ], [ 36.457367119000025, 34.598837915999979 ], [ 36.456149857000014, 34.599293827999986 ], [ 36.452183586999979, 34.59213868400002 ], [ 36.435540027, 34.591589804000023 ], [ 36.432033972, 34.59292947 ], [ 36.430805142999986, 34.599932556999988 ], [ 36.426264393999986, 34.604606724 ], [ 36.420345070999986, 34.606326178000018 ], [ 36.414757421, 34.605807676999973 ], [ 36.414981991, 34.61214580799998 ], [ 36.410684216999982, 34.610320793000028 ], [ 36.407278045, 34.610744598 ], [ 36.403778715999977, 34.607315964 ], [ 36.403755405000027, 34.603591253 ], [ 36.407216676000019, 34.60040895100002 ], [ 36.402254780000021, 34.59280349 ], [ 36.402651283000012, 34.582183585999985 ], [ 36.396139705, 34.575986591 ], [ 36.399101539000014, 34.572181205999982 ], [ 36.403791109, 34.571319397000025 ], [ 36.415097574000015, 34.563554373999978 ], [ 36.412004239999987, 34.553492115999973 ], [ 36.409162047999985, 34.550910108999972 ], [ 36.388085536, 34.547294559000022 ], [ 36.384400341, 34.543548499 ], [ 36.383788143, 34.537435469 ], [ 36.373411939, 34.535224212 ], [ 36.360865228000023, 34.521966881000026 ], [ 36.354359198999987, 34.519940844000018 ], [ 36.350135799999975, 34.516645916000016 ], [ 36.348442821999981, 34.509700392000013 ], [ 36.337489242, 34.50396415199998 ], [ 36.335400402, 34.505094830000019 ], [ 36.336284305, 34.514617663000024 ], [ 36.332584895000025, 34.522820673000012 ], [ 36.328653318000022, 34.518851026 ], [ 36.323452698999972, 34.517438384 ], [ 36.321451791000015, 34.514469841999983 ], [ 36.315404777000026, 34.515295648 ], [ 36.305248151, 34.504860638000025 ], [ 36.305480137000018, 34.497975892999989 ], [ 36.301341615000013, 34.495516703000021 ], [ 36.297206919000018, 34.495920201 ], [ 36.294716995999977, 34.493465857999979 ], [ 36.292220475000022, 34.483488306000027 ], [ 36.288921139000024, 34.478485352 ], [ 36.27595842300002, 34.470072437999988 ], [ 36.271134378, 34.469839133 ], [ 36.270555507999973, 34.467661436000014 ], [ 36.264266078, 34.464357705 ], [ 36.261023739999985, 34.459844848999978 ], [ 36.250811965000025, 34.457927434999988 ], [ 36.246205319000012, 34.459339272000022 ], [ 36.242907485999979, 34.457354561999978 ], [ 36.23989075999998, 34.450955743 ], [ 36.242305708, 34.445118847 ], [ 36.24147313200001, 34.44039152900001 ], [ 36.242939695000018, 34.439555594000012 ], [ 36.242505774, 34.435296046000019 ], [ 36.245969391000017, 34.434266684000022 ], [ 36.248082184, 34.431677305999983 ], [ 36.248562569, 34.425233049999974 ], [ 36.24457444, 34.421209896 ], [ 36.244956933000026, 34.418699405999973 ], [ 36.235289076000015, 34.41792553099998 ], [ 36.232318389999989, 34.420473631999982 ], [ 36.230691478999972, 34.425030403 ], [ 36.227752953999982, 34.420375928 ], [ 36.222422526, 34.418380225000021 ], [ 36.222055631999979, 34.416646411999977 ], [ 36.213265689000025, 34.419953564000025 ], [ 36.185224308999977, 34.412884566 ], [ 36.169929044000014, 34.418958014 ], [ 36.145473795999976, 34.419833201000017 ], [ 36.141327579, 34.422928416 ], [ 36.140250972, 34.427728152999975 ], [ 36.135891484000012, 34.431255108000016 ], [ 36.135768443000018, 34.433751786000016 ], [ 36.131598890000021, 34.438082286 ], [ 36.11903464300002, 34.447178286 ], [ 36.112406506000013, 34.44497422 ], [ 36.099681959, 34.446662834 ], [ 36.089258149999978, 34.443525927999985 ], [ 36.081963678000022, 34.443714301999989 ], [ 36.071490489999974, 34.447281916 ], [ 36.057859231, 34.445166867000012 ], [ 36.052631948, 34.446059250000019 ], [ 36.046850022, 34.44226815899998 ], [ 36.039333876, 34.441878366000026 ], [ 36.028427111999974, 34.443942228000026 ], [ 36.016649839000024, 34.439285102999975 ], [ 36.010501689000023, 34.440449193 ], [ 36.00427785, 34.43922892 ], [ 35.990734041999985, 34.441927281 ], [ 35.989495031999979, 34.446245690000012 ], [ 35.992308098000024, 34.450301793999984 ], [ 35.989058812, 34.457067398 ], [ 35.987528339999983, 34.466066136999984 ], [ 35.989470231999974, 34.471904822 ], [ 35.98539373, 34.478301525 ], [ 35.985189554999977, 34.482475809999983 ], [ 35.986608163000028, 34.48300001299998 ], [ 35.984363422, 34.485627428999976 ], [ 35.990110265, 34.487327030000017 ], [ 35.989484471000026, 34.493022509000014 ], [ 35.985402674, 34.496890787999973 ], [ 35.983420191, 34.501664192000021 ], [ 35.973655142999974, 34.494304522999983 ], [ 35.966708609000023, 34.496619787999975 ], [ 35.964488135000011, 34.499428621 ], [ 35.962019732999977, 34.50858836499998 ], [ 35.954734357, 34.512550416000011 ], [ 35.961388941999985, 34.517450661 ], [ 35.974286673999984, 34.516760518000012 ], [ 35.97718497, 34.519346406000011 ], [ 35.976101776, 34.520360456999981 ], [ 35.977308462, 34.522378377999985 ], [ 35.977295315999982, 34.519657941999981 ], [ 35.979592976, 34.520184718 ], [ 35.977926634000028, 34.521597836000012 ], [ 35.979835990000026, 34.520431783 ], [ 35.980829756, 34.521373493999988 ], [ 35.986291275999974, 34.529487752000023 ], [ 35.990474301, 34.550747621000028 ], [ 35.991972556, 34.552625434999982 ], [ 35.991899698999987, 34.573205608000023 ], [ 35.98931366, 34.587767826 ], [ 35.975226454, 34.633839292 ], [ 35.977835581000022, 34.635497996000026 ], [ 35.975853052, 34.643234408000012 ], [ 35.980911064999987, 34.644773550000025 ], [ 35.980551849999983, 34.649653691000026 ], [ 35.985954473999982, 34.648209888999986 ], [ 35.990744052000025, 34.650055090000023 ], [ 35.98954533, 34.64403262899998 ], [ 35.991309017, 34.642643537000026 ], [ 35.992879980999987, 34.644630886000016 ], [ 35.995947670000021, 34.642563371999984 ], [ 36.007574058999978, 34.645373311000014 ], [ 36.005777645000023, 34.642098260000012 ], [ 36.019027661999985, 34.635870755999974 ], [ 36.023577934, 34.63529312999998 ], [ 36.024681900000019, 34.631950121999978 ], [ 36.027990394000028, 34.629579466 ], [ 36.034142685, 34.631028676000028 ], [ 36.032946375999984, 34.628585364 ], [ 36.034681233000015, 34.627467309999986 ], [ 36.04261528, 34.629836994000016 ], [ 36.052226279000024, 34.627846482 ], [ 36.054308750000018, 34.632292318999987 ], [ 36.059173913999985, 34.632882331000019 ], [ 36.06306516799998, 34.635854973999983 ], [ 36.064708806999988, 34.635289054999987 ], [ 36.064780835000022, 34.631705222999983 ], [ 36.06760243399998, 34.633996351 ], [ 36.073541072000012, 34.631640026000014 ], [ 36.073697545000016, 34.628128087999983 ], [ 36.076166087, 34.628751153999985 ], [ 36.078189604999977, 34.633764687 ], [ 36.079736303, 34.634267668 ], [ 36.081256671, 34.633511993000013 ], [ 36.080991615000016, 34.630550621999987 ], [ 36.085511274999988, 34.632104944 ], [ 36.089463126, 34.629073006999988 ], [ 36.090525051999975, 34.630549109000015 ], [ 36.092355708000014, 34.62896028900002 ], [ 36.094667533, 34.630875812 ], [ 36.094000506999976, 34.631750845 ], [ 36.097406136000018, 34.633023072000015 ], [ 36.097753244999979, 34.636283971000012 ], [ 36.101204966000012, 34.634469981 ], [ 36.10490880499998, 34.635375265 ], [ 36.109165625, 34.632630145 ], [ 36.115435236, 34.633418633000019 ], [ 36.116462825999974, 34.637269678999985 ], [ 36.122898147, 34.641813090000028 ], [ 36.126929104, 34.641812067999979 ], [ 36.130190074999973, 34.638885816000027 ], [ 36.132971199, 34.639354125000011 ], [ 36.140267801999983, 34.634604291000016 ], [ 36.144282821, 34.63544013 ], [ 36.152047664, 34.633029677000025 ], [ 36.162035278000019, 34.633535966000011 ], [ 36.172223222000014, 34.628339486000016 ], [ 36.175810363999972, 34.629272776 ], [ 36.176776959999984, 34.63276704499998 ], [ 36.179872218000014, 34.634161946 ], [ 36.189522623000016, 34.637134377999985 ], [ 36.197023306, 34.635874345 ], [ 36.20103922200002, 34.637450361 ], [ 36.209306735999974, 34.631929907000028 ], [ 36.219529216000012, 34.630383108 ], [ 36.225917803000016, 34.625821361000021 ], [ 36.227841212999977, 34.629741599999988 ], [ 36.237440174000028, 34.627355959 ], [ 36.236943128, 34.632483193999974 ], [ 36.240929030000018, 34.631761886 ], [ 36.243950069999983, 34.636105453000027 ], [ 36.247626721000017, 34.633218439000018 ], [ 36.262182978, 34.630258205000018 ], [ 36.265257931, 34.627086064000025 ], [ 36.272073020999983, 34.629707644 ], [ 36.277791240999989, 34.628134237999973 ], [ 36.283571857000027, 34.632384398 ], [ 36.288416305, 34.630206875999988 ], [ 36.292281243, 34.633614078999983 ], [ 36.297150395000017, 34.634601843999974 ], [ 36.298353372, 34.638473632 ], [ 36.301310371, 34.640921078000019 ], [ 36.304952545, 34.648126886999989 ], [ 36.305236972999978, 34.65235773400002 ], [ 36.308743814000024, 34.655516734 ], [ 36.303270003000023, 34.665199382000026 ], [ 36.303060442, 34.668213075999972 ], [ 36.305940512, 34.671197446 ], [ 36.310945167, 34.682760200000018 ], [ 36.316508732999978, 34.68348725200002 ], [ 36.316689092999979, 34.685553084 ], [ 36.321060364, 34.689514224999982 ], [ 36.329041866000011, 34.689123705999975 ], [ 36.335313085, 34.692061254 ] ] ] } },
{ "type": "Feature", "properties": { "adm1_name": "Baalbek-El Hermel", "adm1_name1": "بعلبك - الهرمل", "adm1_pcode": "LB8", "center_lat": 34.16815975, "center_lon": 36.29654991 }, "geometry": { "type": "Polygon", "coordinates": [ [ [ 36.333772091000014, 34.518395113 ], [ 36.336284305, 34.514617663000024 ], [ 36.336318807999987, 34.504180544 ], [ 36.350406303, 34.509763411 ], [ 36.352487226, 34.506918916000018 ], [ 36.355298794000021, 34.507246313 ], [ 36.362685148000025, 34.503244656 ], [ 36.375928914999974, 34.503308404999984 ], [ 36.376512897999987, 34.498173104999978 ], [ 36.379515347, 34.50174722600002 ], [ 36.384518782999976, 34.502759968000021 ], [ 36.387430473999984, 34.496139872000015 ], [ 36.397839213999987, 34.500258745 ], [ 36.405514144, 34.501441452 ], [ 36.408255439000015, 34.497539728999982 ], [ 36.41197314599998, 34.499114173 ], [ 36.419238564000011, 34.497308104000012 ], [ 36.430507601999977, 34.497822198 ], [ 36.437851086000023, 34.503145444999973 ], [ 36.445112183, 34.493664044000013 ], [ 36.446449132, 34.488290747 ], [ 36.455932002999987, 34.472192256000028 ], [ 36.465039016999981, 34.462594250999985 ], [ 36.468235742, 34.46268874499998 ], [ 36.471357263000016, 34.460033711999984 ], [ 36.480548899999974, 34.460038011 ], [ 36.487598203, 34.457270983 ], [ 36.502384353000025, 34.462482677000025 ], [ 36.503181401, 34.45804578100001 ], [ 36.500235245999988, 34.458577042 ], [ 36.497387892, 34.456424270000014 ], [ 36.498558888, 34.455129494 ], [ 36.49317811200001, 34.452272015 ], [ 36.49598955099998, 34.449413825000022 ], [ 36.506853644999978, 34.448902681 ], [ 36.510464504000026, 34.446707398 ], [ 36.513604685000018, 34.443722246999982 ], [ 36.508743360999972, 34.439139991 ], [ 36.512801142, 34.440700443000026 ], [ 36.514338224000028, 34.437439184000027 ], [ 36.513000410000018, 34.435908547 ], [ 36.515162057, 34.433715398 ], [ 36.517204137000022, 34.436646358000019 ], [ 36.521572054999979, 34.434708089000026 ], [ 36.523962503, 34.426590144999977 ], [ 36.527364227000021, 34.428272258999982 ], [ 36.527254062999987, 34.430894169 ], [ 36.529542943000024, 34.432805239 ], [ 36.533460235, 34.42955983500002 ], [ 36.531952671, 34.424893845999975 ], [ 36.536347477999982, 34.425826724 ], [ 36.541854194999985, 34.421822148999979 ], [ 36.550153159999979, 34.424269759000026 ], [ 36.555533937, 34.417565299999978 ], [ 36.554765135000025, 34.415544468 ], [ 36.561617454999976, 34.396507342 ], [ 36.550104326999985, 34.385174646 ], [ 36.538606873999981, 34.378174539999975 ], [ 36.537296169, 34.375252408 ], [ 36.529233756, 34.369082831000014 ], [ 36.538483664000012, 34.35655695600002 ], [ 36.546142906999989, 34.339655962999984 ], [ 36.551616723999985, 34.333151803000021 ], [ 36.563223000999983, 34.325743994999982 ], [ 36.556139117999976, 34.309289594 ], [ 36.566613535999977, 34.303113925 ], [ 36.570530152, 34.302580041999988 ], [ 36.574884858000019, 34.296424412000022 ], [ 36.599017548, 34.289345987 ], [ 36.593490669, 34.283676547000027 ], [ 36.57463973900002, 34.274447699 ], [ 36.576712563, 34.274176647 ], [ 36.578360770000018, 34.271672818000013 ], [ 36.578898426000023, 34.265213227 ], [ 36.584858113999985, 34.249369951 ], [ 36.582622275, 34.231785350999985 ], [ 36.589233795999974, 34.222991277 ], [ 36.601808377, 34.220355305999988 ], [ 36.618213403000027, 34.207641641 ], [ 36.62251147, 34.200773793 ], [ 36.622868141000026, 34.195335546000024 ], [ 36.604394345, 34.191817704000016 ], [ 36.60077723500001, 34.185839930999975 ], [ 36.58733135, 34.177167322 ], [ 36.585959906000028, 34.174524588999986 ], [ 36.588523276999979, 34.169100105999973 ], [ 36.584012264000023, 34.165092024999979 ], [ 36.582736551999972, 34.159500539000021 ], [ 36.571791911, 34.156654263 ], [ 36.569026466000025, 34.15211272 ], [ 36.573553538999988, 34.144796841000016 ], [ 36.569050624, 34.14199079399998 ], [ 36.566785704999972, 34.133644049999987 ], [ 36.55387391, 34.129511702 ], [ 36.552284326, 34.131026080000026 ], [ 36.541959790000021, 34.12658117 ], [ 36.540945781, 34.121531061999974 ], [ 36.535084008000013, 34.119944679000014 ], [ 36.525459387000012, 34.114192769999988 ], [ 36.514981358, 34.100119244999973 ], [ 36.510371953, 34.099530222 ], [ 36.507095863000018, 34.090112482999984 ], [ 36.50930164, 34.088308265000023 ], [ 36.515092992, 34.074649545 ], [ 36.508419052000022, 34.062976891 ], [ 36.499400992, 34.055966539 ], [ 36.50100857000001, 34.053638218 ], [ 36.50096614, 34.048139038999977 ], [ 36.489084712000022, 34.04908280799998 ], [ 36.481277738000017, 34.038473163999981 ], [ 36.463851762, 34.043889245 ], [ 36.455478047999975, 34.04369951000001 ], [ 36.442946448999976, 34.049577573000022 ], [ 36.425984877000019, 34.054547792 ], [ 36.416871698000023, 34.041722288000017 ], [ 36.410744503999979, 34.045254721 ], [ 36.402118074999976, 34.041494488000012 ], [ 36.406161028999975, 34.027452088000018 ], [ 36.391392489999987, 34.028769108 ], [ 36.385643689, 34.018644876 ], [ 36.383884808, 34.010040817 ], [ 36.370797972, 34.00439606499998 ], [ 36.363231144999986, 33.982458886000018 ], [ 36.355866790999983, 33.978426311000021 ], [ 36.341556002, 33.977489210999977 ], [ 36.317445189000011, 33.959301980000021 ], [ 36.313106487000027, 33.954775402999985 ], [ 36.289251061000016, 33.917155402 ], [ 36.277754572, 33.903532037 ], [ 36.337042402, 33.874506766000025 ], [ 36.343063653, 33.876053049 ], [ 36.37037142600002, 33.865504892 ], [ 36.390692856999976, 33.854628685000023 ], [ 36.392976878000013, 33.850918428 ], [ 36.394710515999975, 33.833454028 ], [ 36.38994455, 33.829189410000026 ], [ 36.384692504999975, 33.828777570999989 ], [ 36.366957926, 33.833582671999977 ], [ 36.34696914, 33.830338101 ], [ 36.325528769000016, 33.836150265000015 ], [ 36.322182381, 33.832312234000028 ], [ 36.308667666000019, 33.834609478 ], [ 36.299967682999977, 33.833626202 ], [ 36.288957451999977, 33.843153957000027 ], [ 36.283116834999987, 33.845078827 ], [ 36.279941991999976, 33.851937437 ], [ 36.258553510000013, 33.855184161000011 ], [ 36.253118116, 33.857497751999972 ], [ 36.240018280000015, 33.845564489000026 ], [ 36.238011088, 33.834521793000022 ], [ 36.208964037999976, 33.833867164000026 ], [ 36.205607633, 33.832236599999987 ], [ 36.198772838000025, 33.833992777 ], [ 36.192818903999978, 33.830839504999972 ], [ 36.1825551, 33.831639457 ], [ 36.171242082, 33.833149612999989 ], [ 36.165674347, 33.841185005 ], [ 36.165078774, 33.846977681 ], [ 36.152313715, 33.845678846 ], [ 36.146273151, 33.844516962 ], [ 36.137965543, 33.832982005000019 ], [ 36.124974165000026, 33.834352341999988 ], [ 36.11374796299998, 33.833580342 ], [ 36.117126695000024, 33.827744494 ], [ 36.113156821000018, 33.825871631999973 ], [ 36.113277045000018, 33.822336518999975 ], [ 36.111241555, 33.819581192999976 ], [ 36.107420441999977, 33.819298921999973 ], [ 36.102917752, 33.816375236999988 ], [ 36.087159655999983, 33.813707395 ], [ 36.07713492, 33.822236283 ], [ 36.070290536000016, 33.821037795 ], [ 36.071280226, 33.823493687 ], [ 36.080291107999983, 33.829035697 ], [ 36.074635595000018, 33.829258325000012 ], [ 36.078990078, 33.832520714999987 ], [ 36.08336712900001, 33.842031790000021 ], [ 36.08318772299998, 33.845383788 ], [ 36.087865752000027, 33.849658754000018 ], [ 36.08822618, 33.85433717799998 ], [ 36.090409454, 33.854881018000015 ], [ 36.091138340999976, 33.857574456 ], [ 36.100333455, 33.860210536000011 ], [ 36.095612134000021, 33.863305653999987 ], [ 36.096959567999988, 33.865127356000016 ], [ 36.09251266299998, 33.868350033000013 ], [ 36.082998870999972, 33.864205602000027 ], [ 36.07342874, 33.873227293000014 ], [ 36.065497932000028, 33.868075538000028 ], [ 36.060007803000019, 33.869577107 ], [ 36.058024875, 33.866781120999974 ], [ 36.054620098999976, 33.865886499 ], [ 36.050984254000014, 33.868810911000025 ], [ 36.049618697000028, 33.865874102000021 ], [ 36.043634525000016, 33.870683519000011 ], [ 36.036246158999973, 33.873370911 ], [ 36.03920371800001, 33.877192369999989 ], [ 36.031082476, 33.883870313999978 ], [ 36.029673591, 33.877235064999979 ], [ 36.024852689, 33.880331029999979 ], [ 36.014982984000028, 33.873267065999983 ], [ 36.014292824999984, 33.872400312000025 ], [ 36.016410131999976, 33.871682546999978 ], [ 36.013194124, 33.868408961 ], [ 36.008567742000025, 33.864649658000019 ], [ 36.007043151, 33.8657505 ], [ 35.997050566999974, 33.857610298 ], [ 35.998641685999985, 33.866577667 ], [ 35.995293346999972, 33.866481573999977 ], [ 35.986480476, 33.87953509099998 ], [ 35.983881512999972, 33.879561217 ], [ 35.98028687599998, 33.883090381999978 ], [ 35.98375271499998, 33.888578422000023 ], [ 35.977849973, 33.897123208999972 ], [ 35.97245523700002, 33.898985068 ], [ 35.970814304999976, 33.905981845999975 ], [ 35.967188283999974, 33.909114583000019 ], [ 35.96213798399998, 33.909946385000012 ], [ 35.956745078999973, 33.915961665 ], [ 35.949376733, 33.91377380199998 ], [ 35.943541579, 33.909175815000026 ], [ 35.938315741999986, 33.913060772 ], [ 35.933061431999988, 33.914092211000025 ], [ 35.930382216, 33.916863824000018 ], [ 35.920738943, 33.917603526999983 ], [ 35.914714667, 33.932697096000027 ], [ 35.909113364, 33.934397317 ], [ 35.906816788000015, 33.933244167999987 ], [ 35.885777249, 33.939907409 ], [ 35.878202402, 33.949557616 ], [ 35.901970531000018, 33.966327235 ], [ 35.90102291300002, 33.974573642999985 ], [ 35.902157292000027, 33.986175931999981 ], [ 35.91462938, 34.002210193999986 ], [ 35.922707560999982, 34.008988686 ], [ 35.926100728999984, 34.007118135999974 ], [ 35.928487252000025, 34.009317872999986 ], [ 35.943167121999977, 34.014090020000026 ], [ 35.950742720999983, 34.02651461 ], [ 35.964617471999986, 34.042569218999972 ], [ 35.968091410999989, 34.038514954 ], [ 35.974585190000028, 34.047739213 ], [ 35.984294546, 34.085950949999983 ], [ 35.994249317000026, 34.088077601 ], [ 36.003049901, 34.087855354999988 ], [ 36.002052944000013, 34.092828610000026 ], [ 36.004308948000016, 34.098099287000025 ], [ 36.005911610999988, 34.110512523000011 ], [ 36.009814714000015, 34.118721228000027 ], [ 36.013668269, 34.122630873 ], [ 36.021286993, 34.141962084999989 ], [ 36.034568084999989, 34.164309354000011 ], [ 36.004166074000011, 34.168328046999989 ], [ 36.019780518, 34.171988543999987 ], [ 36.021792334999986, 34.177165163999973 ], [ 36.035121478, 34.19420024599998 ], [ 36.045972467000013, 34.204792568000016 ], [ 36.052193273, 34.206217321999986 ], [ 36.06202579, 34.212200823999979 ], [ 36.06982351900001, 34.224039319999974 ], [ 36.080977307000012, 34.234109753999974 ], [ 36.087720760000025, 34.245727407 ], [ 36.092160689000025, 34.247339696999973 ], [ 36.106040709000013, 34.262692437 ], [ 36.108939297, 34.268952296 ], [ 36.119957036000017, 34.272335409 ], [ 36.13043993399998, 34.283450878999986 ], [ 36.129772152999976, 34.28466656 ], [ 36.138213699, 34.287255851 ], [ 36.13619210600001, 34.294027694000022 ], [ 36.137387522999973, 34.297023755999987 ], [ 36.140615606999972, 34.298902102 ], [ 36.14073894, 34.309377634999976 ], [ 36.144171436000022, 34.312487406 ], [ 36.148757476000014, 34.313917931 ], [ 36.164967064999985, 34.341214716000025 ], [ 36.176081759999988, 34.343404341999985 ], [ 36.180147278999982, 34.346537720000015 ], [ 36.180141522999975, 34.351022778000015 ], [ 36.184028074000025, 34.363139186000012 ], [ 36.180963449999979, 34.369109149999986 ], [ 36.182256807999977, 34.371950794999975 ], [ 36.179554643000017, 34.376851510999984 ], [ 36.181084182, 34.388168184 ], [ 36.178574246999972, 34.390225035000014 ], [ 36.174679082000011, 34.390088312999978 ], [ 36.171044956, 34.393045691 ], [ 36.165608842999973, 34.391797536000013 ], [ 36.155430739, 34.399110856 ], [ 36.142575201, 34.414490179999973 ], [ 36.142499663000024, 34.42171143500002 ], [ 36.145473795999976, 34.419833201000017 ], [ 36.169929044000014, 34.418958014 ], [ 36.185224308999977, 34.412884566 ], [ 36.213265689000025, 34.419953564000025 ], [ 36.222055631999979, 34.416646411999977 ], [ 36.222422526, 34.418380225000021 ], [ 36.227752953999982, 34.420375928 ], [ 36.230691478999972, 34.425030403 ], [ 36.232318389999989, 34.420473631999982 ], [ 36.235289076000015, 34.41792553099998 ], [ 36.244956933000026, 34.418699405999973 ], [ 36.24457444, 34.421209896 ], [ 36.248562569, 34.425233049999974 ], [ 36.248082184, 34.431677305999983 ], [ 36.245969391000017, 34.434266684000022 ], [ 36.242505774, 34.435296046000019 ], [ 36.242939695000018, 34.439555594000012 ], [ 36.24147313200001, 34.44039152900001 ], [ 36.242305708, 34.445118847 ], [ 36.23989075999998, 34.450955743 ], [ 36.242907485999979, 34.457354561999978 ], [ 36.246205319000012, 34.459339272000022 ], [ 36.250811965000025, 34.457927434999988 ], [ 36.261023739999985, 34.459844848999978 ], [ 36.264266078, 34.464357705 ], [ 36.270555507999973, 34.467661436000014 ], [ 36.271134378, 34.469839133 ], [ 36.27595842300002, 34.470072437999988 ], [ 36.288921139000024, 34.478485352 ], [ 36.292220475000022, 34.483488306000027 ], [ 36.294716995999977, 34.493465857999979 ], [ 36.297206919000018, 34.495920201 ], [ 36.301341615000013, 34.495516703000021 ], [ 36.305480137000018, 34.497975892999989 ], [ 36.305248151, 34.504860638000025 ], [ 36.311962431999973, 34.512638359 ], [ 36.31561248700001, 34.515363340000022 ], [ 36.321660951000013, 34.514572483 ], [ 36.323452698999972, 34.517438384 ], [ 36.328653318000022, 34.518851026 ], [ 36.332584895000025, 34.522820673000012 ], [ 36.332528786000012, 34.520951427 ], [ 36.334771326, 34.51997283999998 ], [ 36.333772091000014, 34.518395113 ] ] ] } },
{ "type": "Feature", "properties": { "adm1_name": "Beirut", "adm1_name1": "بيروت", "adm1_pcode": "LB1", "center_lat": 33.88927198, "center_lon": 35.50241919 }, "geometry": { "type": "Polygon", "coordinates": [ [ [ 35.516607078999982, 33.90502329100002 ], [ 35.507841025, 33.902766830000019 ], [ 35.507823077000012, 33.900964890000012 ], [ 35.510713157999987, 33.899672188000011 ], [ 35.510865105999983, 33.901893874 ], [ 35.513062188, 33.902201478999984 ], [ 35.513213891000021, 33.900485534999973 ], [ 35.516281138000011, 33.900257436 ], [ 35.516904151, 33.903202146000012 ], [ 35.519342687, 33.904253163000021 ], [ 35.520150054999988, 33.901330001000019 ], [ 35.523596995999981, 33.903398263999975 ], [ 35.523309120000022, 33.906126453000013 ], [ 35.525791890999983, 33.907786542999986 ], [ 35.526364032, 33.905146183999989 ], [ 35.530254582, 33.906564730000014 ], [ 35.530306844999984, 33.90945304600001 ], [ 35.536817889000019, 33.908810548000019 ], [ 35.537677886999973, 33.907415327000024 ], [ 35.535878438999987, 33.90457256000002 ], [ 35.539433853999981, 33.905727201 ], [ 35.542332652000027, 33.90423615200001 ], [ 35.538603723999984, 33.900965332999988 ], [ 35.534919066999976, 33.893653586000028 ], [ 35.53005579, 33.877316919 ], [ 35.523311865999972, 33.877187725 ], [ 35.518910682000012, 33.874816445000022 ], [ 35.516886570999986, 33.870964876000016 ], [ 35.514796932000024, 33.871045102999972 ], [ 35.509326900000019, 33.86715091100001 ], [ 35.510504363999985, 33.862835247000021 ], [ 35.502996102, 33.863134447 ], [ 35.503111532999981, 33.867704628000013 ], [ 35.48063731000002, 33.867396266000014 ], [ 35.478322455000011, 33.882326345000024 ], [ 35.472447381999984, 33.884037416000012 ], [ 35.472375836000026, 33.885969478 ], [ 35.470599994, 33.88604942500001 ], [ 35.471951819000026, 33.887024853000014 ], [ 35.468224658, 33.887348996000014 ], [ 35.47148769, 33.889881425 ], [ 35.466920905, 33.893211466000025 ], [ 35.467475703, 33.895284296999989 ], [ 35.469772767, 33.896226746000025 ], [ 35.46790947, 33.896364918000017 ], [ 35.468544298999973, 33.89870154 ], [ 35.469959954999979, 33.898103054999979 ], [ 35.468430859000023, 33.899940835 ], [ 35.481142074, 33.903632996999988 ], [ 35.489513722000027, 33.901673196 ], [ 35.497189487000014, 33.905555397 ], [ 35.49459907, 33.902967709 ], [ 35.496978091000017, 33.90180945100002 ], [ 35.498548261999986, 33.904601690999982 ], [ 35.511004070000013, 33.906962319 ], [ 35.512265929000023, 33.904213079999977 ], [ 35.525682619, 33.910195107999982 ], [ 35.53305760500001, 33.915973333000011 ], [ 35.526368303000027, 33.910253167 ], [ 35.516607078999982, 33.90502329100002 ] ] ] } },
{ "type": "Feature", "properties": { "adm1_name": "Bekaa", "adm1_name1": "البقاع", "adm1_pcode": "LB2", "center_lat": 33.64016426, "center_lon": 35.80972627 }, "geometry": { "type": "Polygon", "coordinates": [ [ [ 35.907870691000028, 33.93421999200001 ], [ 35.915500485, 33.931698894000021 ], [ 35.916575271, 33.925933578000013 ], [ 35.919348405999983, 33.922790201 ], [ 35.919699822999974, 33.91807793800001 ], [ 35.930382216, 33.916863824000018 ], [ 35.933061431999988, 33.914092211000025 ], [ 35.938315741999986, 33.913060772 ], [ 35.943541579, 33.909175815000026 ], [ 35.949376733, 33.91377380199998 ], [ 35.956745078999973, 33.915961665 ], [ 35.96213798399998, 33.909946385000012 ], [ 35.966049559, 33.909687608000013 ], [ 35.970814304999976, 33.905981845999975 ], [ 35.97245523700002, 33.898985068 ], [ 35.977849973, 33.897123208999972 ], [ 35.98375271499998, 33.888578422000023 ], [ 35.98028687599998, 33.883090381999978 ], [ 35.983881512999972, 33.879561217 ], [ 35.986480476, 33.87953509099998 ], [ 35.995293346999972, 33.866481573999977 ], [ 35.998641685999985, 33.866577667 ], [ 35.997050566999974, 33.857610298 ], [ 36.007043151, 33.8657505 ], [ 36.008567742000025, 33.864649658000019 ], [ 36.013194124, 33.868408961 ], [ 36.016410131999976, 33.871682546999978 ], [ 36.014292824999984, 33.872400312000025 ], [ 36.014982984000028, 33.873267065999983 ], [ 36.024852689, 33.880331029999979 ], [ 36.029673591, 33.877235064999979 ], [ 36.031082476, 33.883870313999978 ], [ 36.03920371800001, 33.877192369999989 ], [ 36.036246158999973, 33.873370911 ], [ 36.043634525000016, 33.870683519000011 ], [ 36.048964757000022, 33.86608484300001 ], [ 36.050085441000022, 33.865907264999976 ], [ 36.049328007999975, 33.867094462000011 ], [ 36.050984254000014, 33.868810911000025 ], [ 36.054620098999976, 33.865886499 ], [ 36.058024875, 33.866781120999974 ], [ 36.060007803000019, 33.869577107 ], [ 36.065497932000028, 33.868075538000028 ], [ 36.07342874, 33.873227293000014 ], [ 36.082998870999972, 33.864205602000027 ], [ 36.09251266299998, 33.868350033000013 ], [ 36.096959567999988, 33.865127356000016 ], [ 36.095612134000021, 33.863305653999987 ], [ 36.100379965, 33.860539070000016 ], [ 36.091138340999976, 33.857574456 ], [ 36.090409454, 33.854881018000015 ], [ 36.08822618, 33.85433717799998 ], [ 36.087865752000027, 33.849658754000018 ], [ 36.08318772299998, 33.845383788 ], [ 36.08336712900001, 33.842031790000021 ], [ 36.078990078, 33.832520714999987 ], [ 36.074635595000018, 33.829258325000012 ], [ 36.080291107999983, 33.829035697 ], [ 36.071129711000026, 33.823353161 ], [ 36.067333733, 33.816042558999982 ], [ 36.057132441000022, 33.804480700999989 ], [ 36.049136874999988, 33.785682839 ], [ 36.044585276000021, 33.779492048 ], [ 36.036728209999978, 33.773136524 ], [ 36.032487048, 33.76583169700001 ], [ 36.02787198599998, 33.763863185 ], [ 36.018390013999976, 33.769472367 ], [ 36.011803016999977, 33.769715209000026 ], [ 36.009453791999988, 33.767584589000023 ], [ 36.011743556, 33.762613091 ], [ 36.004653819, 33.754603014 ], [ 35.998063987000023, 33.741100264000011 ], [ 35.990011198, 33.733493889999977 ], [ 35.98786702000001, 33.726153819 ], [ 35.981008168000017, 33.726463342999978 ], [ 35.976968087999978, 33.729410067 ], [ 35.974798360000023, 33.729013384999973 ], [ 35.975323656, 33.724079834 ], [ 35.971684787000015, 33.72025877599998 ], [ 35.969983819999982, 33.714226194999981 ], [ 35.972098449999976, 33.706375639999976 ], [ 35.968236895000018, 33.700504686999977 ], [ 35.969057158999988, 33.697464389 ], [ 35.97420583600001, 33.693671328 ], [ 35.975104332, 33.688956785000016 ], [ 35.972809849999976, 33.688916576999986 ], [ 35.971763687000021, 33.68478131 ], [ 35.969164229, 33.683506228999988 ], [ 35.967278164, 33.67626878599998 ], [ 35.95671246500001, 33.673127102000024 ], [ 35.951543997999977, 33.674607687 ], [ 35.947430125999972, 33.671739789000014 ], [ 35.945567385, 33.660121112000013 ], [ 35.941379491000021, 33.654546233000019 ], [ 35.934391768000012, 33.650599331000024 ], [ 35.937075429, 33.647752745 ], [ 35.935437638, 33.645356956 ], [ 35.937439090999987, 33.639266798999984 ], [ 35.950297830000011, 33.63695312599998 ], [ 35.952077906999989, 33.634883253 ], [ 35.955456640000023, 33.634463970000013 ], [ 35.965375817, 33.634963984000024 ], [ 35.972823179999978, 33.639071836000028 ], [ 35.979291530000012, 33.637068998000018 ], [ 35.97936727299998, 33.63449276 ], [ 35.991036048000012, 33.625131554 ], [ 35.99794391, 33.624640178 ], [ 36.019056589, 33.618581264999989 ], [ 36.024930858, 33.612807189000023 ], [ 36.030813721000015, 33.610759168000016 ], [ 36.032506722, 33.60865577300001 ], [ 36.032567085999972, 33.604649916000028 ], [ 36.037037499, 33.60441253800002 ], [ 36.056643485, 33.592152854 ], [ 36.060845363, 33.588174965 ], [ 36.062062372000014, 33.582655849999981 ], [ 36.066318630000012, 33.57885253 ], [ 36.064262370999984, 33.57547673900001 ], [ 36.052829299, 33.567297686000018 ], [ 36.027280053000027, 33.541376481999976 ], [ 36.015417548000016, 33.542529657999978 ], [ 35.989178469000024, 33.533746902000019 ], [ 35.969103706999988, 33.532961791 ], [ 35.944701022, 33.524091371 ], [ 35.942172094999989, 33.520940912000015 ], [ 35.944568487000026, 33.509145647000025 ], [ 35.958820065999987, 33.499860795000018 ], [ 35.95624985500001, 33.499244234 ], [ 35.954509834000021, 33.494886313999984 ], [ 35.954076209999982, 33.479648079000015 ], [ 35.949398701, 33.472149366999986 ], [ 35.934624770000028, 33.459636664000016 ], [ 35.915034680000019, 33.447379985 ], [ 35.90062242099998, 33.435239632 ], [ 35.875917220000019, 33.422199352 ], [ 35.864311766000014, 33.418384184 ], [ 35.826925467000024, 33.397231738000016 ], [ 35.822426287999974, 33.392450750000023 ], [ 35.819181265, 33.384621008000011 ], [ 35.818680056, 33.376445611 ], [ 35.815996004999988, 33.371967477999988 ], [ 35.818134018000023, 33.364446113999975 ], [ 35.816436097, 33.357942594 ], [ 35.813309376, 33.355368876 ], [ 35.804718948000016, 33.353054575999977 ], [ 35.795750596, 33.345444354 ], [ 35.788599681, 33.346671195999988 ], [ 35.785058957999979, 33.349292080999987 ], [ 35.777306055999986, 33.35144994 ], [ 35.776613540000028, 33.355381024999986 ], [ 35.770024305999982, 33.357949528 ], [ 35.76737682800001, 33.361784843 ], [ 35.763012455000023, 33.361512059 ], [ 35.773915188999979, 33.37568955 ], [ 35.774676693, 33.381682002 ], [ 35.779450182, 33.39086787399998 ], [ 35.78853714600001, 33.403086546999987 ], [ 35.786019367, 33.406854943999974 ], [ 35.780014592999976, 33.405336337 ], [ 35.77692721, 33.406662563999987 ], [ 35.777342569999973, 33.411117793000017 ], [ 35.770049694000022, 33.423643243000015 ], [ 35.769020663, 33.423040495 ], [ 35.76686057500001, 33.426147930000013 ], [ 35.767461013, 33.429176746 ], [ 35.758768738000015, 33.434794437999983 ], [ 35.759415500999978, 33.438767631000019 ], [ 35.754296231000012, 33.440177774 ], [ 35.755558598, 33.442075929999987 ], [ 35.752463416000012, 33.443868176000024 ], [ 35.754952597999988, 33.444329102999973 ], [ 35.753872108999985, 33.445027902999982 ], [ 35.755132485, 33.447143332999985 ], [ 35.753258534, 33.448738053 ], [ 35.754489792000015, 33.450579587 ], [ 35.756925922999983, 33.450688747000015 ], [ 35.758482013, 33.456182016000014 ], [ 35.760590072000014, 33.456259309000018 ], [ 35.755179645, 33.464069543 ], [ 35.758388745, 33.466415203999986 ], [ 35.758373853000023, 33.468307391999986 ], [ 35.746053931, 33.47883108000002 ], [ 35.735592379000025, 33.476313651 ], [ 35.724008562999984, 33.467690587 ], [ 35.719241857999975, 33.469302847 ], [ 35.718447113000025, 33.466556347 ], [ 35.715635022000015, 33.466093127000022 ], [ 35.711123612, 33.462184079 ], [ 35.704942754, 33.463720954999985 ], [ 35.701632346999986, 33.459118613999976 ], [ 35.695670924000012, 33.459299118 ], [ 35.695158783000011, 33.461772290999988 ], [ 35.697462455999982, 33.464230101 ], [ 35.694235686000013, 33.465299553000023 ], [ 35.694881461000023, 33.466173626999989 ], [ 35.69173239700001, 33.467425862000027 ], [ 35.687858817, 33.46512028799998 ], [ 35.686336843999982, 33.466290147999985 ], [ 35.68268208, 33.456247287 ], [ 35.684405579999975, 33.450755166000022 ], [ 35.681216834999987, 33.450332452999987 ], [ 35.678553646000012, 33.447427581 ], [ 35.680031165, 33.446660803999976 ], [ 35.677762745999985, 33.445930948000012 ], [ 35.675638807999974, 33.442303923 ], [ 35.67005384700002, 33.439411666000012 ], [ 35.668763324999986, 33.430600554000023 ], [ 35.666807326000026, 33.430568850999975 ], [ 35.664942301, 33.42687788 ], [ 35.663120653000021, 33.427753670000016 ], [ 35.661634248999974, 33.423811592999982 ], [ 35.657886948, 33.423206134999987 ], [ 35.658008382999981, 33.42090282700002 ], [ 35.656351938, 33.426111116000015 ], [ 35.653723477000028, 33.425893916 ], [ 35.651484148, 33.432179474 ], [ 35.652427967, 33.433395183000016 ], [ 35.650150075, 33.435708379 ], [ 35.646524219000014, 33.435327352 ], [ 35.636868763999985, 33.428491996999981 ], [ 35.631736919, 33.427903453999988 ], [ 35.62946745, 33.433185557 ], [ 35.631850746999987, 33.435047716999975 ], [ 35.637320268999986, 33.446048795000024 ], [ 35.633329569000011, 33.446301423000023 ], [ 35.629684552000015, 33.448875842 ], [ 35.624217306999981, 33.448288140999978 ], [ 35.615414473999977, 33.432332846 ], [ 35.609314817999973, 33.431364622999979 ], [ 35.612572302, 33.442390398999976 ], [ 35.614936968, 33.443298602000027 ], [ 35.614355343, 33.447351584999979 ], [ 35.61694959099998, 33.450645157999986 ], [ 35.614026175999982, 33.454219836999982 ], [ 35.614389575000018, 33.461338586000011 ], [ 35.618983521000018, 33.464311579000025 ], [ 35.62096843, 33.470086422 ], [ 35.619944804999989, 33.476412956 ], [ 35.623459216000015, 33.480342412000027 ], [ 35.62486487000001, 33.48800939900002 ], [ 35.624920503999988, 33.491019001999973 ], [ 35.623339305, 33.492454434000024 ], [ 35.631250636, 33.49972412 ], [ 35.629869015999986, 33.506288494999978 ], [ 35.632873330999985, 33.508339268999976 ], [ 35.628814060000025, 33.511731402 ], [ 35.629012914999976, 33.514654692000022 ], [ 35.631943601999978, 33.514902333 ], [ 35.633920964000026, 33.517871408000019 ], [ 35.630779213999972, 33.522312393999982 ], [ 35.63467241799998, 33.526000706 ], [ 35.634296646999985, 33.531760647 ], [ 35.643162497999981, 33.542726475 ], [ 35.647070625000026, 33.555549174000021 ], [ 35.650550904, 33.557693412999981 ], [ 35.648943583, 33.561266919 ], [ 35.654947864, 33.578874500999973 ], [ 35.654558927999972, 33.589162774999977 ], [ 35.658518851999986, 33.590807285999972 ], [ 35.661759126, 33.602043434999985 ], [ 35.674181517000022, 33.628016407000018 ], [ 35.674241935999987, 33.631935477000013 ], [ 35.68206109800002, 33.639860418000012 ], [ 35.683435229, 33.643996526000024 ], [ 35.686775298999976, 33.646168054999976 ], [ 35.691544625, 33.654950311999983 ], [ 35.691800988000011, 33.659112471000014 ], [ 35.695797082000013, 33.663186296999982 ], [ 35.69664290999998, 33.668454277000023 ], [ 35.701355447000026, 33.664265320000027 ], [ 35.701465359999986, 33.661522750000017 ], [ 35.704113813, 33.658104813000023 ], [ 35.703498748000015, 33.656088451000016 ], [ 35.708192646999976, 33.653070488000026 ], [ 35.713706603999981, 33.654398061999984 ], [ 35.707001085, 33.659678174000021 ], [ 35.705855225999983, 33.659203806999983 ], [ 35.703431551, 33.666828861999988 ], [ 35.699215421000019, 33.672027187000026 ], [ 35.699182173999986, 33.676524879999988 ], [ 35.706755085, 33.679272928999978 ], [ 35.713047108000012, 33.684393434000015 ], [ 35.715529446, 33.683240732 ], [ 35.724595753000017, 33.692126783 ], [ 35.732395261000022, 33.68896027 ], [ 35.735879806000014, 33.695818035 ], [ 35.742723098, 33.700725434999981 ], [ 35.745998037, 33.705522927 ], [ 35.749747241000023, 33.698197747 ], [ 35.753765760000022, 33.696486990999972 ], [ 35.759565055999985, 33.708934008000028 ], [ 35.75411260300001, 33.707785824999974 ], [ 35.748843061, 33.709764636999978 ], [ 35.746905712, 33.707760513999972 ], [ 35.739711436999983, 33.714530834000016 ], [ 35.735835038, 33.722464671000012 ], [ 35.736447919999989, 33.725317642999983 ], [ 35.74443414000001, 33.723882479999986 ], [ 35.752387073000023, 33.717682017000016 ], [ 35.760751215000028, 33.722770851 ], [ 35.759898043000021, 33.726323211000022 ], [ 35.76411600900002, 33.733506111999986 ], [ 35.769491298, 33.735361239999975 ], [ 35.779240519999973, 33.744868651 ], [ 35.780843259, 33.740738610999983 ], [ 35.786327196, 33.747522318 ], [ 35.793834575, 33.752297898 ], [ 35.803019561999974, 33.770681594999985 ], [ 35.804876928, 33.780596328 ], [ 35.811420957, 33.787339769000027 ], [ 35.810572432000015, 33.792112383000017 ], [ 35.801023557, 33.789270583000018 ], [ 35.789546297000015, 33.792842224000026 ], [ 35.783022003999974, 33.792696866000028 ], [ 35.780663202000028, 33.791230004 ], [ 35.775028718999977, 33.794580181000015 ], [ 35.775097562999974, 33.797560487 ], [ 35.767792305, 33.804290875999982 ], [ 35.766576219, 33.809673573999987 ], [ 35.780685786999982, 33.81268864499998 ], [ 35.784801877, 33.809667296999976 ], [ 35.792944423999984, 33.809409797 ], [ 35.789634283999987, 33.813769407 ], [ 35.791930144999981, 33.823017100000015 ], [ 35.796284273000026, 33.822967248999987 ], [ 35.799781427000028, 33.826252556999975 ], [ 35.802586147999989, 33.825971474000028 ], [ 35.801081623000016, 33.829964003999976 ], [ 35.797074543, 33.833317916999988 ], [ 35.797829557999989, 33.841086970999982 ], [ 35.81017477, 33.848527220999983 ], [ 35.813868317000015, 33.854017232 ], [ 35.823896962, 33.861974831999987 ], [ 35.825612719, 33.869211773000018 ], [ 35.833060752, 33.871370346 ], [ 35.832337740000014, 33.87394996 ], [ 35.834001507999972, 33.87727408500001 ], [ 35.842213045, 33.880216388 ], [ 35.843914611, 33.879581874 ], [ 35.847626595, 33.882746941 ], [ 35.848012512000025, 33.885852723000028 ], [ 35.844374443999982, 33.886409671000024 ], [ 35.846403109999983, 33.891264472999978 ], [ 35.852740496000024, 33.890890206 ], [ 35.854445019000025, 33.894860815000015 ], [ 35.859532107, 33.894429393999985 ], [ 35.861302312000021, 33.900299930000017 ], [ 35.858574362000013, 33.902810499999987 ], [ 35.854900451, 33.902871565 ], [ 35.854034492999972, 33.904782986999976 ], [ 35.86039252, 33.911264625 ], [ 35.863191538000024, 33.917270315999986 ], [ 35.868111759999977, 33.918392696000012 ], [ 35.870430095000017, 33.916642286000013 ], [ 35.871108417000016, 33.913671969 ], [ 35.874607841, 33.912941443000022 ], [ 35.878372549, 33.913554061000013 ], [ 35.879425103000017, 33.916190056 ], [ 35.889847593000013, 33.916955927 ], [ 35.895298132, 33.919677811999975 ], [ 35.907870691000028, 33.93421999200001 ] ] ] } },
{ "type": "Feature", "properties": { "adm1_name": "El Nabatieh", "adm1_name1": "النبطية", "adm1_pcode": "LB4", "center_lat": 33.28326681, "center_lon": 35.4969264 }, "geometry": { "type": "Polygon", "coordinates": [ [ [ 35.528269556, 33.511338740999975 ], [ 35.532990792000021, 33.510048797000024 ], [ 35.52950230099998, 33.503538959000025 ], [ 35.535788868999987, 33.509334991 ], [ 35.551127662999988, 33.504827464000016 ], [ 35.552875777, 33.505670364000025 ], [ 35.548440658, 33.500206221999974 ], [ 35.546224564, 33.494206518 ], [ 35.538549756, 33.486318133 ], [ 35.541223143000025, 33.487851485000022 ], [ 35.54728552, 33.487216046000015 ], [ 35.544596292999984, 33.485458387 ], [ 35.545150722000017, 33.481890169999986 ], [ 35.543549096999982, 33.481049622 ], [ 35.541193869999972, 33.483190714999978 ], [ 35.538419971999986, 33.481141066000021 ], [ 35.540045733999989, 33.478619759000026 ], [ 35.534159885, 33.475978188999989 ], [ 35.532978736000018, 33.472643268000013 ], [ 35.527513294000016, 33.4733539 ], [ 35.525770469, 33.466150417999984 ], [ 35.521338031000028, 33.459207016999983 ], [ 35.531142143000011, 33.455501573 ], [ 35.530451011000025, 33.454346746999988 ], [ 35.533054653000022, 33.453111659 ], [ 35.530944449, 33.451384646 ], [ 35.540375289999986, 33.450241450000021 ], [ 35.536904887999981, 33.448647511 ], [ 35.534828963, 33.443569104 ], [ 35.531593851000025, 33.442198941000015 ], [ 35.529994465000016, 33.437793329999977 ], [ 35.524152559000015, 33.434989703999975 ], [ 35.526256891, 33.434395056000028 ], [ 35.523507443000028, 33.429248798 ], [ 35.528760695000017, 33.423876041000028 ], [ 35.529007509999985, 33.421862181 ], [ 35.534435529, 33.420858705 ], [ 35.537687536000021, 33.42185729800002 ], [ 35.543262095999978, 33.419472337 ], [ 35.527175193, 33.394294022999986 ], [ 35.529023124, 33.391047578999974 ], [ 35.524579459, 33.390356414999985 ], [ 35.524075364999987, 33.388969185 ], [ 35.525546201999987, 33.378320598000016 ], [ 35.523787256, 33.377553918 ], [ 35.52434370200001, 33.36604180400002 ], [ 35.531968754, 33.365798825000013 ], [ 35.536410682999986, 33.368435948000013 ], [ 35.540219138999987, 33.359508846999972 ], [ 35.538354228, 33.355922964 ], [ 35.537935485, 33.35177252699998 ], [ 35.539193918000024, 33.350931786 ], [ 35.541534954999975, 33.350646679000022 ], [ 35.546633491000023, 33.353558459 ], [ 35.547053332000019, 33.357947030999981 ], [ 35.54980735800001, 33.360310159 ], [ 35.548323964000019, 33.366952133999973 ], [ 35.554281944000024, 33.375179195999976 ], [ 35.558380811, 33.377620438 ], [ 35.562719577999985, 33.378295838999975 ], [ 35.564915026, 33.381187118000014 ], [ 35.568047325, 33.382054330000017 ], [ 35.576813372, 33.382623183000021 ], [ 35.584917843000028, 33.379412149000018 ], [ 35.592593943, 33.381981047000011 ], [ 35.594823344000019, 33.385478632 ], [ 35.596228214, 33.394741625 ], [ 35.601768911000022, 33.396695946000023 ], [ 35.607547405999981, 33.40331011 ], [ 35.610673529999985, 33.413513566 ], [ 35.617847134999977, 33.416422784000019 ], [ 35.61873619, 33.414121335 ], [ 35.622883865, 33.412073467000027 ], [ 35.623954143, 33.420325618 ], [ 35.630842648, 33.424636356 ], [ 35.631099012999982, 33.427667793000012 ], [ 35.636868763999985, 33.428491996999981 ], [ 35.646524219000014, 33.435327352 ], [ 35.650150075, 33.435708379 ], [ 35.652427967, 33.433395183000016 ], [ 35.651484148, 33.432179474 ], [ 35.653723477000028, 33.425893916 ], [ 35.656351938, 33.426111116000015 ], [ 35.656950091, 33.422537475000013 ], [ 35.658397275000027, 33.42110414299998 ], [ 35.657886948, 33.423206134999987 ], [ 35.661634248999974, 33.423811592999982 ], [ 35.663120653000021, 33.427753670000016 ], [ 35.664942301, 33.42687788 ], [ 35.666807326000026, 33.430568850999975 ], [ 35.668763324999986, 33.430600554000023 ], [ 35.67005384700002, 33.439411666000012 ], [ 35.675638807999974, 33.442303923 ], [ 35.677762745999985, 33.445930948000012 ], [ 35.680031165, 33.446660803999976 ], [ 35.678553646000012, 33.447427581 ], [ 35.681216834999987, 33.450332452999987 ], [ 35.684405579999975, 33.450755166000022 ], [ 35.68268208, 33.456247287 ], [ 35.686336843999982, 33.466290147999985 ], [ 35.687858817, 33.46512028799998 ], [ 35.69173239700001, 33.467425862000027 ], [ 35.694881461000023, 33.466173626999989 ], [ 35.694235686000013, 33.465299553000023 ], [ 35.697462455999982, 33.464230101 ], [ 35.695158783000011, 33.461772290999988 ], [ 35.695670924000012, 33.459299118 ], [ 35.701632346999986, 33.459118613999976 ], [ 35.704942754, 33.463720954999985 ], [ 35.711123612, 33.462184079 ], [ 35.715635022000015, 33.466093127000022 ], [ 35.718447113000025, 33.466556347 ], [ 35.719241857999975, 33.469302847 ], [ 35.724008562999984, 33.467690587 ], [ 35.732233082999983, 33.474486765 ], [ 35.744471961999977, 33.479183127999988 ], [ 35.758373853000023, 33.468307391999986 ], [ 35.758388745, 33.466415203999986 ], [ 35.755179645, 33.464069543 ], [ 35.760590072000014, 33.456259309000018 ], [ 35.758482013, 33.456182016000014 ], [ 35.756925922999983, 33.450688747000015 ], [ 35.754489792000015, 33.450579587 ], [ 35.753258534, 33.448738053 ], [ 35.755132485, 33.447143332999985 ], [ 35.753872108999985, 33.445027902999982 ], [ 35.754952597999988, 33.444329102999973 ], [ 35.752463416000012, 33.443868176000024 ], [ 35.755558598, 33.442075929999987 ], [ 35.754296231000012, 33.440177774 ], [ 35.759415500999978, 33.438767631000019 ], [ 35.758768738000015, 33.434794437999983 ], [ 35.767461013, 33.429176746 ], [ 35.76686057500001, 33.426147930000013 ], [ 35.769020663, 33.423040495 ], [ 35.770049694000022, 33.423643243000015 ], [ 35.777342569999973, 33.411117793000017 ], [ 35.77692721, 33.406662563999987 ], [ 35.780014592999976, 33.405336337 ], [ 35.786019367, 33.406854943999974 ], [ 35.78853714600001, 33.403086546999987 ], [ 35.779450182, 33.39086787399998 ], [ 35.774676693, 33.381682002 ], [ 35.773915188999979, 33.37568955 ], [ 35.763012455000023, 33.361512059 ], [ 35.76737682800001, 33.361784843 ], [ 35.770024305999982, 33.357949528 ], [ 35.775917505, 33.356009745 ], [ 35.777911945000028, 33.35104508 ], [ 35.795750596, 33.345444354 ], [ 35.779500368000015, 33.335268754000026 ], [ 35.768007335, 33.332396210000013 ], [ 35.760711293999975, 33.324772513000028 ], [ 35.756709708000017, 33.317939379999984 ], [ 35.736386601, 33.312462202 ], [ 35.697866125000019, 33.269212563999986 ], [ 35.684084402, 33.257203496999978 ], [ 35.669450123999979, 33.249013928000011 ], [ 35.646181124, 33.247450870000023 ], [ 35.624838259, 33.243253481000011 ], [ 35.622616374000017, 33.241429004999986 ], [ 35.612711852000018, 33.247958991000019 ], [ 35.600672313000018, 33.252483625000025 ], [ 35.594352394, 33.259668286000021 ], [ 35.585104167999987, 33.266096840999978 ], [ 35.585947576000024, 33.273031777000028 ], [ 35.584690218999981, 33.28188996199998 ], [ 35.572111781, 33.287546812000016 ], [ 35.568378957999983, 33.290784729999984 ], [ 35.564680346999978, 33.288310566 ], [ 35.563207690000013, 33.28347155199998 ], [ 35.564180711, 33.27311268 ], [ 35.55712721499998, 33.264074199999982 ], [ 35.556056163, 33.257472446 ], [ 35.546455971, 33.25373588399998 ], [ 35.547641004000013, 33.242829670999981 ], [ 35.546700921000024, 33.237883733 ], [ 35.537414937, 33.232568642 ], [ 35.542376467999986, 33.198428197 ], [ 35.526369357000021, 33.139354912999977 ], [ 35.531873594999979, 33.133786668000027 ], [ 35.519537836999973, 33.116222180000022 ], [ 35.505073943000014, 33.115378745999976 ], [ 35.502565205999986, 33.11391202599998 ], [ 35.503556749999973, 33.089433047999989 ], [ 35.490165917000013, 33.092392647999986 ], [ 35.463294212999983, 33.093064716000015 ], [ 35.445857955, 33.090667384000028 ], [ 35.431010617000027, 33.065513157999987 ], [ 35.39553084, 33.06086983199998 ], [ 35.382243819, 33.061455975 ], [ 35.378086225, 33.054996786 ], [ 35.352125918000013, 33.058170344000018 ], [ 35.337961694, 33.069172217000016 ], [ 35.334243508999975, 33.076600711000026 ], [ 35.324157400999979, 33.083173011999975 ], [ 35.320773873, 33.087811096 ], [ 35.324682038, 33.095875965 ], [ 35.317233425999973, 33.105020212999989 ], [ 35.309339236000028, 33.100833638999973 ], [ 35.301003161999972, 33.100518154999975 ], [ 35.299526370000024, 33.105094493000024 ], [ 35.296322112999974, 33.107038424999985 ], [ 35.303388297000026, 33.11124378300002 ], [ 35.298920872999986, 33.12898151600001 ], [ 35.301697951, 33.142019985 ], [ 35.310303590999979, 33.155395408 ], [ 35.310830615999976, 33.161712681999973 ], [ 35.322550587000023, 33.164672904999975 ], [ 35.321409162, 33.167365102000019 ], [ 35.315282253000021, 33.171299106999982 ], [ 35.313432759000023, 33.178405968 ], [ 35.325320874, 33.174757251000017 ], [ 35.329880103999983, 33.171151855 ], [ 35.332912906, 33.171423764 ], [ 35.346208935, 33.184623742999975 ], [ 35.349080641, 33.189294849000021 ], [ 35.348877426, 33.193580333999989 ], [ 35.342602434000014, 33.197272344 ], [ 35.342472736, 33.199959765000017 ], [ 35.354565923, 33.197747189999973 ], [ 35.363773749000018, 33.198949108000022 ], [ 35.364483523999979, 33.206238685000017 ], [ 35.370727500999976, 33.205484434000027 ], [ 35.371562542, 33.208260005 ], [ 35.374706607, 33.204966435000017 ], [ 35.379655329, 33.207183176 ], [ 35.37661006899998, 33.211180829999989 ], [ 35.35931967, 33.215787318000025 ], [ 35.357680288999973, 33.21811429600001 ], [ 35.359840322000025, 33.221947044 ], [ 35.368615513, 33.22687154800002 ], [ 35.376898939, 33.225330432000021 ], [ 35.385452167999972, 33.226922251000019 ], [ 35.387812087999976, 33.242435151999985 ], [ 35.395388743000012, 33.249760283 ], [ 35.399794805999989, 33.242575099000021 ], [ 35.404099617999975, 33.242005697000025 ], [ 35.407891791, 33.237351247999982 ], [ 35.416553083999986, 33.242489063999983 ], [ 35.415678438999976, 33.248333882999987 ], [ 35.410789485, 33.259580228 ], [ 35.421058936, 33.265737168999976 ], [ 35.416069390000018, 33.269316275999984 ], [ 35.416676433000021, 33.270774236000022 ], [ 35.420108382000024, 33.271366783000019 ], [ 35.425260047999984, 33.268064040000013 ], [ 35.426148542000021, 33.272069612999985 ], [ 35.429201181, 33.272258317000023 ], [ 35.427479077999976, 33.276889695000023 ], [ 35.429821162999986, 33.278658323 ], [ 35.431117729999983, 33.283629738 ], [ 35.430366188999983, 33.285678175999976 ], [ 35.426362055000027, 33.28565289300002 ], [ 35.426165314, 33.284528597000019 ], [ 35.419215612000016, 33.286782534999986 ], [ 35.41879909, 33.283501730000012 ], [ 35.414833606, 33.284703389000015 ], [ 35.411326584, 33.288976601 ], [ 35.410267942000019, 33.293315447999987 ], [ 35.414414695, 33.292250570000022 ], [ 35.412019799, 33.296661006000022 ], [ 35.41329581399998, 33.297678642 ], [ 35.416445290000013, 33.296392222 ], [ 35.416559525000025, 33.298913291000019 ], [ 35.419038565, 33.300875696999981 ], [ 35.418489817000022, 33.302546553000013 ], [ 35.422275968, 33.304925927999989 ], [ 35.426014624, 33.303505906999987 ], [ 35.426560844999983, 33.308163868 ], [ 35.431183079999983, 33.313530126999979 ], [ 35.428118804, 33.315470344 ], [ 35.42125938800001, 33.31561574 ], [ 35.421194131, 33.311637339000015 ], [ 35.418035971, 33.311066558999983 ], [ 35.418439461999981, 33.308936228 ], [ 35.414275766, 33.308277383000018 ], [ 35.409681288, 33.304137622999974 ], [ 35.408192605000011, 33.304906787 ], [ 35.408770488000016, 33.30289527399998 ], [ 35.404639696, 33.300519071 ], [ 35.398453473000018, 33.307422014 ], [ 35.394168163000018, 33.30817916 ], [ 35.390723467999976, 33.311071379999987 ], [ 35.388314734, 33.310631758 ], [ 35.385673758, 33.305508858 ], [ 35.376966708999987, 33.306242106000013 ], [ 35.374418159000015, 33.304879273999973 ], [ 35.372660111000016, 33.309945808 ], [ 35.368979335, 33.312547337000012 ], [ 35.366090986000017, 33.309026158 ], [ 35.362118074000023, 33.31086310400002 ], [ 35.358134027, 33.308034631999988 ], [ 35.357065964000014, 33.31181740400001 ], [ 35.355026426, 33.31323268 ], [ 35.347065749000024, 33.314269373 ], [ 35.350034259999973, 33.318939044999979 ], [ 35.349379903999989, 33.320554878999985 ], [ 35.34574620799998, 33.320622839 ], [ 35.343771469999979, 33.316738878000024 ], [ 35.341082312000026, 33.317913278 ], [ 35.344016516000011, 33.327332789000025 ], [ 35.350398408, 33.331412995999983 ], [ 35.357004483000026, 33.332055770000011 ], [ 35.359310648000019, 33.336496550999982 ], [ 35.358491145000016, 33.338312506000022 ], [ 35.363273848, 33.339730356000018 ], [ 35.362492308000014, 33.343444923 ], [ 35.365546919999986, 33.344374669 ], [ 35.365558301000021, 33.349039855 ], [ 35.363973521999981, 33.349284937 ], [ 35.366553263000014, 33.354199358000017 ], [ 35.365363173, 33.355675291000011 ], [ 35.356746148000013, 33.351750681 ], [ 35.355474849000018, 33.353117651 ], [ 35.348925242, 33.349634294999987 ], [ 35.346324046, 33.353462775000025 ], [ 35.347429485000021, 33.355994219000024 ], [ 35.344234589, 33.355249678 ], [ 35.338440283000011, 33.361149504000025 ], [ 35.332186818000025, 33.362159328000018 ], [ 35.331461682, 33.361110986000028 ], [ 35.327252075999979, 33.364092847999984 ], [ 35.322992576, 33.361814111 ], [ 35.323270940999976, 33.360464630000024 ], [ 35.318795318000014, 33.364546027000017 ], [ 35.316262, 33.362412615999972 ], [ 35.308885498999985, 33.362419779999982 ], [ 35.308302411999989, 33.364643597 ], [ 35.303992156, 33.367047981999974 ], [ 35.294496875999982, 33.366047227000024 ], [ 35.294786134999981, 33.368560216999981 ], [ 35.299546998999972, 33.369742771 ], [ 35.314696084, 33.364967709999974 ], [ 35.320066941999983, 33.373412329000018 ], [ 35.319648254000015, 33.376526236000018 ], [ 35.317903801, 33.376860345000011 ], [ 35.31779648600002, 33.379326014000014 ], [ 35.312424295000028, 33.378569626 ], [ 35.309150612999986, 33.379907831000025 ], [ 35.31248268500002, 33.382987663 ], [ 35.32105313, 33.384649146000015 ], [ 35.3176871, 33.386473360000025 ], [ 35.319717169, 33.387693534999983 ], [ 35.315716287999976, 33.387931889000015 ], [ 35.313593616999981, 33.38989206399998 ], [ 35.321457561999978, 33.393691287000024 ], [ 35.323604558, 33.396316421 ], [ 35.325273202, 33.395936275999986 ], [ 35.325024266000014, 33.401039842999978 ], [ 35.326298300000019, 33.399284672000022 ], [ 35.325648277000028, 33.396313763000023 ], [ 35.327702268, 33.394226941 ], [ 35.330629278, 33.394097916000021 ], [ 35.337535178999985, 33.398968566 ], [ 35.337729132, 33.397574796000015 ], [ 35.338736542, 33.398326641999972 ], [ 35.339032302000021, 33.401377824 ], [ 35.341826922999985, 33.402822435000019 ], [ 35.343408383, 33.401809803999981 ], [ 35.341747376, 33.400258372 ], [ 35.345135616999983, 33.398219639999979 ], [ 35.344694114999982, 33.392706057999987 ], [ 35.349473327, 33.388425762 ], [ 35.356271920999973, 33.386607903000026 ], [ 35.357380654, 33.384815589000027 ], [ 35.356296344999976, 33.382557835 ], [ 35.357917201000021, 33.382678995 ], [ 35.362238623999986, 33.377751718000013 ], [ 35.375094198, 33.375633804000017 ], [ 35.382699953999975, 33.377407995 ], [ 35.37750134800001, 33.377956674000018 ], [ 35.369794555999988, 33.384619772 ], [ 35.370359785, 33.391222630000016 ], [ 35.372251840999979, 33.391898208999976 ], [ 35.373831085, 33.395711549 ], [ 35.376214603, 33.397425546000022 ], [ 35.387405891000014, 33.397532448999982 ], [ 35.392909708, 33.401012929999979 ], [ 35.396232107, 33.399899134 ], [ 35.399481977, 33.40279211 ], [ 35.40445374, 33.403551935999985 ], [ 35.405544247000023, 33.406282143 ], [ 35.403076317, 33.410800052000013 ], [ 35.395716881999988, 33.41491535900002 ], [ 35.3941284, 33.419332184999973 ], [ 35.389859614999978, 33.420771777000027 ], [ 35.391476227, 33.431524665999973 ], [ 35.387245518999976, 33.435813328999984 ], [ 35.390217617000019, 33.438494467 ], [ 35.389513675999979, 33.44209258799998 ], [ 35.39139437, 33.444789956000022 ], [ 35.390154012999972, 33.447286513 ], [ 35.393968132999987, 33.447194812000021 ], [ 35.393508016, 33.452064537000012 ], [ 35.394783433999976, 33.452265554 ], [ 35.393278912000028, 33.454800153 ], [ 35.394902057000024, 33.454942392000021 ], [ 35.395649043999981, 33.458486219 ], [ 35.401391596999986, 33.457800985 ], [ 35.404143596999972, 33.455331182 ], [ 35.411669561999986, 33.453749816000027 ], [ 35.415405302000011, 33.450274383000021 ], [ 35.420065889999989, 33.449541781999983 ], [ 35.41864185999998, 33.455641693000018 ], [ 35.428262932999985, 33.461571224000011 ], [ 35.426407992, 33.463891526 ], [ 35.420835748, 33.464562075 ], [ 35.419045647000019, 33.469506781 ], [ 35.412935676000018, 33.468918228 ], [ 35.412052206999988, 33.471675247 ], [ 35.406220548000022, 33.47395415699998 ], [ 35.407469215, 33.475972978000016 ], [ 35.411672964, 33.477477164999982 ], [ 35.418192271, 33.476805383999988 ], [ 35.419746708, 33.479073604 ], [ 35.425424978000024, 33.479199317 ], [ 35.428304170999979, 33.481394215000023 ], [ 35.429514900000015, 33.487766954999984 ], [ 35.43144950300001, 33.488834022 ], [ 35.441238692000013, 33.482760514 ], [ 35.441027501, 33.480274353000027 ], [ 35.444424762999972, 33.480925441000011 ], [ 35.444959928, 33.478869029 ], [ 35.451035256000011, 33.481047853 ], [ 35.448772425000016, 33.479961147999973 ], [ 35.449603658, 33.477910498000028 ], [ 35.45240413, 33.477873288000012 ], [ 35.452813570999979, 33.476211154 ], [ 35.454938237000022, 33.475739665 ], [ 35.458779436999976, 33.478276116000018 ], [ 35.458277380000027, 33.481202187 ], [ 35.460861556999987, 33.481669712999974 ], [ 35.461119167999982, 33.482851025 ], [ 35.456957433000014, 33.484015124999985 ], [ 35.457906998, 33.485116232 ], [ 35.45676691, 33.487673808000011 ], [ 35.459199722999983, 33.490310658999988 ], [ 35.47180179999998, 33.48331878099998 ], [ 35.479977174999988, 33.475038421000022 ], [ 35.479239713000027, 33.476516028999981 ], [ 35.486044107999987, 33.481045381 ], [ 35.48357711, 33.485680409 ], [ 35.500266050999983, 33.492724740000028 ], [ 35.501011721999987, 33.496809699999972 ], [ 35.511089095999978, 33.497150960999988 ], [ 35.512609968, 33.495363326000017 ], [ 35.515113541, 33.495670616999973 ], [ 35.519490524, 33.499507466000011 ], [ 35.520078323, 33.503345546999981 ], [ 35.522964726999987, 33.504948902000024 ], [ 35.524175007999986, 33.507463497 ], [ 35.523035387, 33.509328485000026 ], [ 35.525296433999983, 33.510985194 ], [ 35.526753770000028, 33.509333536999975 ], [ 35.528269556, 33.511338740999975 ] ] ] } },
{ "type": "Feature", "properties": { "adm1_name": "Mount Lebanon", "adm1_name1": "جبل لبنان", "adm1_pcode": "LB3", "center_lat": 33.85143066, "center_lon": 35.64750687 }, "geometry": { "type": "Polygon", "coordinates": [ [ [ 35.876117179, 33.950522260000014 ], [ 35.885777249, 33.939907409 ], [ 35.906816788000015, 33.933244167999987 ], [ 35.898795939000024, 33.923146205000023 ], [ 35.892108408000013, 33.917692550000027 ], [ 35.879425103000017, 33.916190056 ], [ 35.878372549, 33.913554061000013 ], [ 35.874607841, 33.912941443000022 ], [ 35.871108417000016, 33.913671969 ], [ 35.870430095000017, 33.916642286000013 ], [ 35.868111759999977, 33.918392696000012 ], [ 35.863191538000024, 33.917270315999986 ], [ 35.86039252, 33.911264625 ], [ 35.854034492999972, 33.904782986999976 ], [ 35.854900451, 33.902871565 ], [ 35.858574362000013, 33.902810499999987 ], [ 35.861302312000021, 33.900299930000017 ], [ 35.859532107, 33.894429393999985 ], [ 35.854445019000025, 33.894860815000015 ], [ 35.852740496000024, 33.890890206 ], [ 35.846403109999983, 33.891264472999978 ], [ 35.844374443999982, 33.886409671000024 ], [ 35.848012512000025, 33.885852723000028 ], [ 35.847626595, 33.882746941 ], [ 35.843914611, 33.879581874 ], [ 35.842213045, 33.880216388 ], [ 35.834001507999972, 33.87727408500001 ], [ 35.832337740000014, 33.87394996 ], [ 35.833060752, 33.871370346 ], [ 35.825612719, 33.869211773000018 ], [ 35.823896962, 33.861974831999987 ], [ 35.813868317000015, 33.854017232 ], [ 35.81017477, 33.848527220999983 ], [ 35.797829557999989, 33.841086970999982 ], [ 35.797074543, 33.833317916999988 ], [ 35.801081623000016, 33.829964003999976 ], [ 35.802586147999989, 33.825971474000028 ], [ 35.799781427000028, 33.826252556999975 ], [ 35.796284273000026, 33.822967248999987 ], [ 35.791930144999981, 33.823017100000015 ], [ 35.789634283999987, 33.813769407 ], [ 35.792944423999984, 33.809409797 ], [ 35.784801877, 33.809667296999976 ], [ 35.780685786999982, 33.81268864499998 ], [ 35.766576219, 33.809673573999987 ], [ 35.767792305, 33.804290875999982 ], [ 35.775097562999974, 33.797560487 ], [ 35.775028718999977, 33.794580181000015 ], [ 35.780663202000028, 33.791230004 ], [ 35.783022003999974, 33.792696866000028 ], [ 35.789546297000015, 33.792842224000026 ], [ 35.801023557, 33.789270583000018 ], [ 35.810572432000015, 33.792112383000017 ], [ 35.811420957, 33.787339769000027 ], [ 35.804876928, 33.780596328 ], [ 35.803019561999974, 33.770681594999985 ], [ 35.793834575, 33.752297898 ], [ 35.786327196, 33.747522318 ], [ 35.780843259, 33.740738610999983 ], [ 35.779240519999973, 33.744868651 ], [ 35.769491298, 33.735361239999975 ], [ 35.76411600900002, 33.733506111999986 ], [ 35.759898043000021, 33.726323211000022 ], [ 35.760751215000028, 33.722770851 ], [ 35.752387073000023, 33.717682017000016 ], [ 35.74443414000001, 33.723882479999986 ], [ 35.736447919999989, 33.725317642999983 ], [ 35.735835038, 33.722464671000012 ], [ 35.739711436999983, 33.714530834000016 ], [ 35.746905712, 33.707760513999972 ], [ 35.748843061, 33.709764636999978 ], [ 35.75411260300001, 33.707785824999974 ], [ 35.759565055999985, 33.708934008000028 ], [ 35.753765760000022, 33.696486990999972 ], [ 35.749747241000023, 33.698197747 ], [ 35.745998037, 33.705522927 ], [ 35.742723098, 33.700725434999981 ], [ 35.735879806000014, 33.695818035 ], [ 35.732395261000022, 33.68896027 ], [ 35.724595753000017, 33.692126783 ], [ 35.715529446, 33.683240732 ], [ 35.713047108000012, 33.684393434000015 ], [ 35.706755085, 33.679272928999978 ], [ 35.699182173999986, 33.676524879999988 ], [ 35.699215421000019, 33.672027187000026 ], [ 35.703431551, 33.666828861999988 ], [ 35.705855225999983, 33.659203806999983 ], [ 35.707001085, 33.659678174000021 ], [ 35.713706603999981, 33.654398061999984 ], [ 35.708192646999976, 33.653070488000026 ], [ 35.703498748000015, 33.656088451000016 ], [ 35.704113813, 33.658104813000023 ], [ 35.701465359999986, 33.661522750000017 ], [ 35.701355447000026, 33.664265320000027 ], [ 35.69664290999998, 33.668454277000023 ], [ 35.695797082000013, 33.663186296999982 ], [ 35.691800988000011, 33.659112471000014 ], [ 35.691544625, 33.654950311999983 ], [ 35.686775298999976, 33.646168054999976 ], [ 35.683435229, 33.643996526000024 ], [ 35.68206109800002, 33.639860418000012 ], [ 35.674241935999987, 33.631935477000013 ], [ 35.674181517000022, 33.628016407000018 ], [ 35.661759126, 33.602043434999985 ], [ 35.658518851999986, 33.590807285999972 ], [ 35.654558927999972, 33.589162774999977 ], [ 35.654947864, 33.578874500999973 ], [ 35.648943583, 33.561266919 ], [ 35.650550904, 33.557693412999981 ], [ 35.647070625000026, 33.555549174000021 ], [ 35.643162497999981, 33.542726475 ], [ 35.634296646999985, 33.531760647 ], [ 35.63467241799998, 33.526000706 ], [ 35.630779213999972, 33.522312393999982 ], [ 35.633920964000026, 33.517871408000019 ], [ 35.631943601999978, 33.514902333 ], [ 35.629012914999976, 33.514654692000022 ], [ 35.628700069999979, 33.512093359 ], [ 35.632872747000022, 33.508035152 ], [ 35.629869015999986, 33.506288494999978 ], [ 35.631250636, 33.49972412 ], [ 35.628075788999979, 33.497988094 ], [ 35.626098024999976, 33.494093346999989 ], [ 35.620586908, 33.491650646999972 ], [ 35.617934296999977, 33.49212596000001 ], [ 35.620034203999978, 33.498279028000013 ], [ 35.619249352999987, 33.505002744000024 ], [ 35.613469996, 33.503099702999975 ], [ 35.609139307000021, 33.504474212 ], [ 35.614370323, 33.508219484 ], [ 35.612136470999985, 33.513016 ], [ 35.616573702999972, 33.523474589999978 ], [ 35.614227305999975, 33.525481257000024 ], [ 35.609795384999984, 33.542633627999976 ], [ 35.596257519, 33.550336285000014 ], [ 35.593332885, 33.55514337 ], [ 35.597036714000012, 33.561461082999983 ], [ 35.59924421, 33.561802473 ], [ 35.602541729999984, 33.56910131 ], [ 35.605403457000023, 33.571122668999976 ], [ 35.603474504000019, 33.571843890000025 ], [ 35.603427349000015, 33.579570210999975 ], [ 35.596050672, 33.592018893999978 ], [ 35.594993252, 33.589556008999978 ], [ 35.594872023999983, 33.592389513 ], [ 35.587031976999981, 33.588941015999978 ], [ 35.589884459000018, 33.587249247999978 ], [ 35.589437835000012, 33.58621387 ], [ 35.581920705000016, 33.590144172 ], [ 35.58162053, 33.585122307 ], [ 35.578514702, 33.583829193999975 ], [ 35.576288593000015, 33.58633679899998 ], [ 35.579376501000013, 33.588039798000011 ], [ 35.577794899000025, 33.590708484 ], [ 35.571985634999976, 33.590236546000028 ], [ 35.568716501999972, 33.592293674000018 ], [ 35.567694838000023, 33.591164639 ], [ 35.565983381000024, 33.594222474999981 ], [ 35.566562544000021, 33.597513572000025 ], [ 35.563164783, 33.596221969 ], [ 35.561492247999979, 33.59735626600002 ], [ 35.558043880000014, 33.594078834000015 ], [ 35.555122392999976, 33.594819282 ], [ 35.553528444, 33.589707686999986 ], [ 35.547514327999977, 33.590263527 ], [ 35.54779520400001, 33.587313483 ], [ 35.53433779400001, 33.579630668999982 ], [ 35.532173582999974, 33.581439691000014 ], [ 35.525542799999982, 33.579920464999987 ], [ 35.523271892000025, 33.581811716 ], [ 35.517973632, 33.581855581000013 ], [ 35.508071062, 33.575165588 ], [ 35.504390597999986, 33.575946104000025 ], [ 35.49786279, 33.573174779 ], [ 35.487476104999985, 33.573719429999983 ], [ 35.483806427, 33.571078484999987 ], [ 35.481636938, 33.573056485999984 ], [ 35.478491639000026, 33.571731829999976 ], [ 35.477006556, 33.574426368 ], [ 35.475936865, 33.566205473000025 ], [ 35.47313214899998, 33.563045015 ], [ 35.471147158, 33.568473182999981 ], [ 35.46603372300001, 33.564593781999974 ], [ 35.45970377499998, 33.564868452999974 ], [ 35.456891596999981, 33.569014152000022 ], [ 35.451779812999973, 33.566698739 ], [ 35.446480052000027, 33.574442109000017 ], [ 35.444935819000023, 33.572944142999972 ], [ 35.445702993, 33.571047341999986 ], [ 35.439843060999976, 33.574663147000024 ], [ 35.438863401999981, 33.573592985 ], [ 35.440161838, 33.572064389 ], [ 35.434872149, 33.570392588 ], [ 35.433049847, 33.57300362 ], [ 35.430559010000025, 33.572489940000025 ], [ 35.429064184000026, 33.574192607999976 ], [ 35.432131561, 33.575300724999977 ], [ 35.431520283999987, 33.57630403600001 ], [ 35.425072709, 33.57772543599998 ], [ 35.422805241999981, 33.579262981 ], [ 35.424358777, 33.579805043000022 ], [ 35.423527563999983, 33.581012265000027 ], [ 35.412204894000013, 33.581169983 ], [ 35.410506344999988, 33.583776895000028 ], [ 35.405996124000012, 33.581440972999985 ], [ 35.404232078, 33.584545638 ], [ 35.398593741000013, 33.587046038999972 ], [ 35.385821744999987, 33.589212389000011 ], [ 35.387916745999974, 33.595514346000016 ], [ 35.388391250999973, 33.606548255 ], [ 35.395901790999972, 33.608030331 ], [ 35.399475173999974, 33.618003757 ], [ 35.398372467, 33.623257207999984 ], [ 35.398858973000017, 33.636412716 ], [ 35.400097415, 33.638185685 ], [ 35.397835292000025, 33.647181929 ], [ 35.400789852, 33.650092352 ], [ 35.400383546, 33.648822231999986 ], [ 35.404015838000021, 33.648903442 ], [ 35.405135427, 33.651715926 ], [ 35.406696565, 33.648929405 ], [ 35.40762558900002, 33.650560629999973 ], [ 35.412627292000025, 33.650874069 ], [ 35.416299035, 33.657097282 ], [ 35.418482324000024, 33.683856621000018 ], [ 35.415926532000015, 33.688519309000014 ], [ 35.422740132, 33.695659827999975 ], [ 35.427982703, 33.695468077999976 ], [ 35.436574921999977, 33.698307848000013 ], [ 35.439137824, 33.705941458999973 ], [ 35.443453797000018, 33.710830757 ], [ 35.445886535, 33.737767169 ], [ 35.451447497, 33.752855571 ], [ 35.458515976, 33.763307323 ], [ 35.463279237, 33.766158643999972 ], [ 35.469016200999988, 33.776466726000024 ], [ 35.468646564999972, 33.778287605 ], [ 35.469917942999984, 33.777665501 ], [ 35.474467345, 33.783912169000018 ], [ 35.475007602, 33.786617228000011 ], [ 35.473432479, 33.786759895999978 ], [ 35.472357338999984, 33.787554614999976 ], [ 35.474716055999977, 33.786875138000028 ], [ 35.478343548, 33.791501220999976 ], [ 35.477608961999977, 33.79757529699998 ], [ 35.480034075999981, 33.803016387000014 ], [ 35.478503176, 33.804016246 ], [ 35.478198866000014, 33.804982571999972 ], [ 35.479719439, 33.804454817000021 ], [ 35.481813785999975, 33.810749890000011 ], [ 35.480758746, 33.81321559700001 ], [ 35.482382185, 33.814791800000023 ], [ 35.482881415, 33.820670106000023 ], [ 35.477540438, 33.840248116999987 ], [ 35.479401527, 33.842631188999974 ], [ 35.480695018, 33.841832142999976 ], [ 35.480407039, 33.83709847199998 ], [ 35.481688162000012, 33.835746353 ], [ 35.484202227000026, 33.84148919 ], [ 35.483030187, 33.859608095 ], [ 35.482230712999979, 33.863426053000012 ], [ 35.479320200000018, 33.866972933999989 ], [ 35.502804831999981, 33.867746333000014 ], [ 35.502996102, 33.863134447 ], [ 35.510504363999985, 33.862835247000021 ], [ 35.509326900000019, 33.86715091100001 ], [ 35.514796932000024, 33.871045102999972 ], [ 35.516886570999986, 33.870964876000016 ], [ 35.518910682000012, 33.874816445000022 ], [ 35.523311865999972, 33.877187725 ], [ 35.53005579, 33.877316919 ], [ 35.534919066999976, 33.893653586000028 ], [ 35.538603723999984, 33.900965332999988 ], [ 35.542332652000027, 33.90423615200001 ], [ 35.544826692000015, 33.901749273 ], [ 35.550734153, 33.903537143999984 ], [ 35.552639079000016, 33.898744788999977 ], [ 35.554571528999986, 33.89820172200001 ], [ 35.566704416999983, 33.902110235 ], [ 35.566321813, 33.904584286999977 ], [ 35.56503261, 33.904501391999986 ], [ 35.564903384, 33.90479418000001 ], [ 35.567515835, 33.906632876 ], [ 35.567462767999984, 33.903313196999989 ], [ 35.573023157000023, 33.905284715 ], [ 35.582696879000025, 33.916350105999982 ], [ 35.583240075, 33.917940496000028 ], [ 35.579544736, 33.918976019000013 ], [ 35.582698758999982, 33.929685333 ], [ 35.581385319, 33.930467152 ], [ 35.582334068000023, 33.933914836999975 ], [ 35.583454268000025, 33.936063515 ], [ 35.582319478999977, 33.931742050000025 ], [ 35.585081582999976, 33.930600873 ], [ 35.586023873999977, 33.933798142 ], [ 35.583892418, 33.933486914000014 ], [ 35.586349757, 33.942352656000025 ], [ 35.587556055, 33.942109835999986 ], [ 35.588162360000013, 33.944140818 ], [ 35.58739284, 33.945331101000022 ], [ 35.587716665000016, 33.946507059 ], [ 35.589501326, 33.943869880000022 ], [ 35.590783237999972, 33.944609274000015 ], [ 35.593643048999979, 33.955553047000024 ], [ 35.596380125, 33.957506621 ], [ 35.60325197200001, 33.954664515 ], [ 35.606366002000016, 33.951143651 ], [ 35.605557122, 33.948629434999987 ], [ 35.612509661999979, 33.944681682 ], [ 35.61766309, 33.947320054999977 ], [ 35.622966829, 33.94505037 ], [ 35.628683005000028, 33.946793179 ], [ 35.639456912000014, 33.943289943000025 ], [ 35.66542395099998, 33.940463873999988 ], [ 35.670481540000026, 33.942496323 ], [ 35.685084264000011, 33.942938466999976 ], [ 35.689829992, 33.947002657999974 ], [ 35.701578112, 33.94900773 ], [ 35.705277630000012, 33.948230942 ], [ 35.709224859000017, 33.950092292000022 ], [ 35.711967777999973, 33.953634640000018 ], [ 35.726087897000014, 33.954674959999977 ], [ 35.728582334, 33.957179205999978 ], [ 35.739683533, 33.96155231900002 ], [ 35.739825212000028, 33.959867304 ], [ 35.742444255, 33.959387097 ], [ 35.744747221000011, 33.96098062599998 ], [ 35.754818899999975, 33.961810112000023 ], [ 35.758975771999985, 33.957401496999978 ], [ 35.764457299000014, 33.957848684999988 ], [ 35.762400352999975, 33.954359484 ], [ 35.766681867999978, 33.9534231 ], [ 35.767855697000016, 33.956522091000011 ], [ 35.771470576000013, 33.954645074999974 ], [ 35.771234619999973, 33.956196708999983 ], [ 35.773197169000014, 33.955754117000026 ], [ 35.776791318999983, 33.960565990000021 ], [ 35.774354335999988, 33.960324935000017 ], [ 35.773403848999976, 33.966404291 ], [ 35.776459548999981, 33.965181245999986 ], [ 35.783218749000014, 33.966644222000014 ], [ 35.782267102, 33.96551754 ], [ 35.783930360999989, 33.965353333 ], [ 35.789402387, 33.965964566000025 ], [ 35.794255344000021, 33.96980005 ], [ 35.804402965, 33.968794189999983 ], [ 35.807053568000015, 33.972289043999979 ], [ 35.798155685999973, 33.975390547000018 ], [ 35.796002949000012, 33.977752216 ], [ 35.797683929000016, 33.980246599 ], [ 35.809627846000012, 33.980692698999974 ], [ 35.820770841000012, 33.979559500999983 ], [ 35.828127683, 33.976662300999976 ], [ 35.833308478, 33.967931368999984 ], [ 35.876117179, 33.950522260000014 ] ] ] } },
{ "type": "Feature", "properties": { "adm1_name": "North", "adm1_name1": "الشمال", "adm1_pcode": "LB5", "center_lat": 34.31958879, "center_lon": 35.9368371 }, "geometry": { "type": "Polygon", "coordinates": [ [ [ 35.960994444999983, 34.509092810000027 ], [ 35.966708609000023, 34.496619787999975 ], [ 35.973655142999974, 34.494304522999983 ], [ 35.983420191, 34.501664192000021 ], [ 35.985402674, 34.496890787999973 ], [ 35.989581421000025, 34.492815869000026 ], [ 35.990110265, 34.487327030000017 ], [ 35.984363422, 34.485627428999976 ], [ 35.986608163000028, 34.48300001299998 ], [ 35.985189554999977, 34.482475809999983 ], [ 35.98539373, 34.478301525 ], [ 35.989470231999974, 34.471904822 ], [ 35.987528339999983, 34.466066136999984 ], [ 35.989058812, 34.457067398 ], [ 35.992308098000024, 34.450301793999984 ], [ 35.989495031999979, 34.446245690000012 ], [ 35.990734041999985, 34.441927281 ], [ 36.00427785, 34.43922892 ], [ 36.010501689000023, 34.440449193 ], [ 36.016649839000024, 34.439285102999975 ], [ 36.028427111999974, 34.443942228000026 ], [ 36.039333876, 34.441878366000026 ], [ 36.046850022, 34.44226815899998 ], [ 36.052631948, 34.446059250000019 ], [ 36.057859231, 34.445166867000012 ], [ 36.071490489999974, 34.447281916 ], [ 36.081963678000022, 34.443714301999989 ], [ 36.089258149999978, 34.443525927999985 ], [ 36.099681959, 34.446662834 ], [ 36.112406506000013, 34.44497422 ], [ 36.119428245, 34.44713262800002 ], [ 36.12870453, 34.440750396999988 ], [ 36.139805459, 34.428388043999973 ], [ 36.142499663000024, 34.42171143500002 ], [ 36.142249591999985, 34.415071219000026 ], [ 36.148335745, 34.408803772999988 ], [ 36.151454966000017, 34.402800481999975 ], [ 36.165608842999973, 34.391797536000013 ], [ 36.171044956, 34.393045691 ], [ 36.174679082000011, 34.390088312999978 ], [ 36.178574246999972, 34.390225035000014 ], [ 36.181084182, 34.388168184 ], [ 36.179554643000017, 34.376851510999984 ], [ 36.182256807999977, 34.371950794999975 ], [ 36.180963449999979, 34.369109149999986 ], [ 36.184028074000025, 34.363139186000012 ], [ 36.180141522999975, 34.351022778000015 ], [ 36.180147278999982, 34.346537720000015 ], [ 36.176081759999988, 34.343404341999985 ], [ 36.164967064999985, 34.341214716000025 ], [ 36.148757476000014, 34.313917931 ], [ 36.144171436000022, 34.312487406 ], [ 36.14073894, 34.309377634999976 ], [ 36.140615606999972, 34.298902102 ], [ 36.137387522999973, 34.297023755999987 ], [ 36.13619210600001, 34.294027694000022 ], [ 36.138213699, 34.287255851 ], [ 36.129772152999976, 34.28466656 ], [ 36.13043993399998, 34.283450878999986 ], [ 36.119957036000017, 34.272335409 ], [ 36.108939297, 34.268952296 ], [ 36.106040709000013, 34.262692437 ], [ 36.092160689000025, 34.247339696999973 ], [ 36.087720760000025, 34.245727407 ], [ 36.080977307000012, 34.234109753999974 ], [ 36.06982351900001, 34.224039319999974 ], [ 36.06202579, 34.212200823999979 ], [ 36.052193273, 34.206217321999986 ], [ 36.045972467000013, 34.204792568000016 ], [ 36.035121478, 34.19420024599998 ], [ 36.021792334999986, 34.177165163999973 ], [ 36.019780518, 34.171988543999987 ], [ 36.004166074000011, 34.168328046999989 ], [ 36.034568084999989, 34.164309354000011 ], [ 36.021286993, 34.141962084999989 ], [ 36.014921883999989, 34.126553591 ], [ 36.012720308999974, 34.135488453999983 ], [ 36.014056112999981, 34.140075113000023 ], [ 36.010244184999976, 34.146337648999975 ], [ 35.990964114, 34.151532958000018 ], [ 35.987480243, 34.154131947 ], [ 35.979868555999985, 34.153986971 ], [ 35.976900295, 34.157541816 ], [ 35.969961295000019, 34.158662209999989 ], [ 35.964498817999981, 34.161693653999976 ], [ 35.960133742999972, 34.159146812000017 ], [ 35.955796694000014, 34.163749825000025 ], [ 35.950633024000012, 34.166417663 ], [ 35.938110349, 34.165186845999983 ], [ 35.93244633, 34.156476511 ], [ 35.92807688, 34.157725616 ], [ 35.927022589999979, 34.156028751 ], [ 35.922809797000014, 34.155166634000011 ], [ 35.909892529999979, 34.156638080999983 ], [ 35.900872478999986, 34.152474102999975 ], [ 35.895408423, 34.154291764999982 ], [ 35.889664455, 34.151795263999986 ], [ 35.888583045000019, 34.1536142 ], [ 35.886626477999982, 34.15228822 ], [ 35.879485158000023, 34.152167513 ], [ 35.88074102500002, 34.155490247999978 ], [ 35.866571669, 34.159152135999989 ], [ 35.868071502000021, 34.164372694 ], [ 35.864847311, 34.164970516999972 ], [ 35.867129557999988, 34.171515135999982 ], [ 35.866394029999981, 34.175433055999974 ], [ 35.860151289999976, 34.175992377 ], [ 35.85272914799998, 34.181552006 ], [ 35.839906702, 34.187010601999987 ], [ 35.8379602, 34.18928543200002 ], [ 35.838706081999987, 34.191157261 ], [ 35.82355603100001, 34.189603926000018 ], [ 35.820618680999985, 34.187852415 ], [ 35.814696235999975, 34.191056049 ], [ 35.812911827999983, 34.193810964000022 ], [ 35.807986788, 34.194220436000023 ], [ 35.810112791999984, 34.189075577999972 ], [ 35.808951502000014, 34.189074182000013 ], [ 35.808771977999982, 34.185571051000011 ], [ 35.811285134, 34.181869624 ], [ 35.793329506000021, 34.18145623700002 ], [ 35.791900064, 34.181583163000028 ], [ 35.791987887, 34.183952821 ], [ 35.790282307999973, 34.185218269000018 ], [ 35.792888931, 34.188532131999978 ], [ 35.790505350999979, 34.189334314 ], [ 35.788351479000028, 34.193243837000011 ], [ 35.781215594, 34.193520501000023 ], [ 35.773042410000016, 34.196899374 ], [ 35.768637367999986, 34.192330535 ], [ 35.763410879999981, 34.192510364999976 ], [ 35.761617791, 34.187115515000016 ], [ 35.758176188999983, 34.186060828 ], [ 35.757507616999987, 34.184251214000028 ], [ 35.748946164000017, 34.184316417 ], [ 35.74766239600001, 34.185534239 ], [ 35.746031174999985, 34.181800113 ], [ 35.744784157000026, 34.181835165 ], [ 35.73254025, 34.183363314000019 ], [ 35.716881726, 34.194183297 ], [ 35.702968915999975, 34.194237284999986 ], [ 35.694380130000013, 34.192423661000021 ], [ 35.680013648999989, 34.205084035000027 ], [ 35.680785198000024, 34.210611773999972 ], [ 35.67586632299998, 34.210725957000022 ], [ 35.675032796999972, 34.209238305999975 ], [ 35.671502627, 34.210406187 ], [ 35.668795874000011, 34.208744895 ], [ 35.647994132, 34.210661131999984 ], [ 35.653830401999983, 34.221219678000011 ], [ 35.654166912999983, 34.227647874000013 ], [ 35.655557918, 34.228580679 ], [ 35.654303986, 34.234393770999986 ], [ 35.655899042999977, 34.234458324 ], [ 35.659564134, 34.239381277 ], [ 35.660628485000018, 34.245819090999987 ], [ 35.657194985999979, 34.247147727000026 ], [ 35.658129595, 34.247779772 ], [ 35.656121242999973, 34.251309397 ], [ 35.658263294, 34.252404072 ], [ 35.656186562000016, 34.253040762000012 ], [ 35.655661215, 34.255246474999979 ], [ 35.656738596000025, 34.258472886 ], [ 35.657529943999975, 34.257421954999984 ], [ 35.658309885999984, 34.258062001999974 ], [ 35.656992334999984, 34.25980747 ], [ 35.658526492000021, 34.261492094 ], [ 35.658609082, 34.266119346999972 ], [ 35.65575983399998, 34.272139931000027 ], [ 35.65238632, 34.273332294999989 ], [ 35.655469529000015, 34.278527845999974 ], [ 35.651198272999977, 34.281541065 ], [ 35.65368268200001, 34.280694632 ], [ 35.655254265, 34.284660592000023 ], [ 35.654398023, 34.280943573 ], [ 35.657449799, 34.281269564000013 ], [ 35.655690153000023, 34.282084127000019 ], [ 35.658847130000026, 34.28353135499998 ], [ 35.657679864999977, 34.284495774999982 ], [ 35.665733120000027, 34.286372702999984 ], [ 35.667318205000015, 34.291098707 ], [ 35.672341599, 34.293254893999972 ], [ 35.669790186, 34.296573790000025 ], [ 35.672342868999976, 34.299923891 ], [ 35.671815415000026, 34.303324 ], [ 35.680120294, 34.312031751 ], [ 35.687617550000027, 34.314089697999975 ], [ 35.693204601, 34.31303078000002 ], [ 35.697880555999973, 34.311025519999987 ], [ 35.701614027, 34.305283245999988 ], [ 35.704695834, 34.304908174 ], [ 35.705385531, 34.306531628000016 ], [ 35.706306864999988, 34.305138129999989 ], [ 35.70965934100002, 34.306279841999981 ], [ 35.715201074, 34.310889356000018 ], [ 35.710260736, 34.315207720999979 ], [ 35.710509807999983, 34.315569859999982 ], [ 35.715577424, 34.310942018999981 ], [ 35.719701575999977, 34.314727956000013 ], [ 35.723254055999973, 34.323471542999982 ], [ 35.721767015000012, 34.325830028999974 ], [ 35.720602308000025, 34.324800412 ], [ 35.721760148999977, 34.329180037000015 ], [ 35.723605564000025, 34.327583090000019 ], [ 35.725348960000019, 34.328496348999977 ], [ 35.724130995, 34.334380744999976 ], [ 35.727678407999974, 34.335406149999983 ], [ 35.72950909399998, 34.337434945999973 ], [ 35.728438794, 34.339234482 ], [ 35.730383123000024, 34.339856637000025 ], [ 35.726610078000022, 34.34455555400001 ], [ 35.73040531800001, 34.355153589999986 ], [ 35.728182181000022, 34.357033125999976 ], [ 35.728357672000016, 34.359875107 ], [ 35.724413016000028, 34.361493302999975 ], [ 35.729581777000021, 34.360559593 ], [ 35.733962422, 34.361715333 ], [ 35.73429682699998, 34.365275302999976 ], [ 35.736991710999973, 34.365811983000015 ], [ 35.735501883999973, 34.368465131999983 ], [ 35.735607158999983, 34.374981225999989 ], [ 35.737100936, 34.376623535000022 ], [ 35.758424086, 34.381389136 ], [ 35.756953388, 34.380009799 ], [ 35.774655478, 34.383030874999974 ], [ 35.776741268000023, 34.385396195999988 ], [ 35.785381267, 34.388227315 ], [ 35.787242607999985, 34.391854517000013 ], [ 35.78769910699998, 34.390523816999973 ], [ 35.789961076999987, 34.391173286000026 ], [ 35.78910048900002, 34.392570149999983 ], [ 35.789756114999989, 34.392912496 ], [ 35.791734397000027, 34.39179225700002 ], [ 35.790951602, 34.393643618 ], [ 35.793939917999978, 34.393944309 ], [ 35.793263798, 34.394699242 ], [ 35.794968745, 34.394948074000013 ], [ 35.793615413999987, 34.395983301 ], [ 35.795427352, 34.397629196000025 ], [ 35.794006135000018, 34.396026598 ], [ 35.795104883000022, 34.395143150000024 ], [ 35.798581452, 34.397688077999987 ], [ 35.798549095, 34.399378472000024 ], [ 35.799743689000024, 34.398764516000028 ], [ 35.798671109999987, 34.40028503100001 ], [ 35.812573977999989, 34.404676775999974 ], [ 35.814220943, 34.408116522 ], [ 35.81533321500001, 34.407252792 ], [ 35.81553521799998, 34.408883833 ], [ 35.81734366, 34.40898679999998 ], [ 35.816149629, 34.409158719 ], [ 35.815725998, 34.410161015000028 ], [ 35.817996258, 34.409518070999979 ], [ 35.818371194, 34.410470047 ], [ 35.816704707999975, 34.411047558 ], [ 35.816256660000022, 34.412801516 ], [ 35.818072592000021, 34.41091022 ], [ 35.817558682000026, 34.412846279 ], [ 35.818850565999981, 34.412205449 ], [ 35.820908701, 34.414600639000014 ], [ 35.821045942000012, 34.417229158999987 ], [ 35.819303225999988, 34.418877899 ], [ 35.820918543, 34.419776023 ], [ 35.820767851000028, 34.423884585999986 ], [ 35.818927638, 34.426808301999984 ], [ 35.816809186, 34.426178941999979 ], [ 35.812816178, 34.429335472999981 ], [ 35.811808987, 34.436554160000014 ], [ 35.809827582000025, 34.437319003000027 ], [ 35.813752756999975, 34.444171192 ], [ 35.810220415, 34.447636120000027 ], [ 35.806596784000021, 34.446827014 ], [ 35.807179116999976, 34.449939727000014 ], [ 35.803949110000019, 34.45126512600001 ], [ 35.806128119, 34.451961418 ], [ 35.806811501000027, 34.454927151 ], [ 35.812669675999985, 34.455638309999983 ], [ 35.815697043, 34.457691160000024 ], [ 35.817949347000024, 34.455686102000016 ], [ 35.815744457999983, 34.456947963 ], [ 35.813192593, 34.455156993 ], [ 35.814068371000019, 34.454394589 ], [ 35.818686340999989, 34.451742996 ], [ 35.819262066000022, 34.453161105999982 ], [ 35.817191294999986, 34.45497511100001 ], [ 35.817469967000022, 34.455189416 ], [ 35.819408572999976, 34.453206056999989 ], [ 35.819061080999973, 34.451548413000012 ], [ 35.825025141000026, 34.451131229999987 ], [ 35.824419077000016, 34.452403264999987 ], [ 35.825198032, 34.451156492999985 ], [ 35.827640889, 34.452445017 ], [ 35.824890316999983, 34.457431042999985 ], [ 35.826290169, 34.457964792999974 ], [ 35.825263264, 34.459925783000017 ], [ 35.826563295000028, 34.457820219999974 ], [ 35.830195429000014, 34.458845001999975 ], [ 35.82673251, 34.457523286000026 ], [ 35.829859517999978, 34.452015683000013 ], [ 35.83559461599998, 34.453495057 ], [ 35.829738927, 34.458094143999972 ], [ 35.835739158000024, 34.453687371 ], [ 35.839112569, 34.457622962000016 ], [ 35.843503640999984, 34.458571017 ], [ 35.844656734000012, 34.455808172 ], [ 35.845397, 34.45684204600002 ], [ 35.857579247999979, 34.456261555000026 ], [ 35.867864784, 34.46074842500002 ], [ 35.873835472999986, 34.460343017000014 ], [ 35.882414843, 34.462331256000027 ], [ 35.894858774999989, 34.46744308000001 ], [ 35.902709625, 34.46662930399998 ], [ 35.921126424000022, 34.480673484000022 ], [ 35.923438426000018, 34.48368310799998 ], [ 35.920717602000025, 34.486085409 ], [ 35.923951368000019, 34.484023334000028 ], [ 35.928478786000028, 34.488096606999989 ], [ 35.930347367000024, 34.49264008 ], [ 35.928772423999987, 34.493743567000024 ], [ 35.933526109000013, 34.493846170999973 ], [ 35.934478232, 34.495503665 ], [ 35.933349425000017, 34.497495077999986 ], [ 35.935738787999981, 34.495947722999972 ], [ 35.939401268999973, 34.497540844000014 ], [ 35.936645274999989, 34.500324983999974 ], [ 35.939620252, 34.498235556999987 ], [ 35.944090051999979, 34.507598519 ], [ 35.953225870999972, 34.509444595 ], [ 35.954734357, 34.512550416000011 ], [ 35.960994444999983, 34.509092810000027 ] ] ] } },
{ "type": "Feature", "properties": { "adm1_name": "South", "adm1_name1": "الجنوب", "adm1_pcode": "LB6", "center_lat": 33.34154783, "center_lon": 35.3038002 }, "geometry": { "type": "Polygon", "coordinates": [ [ [ 35.56705085599998, 33.596377854000025 ], [ 35.565983381000024, 33.594222474999981 ], [ 35.567694838000023, 33.591164639 ], [ 35.568716501999972, 33.592293674000018 ], [ 35.571985634999976, 33.590236546000028 ], [ 35.577934382000024, 33.590560579 ], [ 35.579376501000013, 33.588039798000011 ], [ 35.576288593000015, 33.58633679899998 ], [ 35.578514702, 33.583829193999975 ], [ 35.58162053, 33.585122307 ], [ 35.581920705000016, 33.590144172 ], [ 35.589437835000012, 33.58621387 ], [ 35.589884459000018, 33.587249247999978 ], [ 35.587031976999981, 33.588941015999978 ], [ 35.594872023999983, 33.592389513 ], [ 35.594993252, 33.589556008999978 ], [ 35.596050672, 33.592018893999978 ], [ 35.60348632900002, 33.579387578000023 ], [ 35.603474504000019, 33.571843890000025 ], [ 35.605403457000023, 33.571122668999976 ], [ 35.602541729999984, 33.56910131 ], [ 35.59924421, 33.561802473 ], [ 35.597036714000012, 33.561461082999983 ], [ 35.593332885, 33.55514337 ], [ 35.596093919999987, 33.550466948 ], [ 35.607774796, 33.544213077999984 ], [ 35.611128608, 33.540034989999981 ], [ 35.616453144, 33.521087753000018 ], [ 35.612136470999985, 33.513016 ], [ 35.614370323, 33.508219484 ], [ 35.609139307000021, 33.504474212 ], [ 35.613469996, 33.503099702999975 ], [ 35.619249352999987, 33.505002744000024 ], [ 35.620034203999978, 33.498279028000013 ], [ 35.617934296999977, 33.49212596000001 ], [ 35.623339305, 33.492454434000024 ], [ 35.624920503999988, 33.491019001999973 ], [ 35.623459216000015, 33.480342412000027 ], [ 35.619745739999985, 33.47548595 ], [ 35.621181868, 33.470918508000011 ], [ 35.619604142000014, 33.465755450000017 ], [ 35.614389575000018, 33.461338586000011 ], [ 35.614026175999982, 33.454219836999982 ], [ 35.61694959099998, 33.450645157999986 ], [ 35.614355343, 33.447351584999979 ], [ 35.614936968, 33.443298602000027 ], [ 35.612572302, 33.442390398999976 ], [ 35.609314817999973, 33.431364622999979 ], [ 35.613008157000024, 33.430993541000021 ], [ 35.615855103, 33.432764037000027 ], [ 35.624217306999981, 33.448288140999978 ], [ 35.629684552000015, 33.448875842 ], [ 35.633329569000011, 33.446301423000023 ], [ 35.637320268999986, 33.446048795000024 ], [ 35.631850746999987, 33.435047716999975 ], [ 35.62946745, 33.433185557 ], [ 35.631736919, 33.427903453999988 ], [ 35.631004739, 33.424864975999981 ], [ 35.624057611000012, 33.420493661000023 ], [ 35.623023701000022, 33.412220752 ], [ 35.61873619, 33.414121335 ], [ 35.617847134999977, 33.416422784000019 ], [ 35.610673529999985, 33.413513566 ], [ 35.607547405999981, 33.40331011 ], [ 35.601768911000022, 33.396695946000023 ], [ 35.596228214, 33.394741625 ], [ 35.594823344000019, 33.385478632 ], [ 35.592419369000027, 33.381861545999982 ], [ 35.584917843000028, 33.379412149000018 ], [ 35.576813372, 33.382623183000021 ], [ 35.568047325, 33.382054330000017 ], [ 35.554281944000024, 33.375179195999976 ], [ 35.548254881999981, 33.366772417999982 ], [ 35.54980735800001, 33.360310159 ], [ 35.547053332000019, 33.357947030999981 ], [ 35.546738749999975, 33.353726032 ], [ 35.54507694, 33.351957486 ], [ 35.539394214000026, 33.350846008000019 ], [ 35.537935485, 33.35177252699998 ], [ 35.540219138999987, 33.359508846999972 ], [ 35.536410682999986, 33.368435948000013 ], [ 35.531968754, 33.365798825000013 ], [ 35.52434370200001, 33.36604180400002 ], [ 35.523787256, 33.377553918 ], [ 35.525546201999987, 33.378320598000016 ], [ 35.524075364999987, 33.388969185 ], [ 35.524579459, 33.390356414999985 ], [ 35.529023124, 33.391047578999974 ], [ 35.527175193, 33.394294022999986 ], [ 35.543262095999978, 33.419472337 ], [ 35.537687536000021, 33.42185729800002 ], [ 35.534435529, 33.420858705 ], [ 35.529007509999985, 33.421862181 ], [ 35.528760695000017, 33.423876041000028 ], [ 35.523507443000028, 33.429248798 ], [ 35.526256891, 33.434395056000028 ], [ 35.524152559000015, 33.434989703999975 ], [ 35.529994465000016, 33.437793329999977 ], [ 35.531593851000025, 33.442198941000015 ], [ 35.534828963, 33.443569104 ], [ 35.536904887999981, 33.448647511 ], [ 35.540375289999986, 33.450241450000021 ], [ 35.530944449, 33.451384646 ], [ 35.533054653000022, 33.453111659 ], [ 35.530451011000025, 33.454346746999988 ], [ 35.531142143000011, 33.455501573 ], [ 35.521338031000028, 33.459207016999983 ], [ 35.525770469, 33.466150417999984 ], [ 35.527513294000016, 33.4733539 ], [ 35.532978736000018, 33.472643268000013 ], [ 35.534159885, 33.475978188999989 ], [ 35.540045733999989, 33.478619759000026 ], [ 35.538419971999986, 33.481141066000021 ], [ 35.541193869999972, 33.483190714999978 ], [ 35.543549096999982, 33.481049622 ], [ 35.545150722000017, 33.481890169999986 ], [ 35.544596292999984, 33.485458387 ], [ 35.54728552, 33.487216046000015 ], [ 35.541223143000025, 33.487851485000022 ], [ 35.538549756, 33.486318133 ], [ 35.546224564, 33.494206518 ], [ 35.548440658, 33.500206221999974 ], [ 35.552875777, 33.505670364000025 ], [ 35.551127662999988, 33.504827464000016 ], [ 35.535788868999987, 33.509334991 ], [ 35.52950230099998, 33.503538959000025 ], [ 35.532963275999975, 33.51039139400001 ], [ 35.528269556, 33.511338740999975 ], [ 35.526753770000028, 33.509333536999975 ], [ 35.525296433999983, 33.510985194 ], [ 35.523035387, 33.509328485000026 ], [ 35.524175007999986, 33.507463497 ], [ 35.520078323, 33.503345546999981 ], [ 35.519490524, 33.499507466000011 ], [ 35.515113541, 33.495670616999973 ], [ 35.512609968, 33.495363326000017 ], [ 35.511089095999978, 33.497150960999988 ], [ 35.501011721999987, 33.496809699999972 ], [ 35.500266050999983, 33.492724740000028 ], [ 35.48357711, 33.485680409 ], [ 35.486044107999987, 33.481045381 ], [ 35.479239713000027, 33.476516028999981 ], [ 35.479977174999988, 33.475038421000022 ], [ 35.47180179999998, 33.48331878099998 ], [ 35.459199722999983, 33.490310658999988 ], [ 35.45676691, 33.487673808000011 ], [ 35.457906998, 33.485116232 ], [ 35.456957433000014, 33.484015124999985 ], [ 35.461119167999982, 33.482851025 ], [ 35.460861556999987, 33.481669712999974 ], [ 35.458277380000027, 33.481202187 ], [ 35.458779436999976, 33.478276116000018 ], [ 35.454938237000022, 33.475739665 ], [ 35.452813570999979, 33.476211154 ], [ 35.45240413, 33.477873288000012 ], [ 35.449603658, 33.477910498000028 ], [ 35.448772425000016, 33.479961147999973 ], [ 35.451035256000011, 33.481047853 ], [ 35.444959928, 33.478869029 ], [ 35.444424762999972, 33.480925441000011 ], [ 35.441027501, 33.480274353000027 ], [ 35.441238692000013, 33.482760514 ], [ 35.43144950300001, 33.488834022 ], [ 35.429514900000015, 33.487766954999984 ], [ 35.428304170999979, 33.481394215000023 ], [ 35.425424978000024, 33.479199317 ], [ 35.419746708, 33.479073604 ], [ 35.418192271, 33.476805383999988 ], [ 35.411672964, 33.477477164999982 ], [ 35.407811005999974, 33.476219452 ], [ 35.406220548000022, 33.47395415699998 ], [ 35.412052206999988, 33.471675247 ], [ 35.412935676000018, 33.468918228 ], [ 35.419045647000019, 33.469506781 ], [ 35.420835748, 33.464562075 ], [ 35.426407992, 33.463891526 ], [ 35.428262932999985, 33.461571224000011 ], [ 35.41864185999998, 33.455641693000018 ], [ 35.420065889999989, 33.449541781999983 ], [ 35.415405302000011, 33.450274383000021 ], [ 35.411669561999986, 33.453749816000027 ], [ 35.404143596999972, 33.455331182 ], [ 35.401391596999986, 33.457800985 ], [ 35.395649043999981, 33.458486219 ], [ 35.394902057000024, 33.454942392000021 ], [ 35.393278912000028, 33.454800153 ], [ 35.394783433999976, 33.452265554 ], [ 35.393508016, 33.452064537000012 ], [ 35.393968132999987, 33.447194812000021 ], [ 35.390154012999972, 33.447286513 ], [ 35.39139437, 33.444789956000022 ], [ 35.389513675999979, 33.44209258799998 ], [ 35.390217617000019, 33.438494467 ], [ 35.387245518999976, 33.435813328999984 ], [ 35.391476227, 33.431524665999973 ], [ 35.389859614999978, 33.420771777000027 ], [ 35.3941284, 33.419332184999973 ], [ 35.395716881999988, 33.41491535900002 ], [ 35.403076317, 33.410800052000013 ], [ 35.405544247000023, 33.406282143 ], [ 35.40445374, 33.403551935999985 ], [ 35.399481977, 33.40279211 ], [ 35.396232107, 33.399899134 ], [ 35.392909708, 33.401012929999979 ], [ 35.387405891000014, 33.397532448999982 ], [ 35.376214603, 33.397425546000022 ], [ 35.373831085, 33.395711549 ], [ 35.372251840999979, 33.391898208999976 ], [ 35.370359785, 33.391222630000016 ], [ 35.369794555999988, 33.384619772 ], [ 35.37750134800001, 33.377956674000018 ], [ 35.382699953999975, 33.377407995 ], [ 35.375094198, 33.375633804000017 ], [ 35.362238623999986, 33.377751718000013 ], [ 35.357917201000021, 33.382678995 ], [ 35.356296344999976, 33.382557835 ], [ 35.357380654, 33.384815589000027 ], [ 35.356271920999973, 33.386607903000026 ], [ 35.349473327, 33.388425762 ], [ 35.344694114999982, 33.392706057999987 ], [ 35.345135616999983, 33.398219639999979 ], [ 35.341747376, 33.400258372 ], [ 35.343408383, 33.401809803999981 ], [ 35.341826922999985, 33.402822435000019 ], [ 35.339032302000021, 33.401377824 ], [ 35.338736542, 33.398326641999972 ], [ 35.337729132, 33.397574796000015 ], [ 35.337535178999985, 33.398968566 ], [ 35.330629278, 33.394097916000021 ], [ 35.327702268, 33.394226941 ], [ 35.325648277000028, 33.396313763000023 ], [ 35.326298300000019, 33.399284672000022 ], [ 35.325024266000014, 33.401039842999978 ], [ 35.325273202, 33.395936275999986 ], [ 35.323604558, 33.396316421 ], [ 35.321457561999978, 33.393691287000024 ], [ 35.313517889000025, 33.389715192999972 ], [ 35.31592529, 33.387860859 ], [ 35.319717169, 33.387693534999983 ], [ 35.3176871, 33.386473360000025 ], [ 35.32105313, 33.384649146000015 ], [ 35.31248268500002, 33.382987663 ], [ 35.309150612999986, 33.379907831000025 ], [ 35.312424295000028, 33.378569626 ], [ 35.31779648600002, 33.379326014000014 ], [ 35.317903801, 33.376860345000011 ], [ 35.319648254000015, 33.376526236000018 ], [ 35.320066941999983, 33.373412329000018 ], [ 35.314865065, 33.36509288100001 ], [ 35.299546998999972, 33.369742771 ], [ 35.294786134999981, 33.368560216999981 ], [ 35.294458252000027, 33.36622766 ], [ 35.303992156, 33.367047981999974 ], [ 35.308302411999989, 33.364643597 ], [ 35.308885498999985, 33.362419779999982 ], [ 35.316262, 33.362412615999972 ], [ 35.318795318000014, 33.364546027000017 ], [ 35.323270940999976, 33.360464630000024 ], [ 35.322992576, 33.361814111 ], [ 35.327252075999979, 33.364092847999984 ], [ 35.331461682, 33.361110986000028 ], [ 35.332186818000025, 33.362159328000018 ], [ 35.338440283000011, 33.361149504000025 ], [ 35.344234589, 33.355249678 ], [ 35.347429485000021, 33.355994219000024 ], [ 35.346324046, 33.353462775000025 ], [ 35.348925242, 33.349634294999987 ], [ 35.355474849000018, 33.353117651 ], [ 35.356746148000013, 33.351750681 ], [ 35.365363173, 33.355675291000011 ], [ 35.366553263000014, 33.354199358000017 ], [ 35.363973521999981, 33.349284937 ], [ 35.365558301000021, 33.349039855 ], [ 35.365546919999986, 33.344374669 ], [ 35.362492308000014, 33.343444923 ], [ 35.363273848, 33.339730356000018 ], [ 35.358491145000016, 33.338312506000022 ], [ 35.359310648000019, 33.336496550999982 ], [ 35.357004483000026, 33.332055770000011 ], [ 35.350398408, 33.331412995999983 ], [ 35.344016516000011, 33.327332789000025 ], [ 35.341082312000026, 33.317913278 ], [ 35.343771469999979, 33.316738878000024 ], [ 35.34574620799998, 33.320622839 ], [ 35.349379903999989, 33.320554878999985 ], [ 35.350034259999973, 33.318939044999979 ], [ 35.347065749000024, 33.314269373 ], [ 35.355026426, 33.31323268 ], [ 35.357065964000014, 33.31181740400001 ], [ 35.358134027, 33.308034631999988 ], [ 35.362118074000023, 33.31086310400002 ], [ 35.366090986000017, 33.309026158 ], [ 35.368979335, 33.312547337000012 ], [ 35.372660111000016, 33.309945808 ], [ 35.374418159000015, 33.304879273999973 ], [ 35.376966708999987, 33.306242106000013 ], [ 35.385673758, 33.305508858 ], [ 35.388314734, 33.310631758 ], [ 35.390723467999976, 33.311071379999987 ], [ 35.394168163000018, 33.30817916 ], [ 35.398453473000018, 33.307422014 ], [ 35.404639696, 33.300519071 ], [ 35.408770488000016, 33.30289527399998 ], [ 35.408192605000011, 33.304906787 ], [ 35.409681288, 33.304137622999974 ], [ 35.414275766, 33.308277383000018 ], [ 35.418439461999981, 33.308936228 ], [ 35.418035971, 33.311066558999983 ], [ 35.421194131, 33.311637339000015 ], [ 35.42125938800001, 33.31561574 ], [ 35.427868262, 33.315520187 ], [ 35.431069969000021, 33.313723082000024 ], [ 35.430772418, 33.311645124999984 ], [ 35.428087301, 33.310830302999989 ], [ 35.426560844999983, 33.308163868 ], [ 35.426014624, 33.303505906999987 ], [ 35.424427209999976, 33.303053182999975 ], [ 35.424642044999985, 33.304328137000027 ], [ 35.422521975, 33.304986225 ], [ 35.418489817000022, 33.302546553000013 ], [ 35.419038565, 33.300875696999981 ], [ 35.416559525000025, 33.298913291000019 ], [ 35.416445290000013, 33.296392222 ], [ 35.41329581399998, 33.297678642 ], [ 35.412019799, 33.296661006000022 ], [ 35.414414695, 33.292250570000022 ], [ 35.410267942000019, 33.293315447999987 ], [ 35.411326584, 33.288976601 ], [ 35.414833606, 33.284703389000015 ], [ 35.41879909, 33.283501730000012 ], [ 35.419215612000016, 33.286782534999986 ], [ 35.426165314, 33.284528597000019 ], [ 35.426362055000027, 33.28565289300002 ], [ 35.430366188999983, 33.285678175999976 ], [ 35.431117729999983, 33.283629738 ], [ 35.429821162999986, 33.278658323 ], [ 35.427479077999976, 33.276889695000023 ], [ 35.429201181, 33.272258317000023 ], [ 35.426148542000021, 33.272069612999985 ], [ 35.425260047999984, 33.268064040000013 ], [ 35.420108382000024, 33.271366783000019 ], [ 35.416676433000021, 33.270774236000022 ], [ 35.416069390000018, 33.269316275999984 ], [ 35.421058936, 33.265737168999976 ], [ 35.410789485, 33.259580228 ], [ 35.415678438999976, 33.248333882999987 ], [ 35.416553083999986, 33.242489063999983 ], [ 35.407891791, 33.237351247999982 ], [ 35.404099617999975, 33.242005697000025 ], [ 35.399794805999989, 33.242575099000021 ], [ 35.395388743000012, 33.249760283 ], [ 35.387812087999976, 33.242435151999985 ], [ 35.385452167999972, 33.226922251000019 ], [ 35.376898939, 33.225330432000021 ], [ 35.368615513, 33.22687154800002 ], [ 35.360644921000016, 33.222600659000022 ], [ 35.357783396, 33.218651916 ], [ 35.361454103000028, 33.214526648 ], [ 35.365790370000013, 33.214918822000016 ], [ 35.37661006899998, 33.211180829999989 ], [ 35.379847091999977, 33.207806914 ], [ 35.379152660999978, 33.206680618 ], [ 35.374088192999977, 33.205047476 ], [ 35.371562542, 33.208260005 ], [ 35.370727500999976, 33.205484434000027 ], [ 35.364483523999979, 33.206238685000017 ], [ 35.363773749000018, 33.198949108000022 ], [ 35.354565923, 33.197747189999973 ], [ 35.342472736, 33.199959765000017 ], [ 35.342602434000014, 33.197272344 ], [ 35.348877426, 33.193580333999989 ], [ 35.349080641, 33.189294849000021 ], [ 35.346208935, 33.184623742999975 ], [ 35.332912906, 33.171423764 ], [ 35.329880103999983, 33.171151855 ], [ 35.324902375000022, 33.174936794000018 ], [ 35.314614506, 33.178756954 ], [ 35.313085888999979, 33.178054853 ], [ 35.315451371999984, 33.171065500999987 ], [ 35.322739037000019, 33.165301613 ], [ 35.317786072, 33.162610334000021 ], [ 35.310830615999976, 33.161712681999973 ], [ 35.310303590999979, 33.155395408 ], [ 35.302635603999988, 33.144406872 ], [ 35.298920872999986, 33.12898151600001 ], [ 35.303388297000026, 33.11124378300002 ], [ 35.296322112999974, 33.107038424999985 ], [ 35.294639177000022, 33.108060943999988 ], [ 35.288082061000011, 33.105795259 ], [ 35.281358907000026, 33.101212149999981 ], [ 35.269564483000011, 33.099992312999973 ], [ 35.237908049999987, 33.092131097999982 ], [ 35.230455909, 33.094276546 ], [ 35.226556857999981, 33.098531679000018 ], [ 35.211794261000023, 33.09980224100002 ], [ 35.206779080999979, 33.094272443000023 ], [ 35.20849820799998, 33.090838211 ], [ 35.206860332000019, 33.088332200000025 ], [ 35.19311350800001, 33.085137227000018 ], [ 35.190101077, 33.089249527 ], [ 35.185689551, 33.089499519000015 ], [ 35.178009439, 33.093871192 ], [ 35.172002233, 33.093318717999978 ], [ 35.170050193, 33.091164430999982 ], [ 35.15537064, 33.08591508 ], [ 35.155823482000017, 33.091449867999984 ], [ 35.135116402999984, 33.091070474 ], [ 35.103779181999982, 33.094083352999974 ], [ 35.106985775999988, 33.104796381000028 ], [ 35.112865014000022, 33.113030413999979 ], [ 35.130332071999987, 33.120583425 ], [ 35.135712952, 33.125204165000014 ], [ 35.142858319000027, 33.126183468000022 ], [ 35.142867815999978, 33.128009003999978 ], [ 35.144917847999977, 33.126577042 ], [ 35.146461613999975, 33.12994784 ], [ 35.150163453, 33.13210344700002 ], [ 35.155112541, 33.144056606 ], [ 35.158016393000025, 33.14488077599998 ], [ 35.159149257000024, 33.152413968000019 ], [ 35.164919979, 33.158879363999972 ], [ 35.166829388, 33.164080362 ], [ 35.179534131000025, 33.165431604999981 ], [ 35.18714882, 33.171713231000012 ], [ 35.191749849000018, 33.179384158 ], [ 35.195899450000013, 33.197081264000019 ], [ 35.203336799999988, 33.200423527 ], [ 35.206063175999986, 33.207129844 ], [ 35.21156709600001, 33.229861802000016 ], [ 35.212425237, 33.243180833999986 ], [ 35.211742400999981, 33.253406058 ], [ 35.208777753999982, 33.260607984999979 ], [ 35.207036405, 33.262080441000023 ], [ 35.206098164000025, 33.260989911000024 ], [ 35.205653313000028, 33.263988784999981 ], [ 35.204656422000028, 33.262968791 ], [ 35.200767836000011, 33.267349973000023 ], [ 35.190808498000024, 33.26694769300002 ], [ 35.191820598999982, 33.26955264999998 ], [ 35.190321007000023, 33.271554290999973 ], [ 35.192081170999984, 33.274962394 ], [ 35.190284924000025, 33.275216600000022 ], [ 35.193637192999972, 33.276338611000028 ], [ 35.198126926999976, 33.275177813000028 ], [ 35.194886689999976, 33.275239315000022 ], [ 35.19980762, 33.272749901999987 ], [ 35.204336250999972, 33.273415264999983 ], [ 35.209461637, 33.27633416499998 ], [ 35.217799397000022, 33.287124998000024 ], [ 35.218006354000011, 33.293607588999976 ], [ 35.223115176000022, 33.309757874000013 ], [ 35.225912560999973, 33.311549287 ], [ 35.227832574999979, 33.310914802000013 ], [ 35.229028789999973, 33.313095533000023 ], [ 35.227298621999978, 33.314091193000024 ], [ 35.230165020000015, 33.314260951 ], [ 35.233001294000019, 33.317367865999984 ], [ 35.232950304999974, 33.323401870999987 ], [ 35.236792283999989, 33.324364096000011 ], [ 35.241024144, 33.327946073000021 ], [ 35.24350747699998, 33.334420774000023 ], [ 35.244988721000027, 33.334303436000027 ], [ 35.244433257000026, 33.335744588000011 ], [ 35.243753465999987, 33.334893930000021 ], [ 35.245317748, 33.345100791999982 ], [ 35.244572853000022, 33.345326531000012 ], [ 35.244278071, 33.345750935000012 ], [ 35.245600223, 33.34575003499998 ], [ 35.247485513000015, 33.352870396000014 ], [ 35.247052708000012, 33.360021968000012 ], [ 35.250837655, 33.37027774500001 ], [ 35.249990234, 33.376372090000018 ], [ 35.251449379, 33.382363503000022 ], [ 35.253838340000016, 33.382381036000027 ], [ 35.255105446000016, 33.385791778 ], [ 35.253412458000014, 33.389843115000019 ], [ 35.256658290000018, 33.398394998000015 ], [ 35.262007359999984, 33.404167138 ], [ 35.261265918, 33.405395194999983 ], [ 35.26683488499998, 33.412674483999979 ], [ 35.264953110000022, 33.41514773199998 ], [ 35.267849852999973, 33.426413788 ], [ 35.272644921, 33.433416777 ], [ 35.274451043, 33.441036700999973 ], [ 35.277031152, 33.443204787000013 ], [ 35.276738337999973, 33.445872627000028 ], [ 35.28221586, 33.451813053000024 ], [ 35.288466594999989, 33.462873549999983 ], [ 35.292358777, 33.463226229999975 ], [ 35.294646952999983, 33.465150366999978 ], [ 35.300134902000025, 33.464861768 ], [ 35.303761705999989, 33.46855044199998 ], [ 35.303481721000026, 33.470717420000028 ], [ 35.305491432, 33.472398038 ], [ 35.303897995, 33.469984587999988 ], [ 35.31437371200002, 33.473072869000021 ], [ 35.317253301, 33.478872482999975 ], [ 35.320403875000011, 33.480500428000028 ], [ 35.325036606000026, 33.487451057999976 ], [ 35.329718868999976, 33.490560045 ], [ 35.330565021999973, 33.493043957999987 ], [ 35.334107269000015, 33.493854060999979 ], [ 35.336223083, 33.500669259 ], [ 35.342920285, 33.505378380000025 ], [ 35.340579332, 33.507024463 ], [ 35.341240809999988, 33.507745872999976 ], [ 35.342443047000017, 33.508141406999982 ], [ 35.341132903000016, 33.507009558 ], [ 35.343781004, 33.505869702999973 ], [ 35.351241319999986, 33.511139075000017 ], [ 35.355561109, 33.517544838999981 ], [ 35.359208895, 33.527194569000017 ], [ 35.364099452, 33.546776994000027 ], [ 35.364222637000012, 33.55539051300002 ], [ 35.368260623000026, 33.557722838000018 ], [ 35.366084881, 33.562791530000027 ], [ 35.366858249000018, 33.566121547000023 ], [ 35.368421364000028, 33.565803134000021 ], [ 35.370045176000019, 33.567918422 ], [ 35.368195203000028, 33.56417761199998 ], [ 35.371114428999988, 33.566240943000025 ], [ 35.370589384000027, 33.567239303 ], [ 35.37406775, 33.566607965 ], [ 35.38118341500001, 33.576419 ], [ 35.38326390200001, 33.582087461000015 ], [ 35.381720084, 33.582303930000023 ], [ 35.383352095000021, 33.584503865999977 ], [ 35.382190977999983, 33.584806887000013 ], [ 35.385821744999987, 33.589212389000011 ], [ 35.398593741000013, 33.587046038999972 ], [ 35.404232078, 33.584545638 ], [ 35.405996124000012, 33.581440972999985 ], [ 35.410506344999988, 33.583776895000028 ], [ 35.412204894000013, 33.581169983 ], [ 35.423527563999983, 33.581012265000027 ], [ 35.424358777, 33.579805043000022 ], [ 35.422805241999981, 33.579262981 ], [ 35.425072709, 33.57772543599998 ], [ 35.431520283999987, 33.57630403600001 ], [ 35.432131561, 33.575300724999977 ], [ 35.429064184000026, 33.574192607999976 ], [ 35.430559010000025, 33.572489940000025 ], [ 35.433049847, 33.57300362 ], [ 35.434872149, 33.570392588 ], [ 35.440161838, 33.572064389 ], [ 35.438863401999981, 33.573592985 ], [ 35.439843060999976, 33.574663147000024 ], [ 35.445702993, 33.571047341999986 ], [ 35.444935819000023, 33.572944142999972 ], [ 35.446480052000027, 33.574442109000017 ], [ 35.451779812999973, 33.566698739 ], [ 35.456891596999981, 33.569014152000022 ], [ 35.45970377499998, 33.564868452999974 ], [ 35.46603372300001, 33.564593781999974 ], [ 35.471147158, 33.568473182999981 ], [ 35.47313214899998, 33.563045015 ], [ 35.475936865, 33.566205473000025 ], [ 35.477006556, 33.574426368 ], [ 35.478491639000026, 33.571731829999976 ], [ 35.481636938, 33.573056485999984 ], [ 35.483806427, 33.571078484999987 ], [ 35.487476104999985, 33.573719429999983 ], [ 35.49786279, 33.573174779 ], [ 35.504390597999986, 33.575946104000025 ], [ 35.508071062, 33.575165588 ], [ 35.517973632, 33.581855581000013 ], [ 35.523271892000025, 33.581811716 ], [ 35.525542799999982, 33.579920464999987 ], [ 35.532173582999974, 33.581439691000014 ], [ 35.53433779400001, 33.579630668999982 ], [ 35.54779520400001, 33.587313483 ], [ 35.547514327999977, 33.590263527 ], [ 35.553528444, 33.589707686999986 ], [ 35.555306409000025, 33.594924742999979 ], [ 35.558043880000014, 33.594078834000015 ], [ 35.561492247999979, 33.59735626600002 ], [ 35.563164783, 33.596221969 ], [ 35.565855288000023, 33.597832504999985 ], [ 35.56705085599998, 33.596377854000025 ] ] ] } },
{ "type": "Feature", "properties": { "adm1_name": "Keserwan-Jbeil", "adm1_name1": "كسروان - جبيل", "adm1_pcode": "LB9", "center_lat": 34.12477919, "center_lon": 35.82897274 }, "geometry": { "type": "Polygon", "coordinates": [ [ [ 35.965231495000012, 34.042433150000022 ], [ 35.950742720999983, 34.02651461 ], [ 35.943167121999977, 34.014090020000026 ], [ 35.928487252000025, 34.009317872999986 ], [ 35.926100728999984, 34.007118135999974 ], [ 35.922707560999982, 34.008988686 ], [ 35.91462938, 34.002210193999986 ], [ 35.902157292000027, 33.986175931999981 ], [ 35.90102291300002, 33.974573642999985 ], [ 35.901970531000018, 33.966327235 ], [ 35.878202402, 33.949557616 ], [ 35.833308478, 33.967931368999984 ], [ 35.828127683, 33.976662300999976 ], [ 35.820770841000012, 33.979559500999983 ], [ 35.809627846000012, 33.980692698999974 ], [ 35.797683929000016, 33.980246599 ], [ 35.796002949000012, 33.977752216 ], [ 35.798155685999973, 33.975390547000018 ], [ 35.807053568000015, 33.972289043999979 ], [ 35.804402965, 33.968794189999983 ], [ 35.794255344000021, 33.96980005 ], [ 35.789402387, 33.965964566000025 ], [ 35.783930360999989, 33.965353333 ], [ 35.782267102, 33.96551754 ], [ 35.783218749000014, 33.966644222000014 ], [ 35.776459548999981, 33.965181245999986 ], [ 35.773403848999976, 33.966404291 ], [ 35.774354335999988, 33.960324935000017 ], [ 35.776791318999983, 33.960565990000021 ], [ 35.773197169000014, 33.955754117000026 ], [ 35.771234619999973, 33.956196708999983 ], [ 35.771470576000013, 33.954645074999974 ], [ 35.767855697000016, 33.956522091000011 ], [ 35.766681867999978, 33.9534231 ], [ 35.762400352999975, 33.954359484 ], [ 35.764457299000014, 33.957848684999988 ], [ 35.758975771999985, 33.957401496999978 ], [ 35.754818899999975, 33.961810112000023 ], [ 35.744747221000011, 33.96098062599998 ], [ 35.742444255, 33.959387097 ], [ 35.739825212000028, 33.959867304 ], [ 35.739683533, 33.96155231900002 ], [ 35.728582334, 33.957179205999978 ], [ 35.726087897000014, 33.954674959999977 ], [ 35.711967777999973, 33.953634640000018 ], [ 35.709224859000017, 33.950092292000022 ], [ 35.705277630000012, 33.948230942 ], [ 35.701578112, 33.94900773 ], [ 35.689829992, 33.947002657999974 ], [ 35.685084264000011, 33.942938466999976 ], [ 35.670481540000026, 33.942496323 ], [ 35.664730790000021, 33.940391283999986 ], [ 35.639456912000014, 33.943289943000025 ], [ 35.628683005000028, 33.946793179 ], [ 35.622966829, 33.94505037 ], [ 35.61766309, 33.947320054999977 ], [ 35.612509661999979, 33.944681682 ], [ 35.605557122, 33.948629434999987 ], [ 35.606366002000016, 33.951143651 ], [ 35.603425916, 33.954561878999982 ], [ 35.599624055999982, 33.955155397999988 ], [ 35.595544389999986, 33.958293508 ], [ 35.599637857, 33.960785171 ], [ 35.599822021000023, 33.962329590000024 ], [ 35.598104873000011, 33.962865506000014 ], [ 35.597989508000012, 33.964375599 ], [ 35.59899765900002, 33.963268868 ], [ 35.600633644000027, 33.964333579000026 ], [ 35.600221711000017, 33.967401052000014 ], [ 35.601907057, 33.968406417999972 ], [ 35.600497118000021, 33.970348468 ], [ 35.600179573, 33.972336085999984 ], [ 35.600940886999979, 33.970384863 ], [ 35.602551947999984, 33.970347823 ], [ 35.601493493000021, 33.971554062 ], [ 35.606091757, 33.972911497999974 ], [ 35.609629567000013, 33.976165734 ], [ 35.607906086000014, 33.978163424 ], [ 35.610525812999981, 33.978160855999988 ], [ 35.610066446000019, 33.980046411999979 ], [ 35.612045866000017, 33.980795537 ], [ 35.610247303999984, 33.981771014 ], [ 35.613820483999973, 33.983914398000024 ], [ 35.614117852999982, 33.987572656999987 ], [ 35.617248932, 33.988438305999978 ], [ 35.614532235000013, 33.987298254 ], [ 35.614909510000018, 33.986482716000012 ], [ 35.618553178000013, 33.988727160999986 ], [ 35.623143788999982, 33.987570914 ], [ 35.619555613999978, 33.987900344000025 ], [ 35.619003879, 33.986671209 ], [ 35.62120614600002, 33.985941619000016 ], [ 35.626489591, 33.986606444000017 ], [ 35.623333054, 33.985371155999985 ], [ 35.626054343000021, 33.985625335 ], [ 35.627718373999983, 33.984538502000021 ], [ 35.625795616, 33.983969699999989 ], [ 35.626691268, 33.983088607000013 ], [ 35.63206378000001, 33.984674435999978 ], [ 35.637530971999979, 33.989219876 ], [ 35.638124006999988, 33.993243136999979 ], [ 35.64217054300002, 33.996536239000022 ], [ 35.641551816, 33.997438102999979 ], [ 35.642053411, 33.998137239000016 ], [ 35.642873865000013, 33.997241864999978 ], [ 35.642754336, 34.000318639 ], [ 35.644619523000017, 34.003017484 ], [ 35.642951428, 34.011835712999982 ], [ 35.633871967, 34.013020751999989 ], [ 35.633670021, 34.015305468 ], [ 35.626203251, 34.015519801999972 ], [ 35.623460514999977, 34.017915089999974 ], [ 35.622000658, 34.023430943 ], [ 35.62377994000002, 34.029571940999972 ], [ 35.627748239000027, 34.030344023 ], [ 35.624042047999978, 34.032176929 ], [ 35.625013393000017, 34.037941874000012 ], [ 35.634379733, 34.049939788000017 ], [ 35.633432930000026, 34.051382115000024 ], [ 35.635163780000028, 34.050857704 ], [ 35.63409657, 34.052584707999983 ], [ 35.635326271999986, 34.054153224 ], [ 35.642745256000012, 34.059602391999988 ], [ 35.641675862, 34.060016959999984 ], [ 35.642062093999982, 34.070689577 ], [ 35.649458154, 34.085954249999986 ], [ 35.647792147000018, 34.093613042000015 ], [ 35.649104349000027, 34.091786029 ], [ 35.651025092, 34.095134923999979 ], [ 35.650809319000018, 34.097303631999978 ], [ 35.648776456, 34.098540125 ], [ 35.650885038000013, 34.100669504999985 ], [ 35.648314113000026, 34.11492456000002 ], [ 35.645318261999989, 34.115603857999986 ], [ 35.646338231000016, 34.116530061 ], [ 35.644070871, 34.117362265 ], [ 35.644283821999977, 34.119669150999982 ], [ 35.642027526999982, 34.11994959499998 ], [ 35.643529587999979, 34.122032551000018 ], [ 35.641130972999974, 34.121840142999986 ], [ 35.643478163, 34.124574898 ], [ 35.640226579, 34.131247879 ], [ 35.642532244999984, 34.134655706 ], [ 35.628671617, 34.141603922 ], [ 35.626570717, 34.146499183 ], [ 35.626598149000017, 34.149826772999972 ], [ 35.628819416999988, 34.153630385999975 ], [ 35.628689668, 34.151931202000014 ], [ 35.630555816000026, 34.152938947 ], [ 35.630855322, 34.157954614 ], [ 35.633448500999975, 34.161713909000014 ], [ 35.631500571, 34.164175445000012 ], [ 35.630026790999977, 34.175203681000028 ], [ 35.632286237000017, 34.177049262000025 ], [ 35.63144087400002, 34.179781677 ], [ 35.633192505000011, 34.181190534999985 ], [ 35.632374664, 34.183279014999982 ], [ 35.634836597, 34.187179603 ], [ 35.631790435000028, 34.191908626999975 ], [ 35.636292132, 34.197849917999974 ], [ 35.63575159200002, 34.200335225 ], [ 35.638369665000027, 34.204681285 ], [ 35.647994132, 34.210661131999984 ], [ 35.668795874000011, 34.208744895 ], [ 35.671502627, 34.210406187 ], [ 35.675032796999972, 34.209238305999975 ], [ 35.67586632299998, 34.210725957000022 ], [ 35.680785198000024, 34.210611773999972 ], [ 35.680013648999989, 34.205084035000027 ], [ 35.694380130000013, 34.192423661000021 ], [ 35.702968915999975, 34.194237284999986 ], [ 35.716881726, 34.194183297 ], [ 35.73254025, 34.183363314000019 ], [ 35.744784157000026, 34.181835165 ], [ 35.746031174999985, 34.181800113 ], [ 35.74766239600001, 34.185534239 ], [ 35.748946164000017, 34.184316417 ], [ 35.757507616999987, 34.184251214000028 ], [ 35.758176188999983, 34.186060828 ], [ 35.761617791, 34.187115515000016 ], [ 35.763410879999981, 34.192510364999976 ], [ 35.768637367999986, 34.192330535 ], [ 35.773042410000016, 34.196899374 ], [ 35.781215594, 34.193520501000023 ], [ 35.788351479000028, 34.193243837000011 ], [ 35.790505350999979, 34.189334314 ], [ 35.792888931, 34.188532131999978 ], [ 35.790282307999973, 34.185218269000018 ], [ 35.791987887, 34.183952821 ], [ 35.791900064, 34.181583163000028 ], [ 35.793329506000021, 34.18145623700002 ], [ 35.811285134, 34.181869624 ], [ 35.808771977999982, 34.185571051000011 ], [ 35.808951502000014, 34.189074182000013 ], [ 35.810112791999984, 34.189075577999972 ], [ 35.807986788, 34.194220436000023 ], [ 35.812911827999983, 34.193810964000022 ], [ 35.814696235999975, 34.191056049 ], [ 35.820618680999985, 34.187852415 ], [ 35.82355603100001, 34.189603926000018 ], [ 35.838706081999987, 34.191157261 ], [ 35.8379602, 34.18928543200002 ], [ 35.839906702, 34.187010601999987 ], [ 35.85272914799998, 34.181552006 ], [ 35.860151289999976, 34.175992377 ], [ 35.866394029999981, 34.175433055999974 ], [ 35.867129557999988, 34.171515135999982 ], [ 35.864847311, 34.164970516999972 ], [ 35.868071502000021, 34.164372694 ], [ 35.866571669, 34.159152135999989 ], [ 35.88074102500002, 34.155490247999978 ], [ 35.879485158000023, 34.152167513 ], [ 35.886626477999982, 34.15228822 ], [ 35.888583045000019, 34.1536142 ], [ 35.889664455, 34.151795263999986 ], [ 35.895408423, 34.154291764999982 ], [ 35.900872478999986, 34.152474102999975 ], [ 35.909892529999979, 34.156638080999983 ], [ 35.922809797000014, 34.155166634000011 ], [ 35.927022589999979, 34.156028751 ], [ 35.92807688, 34.157725616 ], [ 35.93244633, 34.156476511 ], [ 35.938110349, 34.165186845999983 ], [ 35.950633024000012, 34.166417663 ], [ 35.955796694000014, 34.163749825000025 ], [ 35.960133742999972, 34.159146812000017 ], [ 35.964498817999981, 34.161693653999976 ], [ 35.969961295000019, 34.158662209999989 ], [ 35.976900295, 34.157541816 ], [ 35.979868555999985, 34.153986971 ], [ 35.987480243, 34.154131947 ], [ 35.990964114, 34.151532958000018 ], [ 36.010073447000025, 34.146437521999985 ], [ 36.014056112999981, 34.140075113000023 ], [ 36.012720308999974, 34.135488453999983 ], [ 36.014921883999989, 34.126553591 ], [ 36.005783811000015, 34.110196439 ], [ 36.004308948000016, 34.098099287000025 ], [ 36.002052944000013, 34.092828610000026 ], [ 36.003049901, 34.087855354999988 ], [ 35.994249317000026, 34.088077601 ], [ 35.984294546, 34.085950949999983 ], [ 35.974585190000028, 34.047739213 ], [ 35.968091410999989, 34.038514954 ], [ 35.965231495000012, 34.042433150000022 ] ] ] } }
]
}
